time,Setpoint,Plant__PI_,Plant__PD_,PI_Controller,PD_Controller
0,0,0,0,0,0
0.01,0,0,0,0,0
0.02,0,0,0,0,0
0.03,0,0,0,0,0
0.04,0,0,0,0,0
0.05,0,0,0,0,0
0.06,0,0,0,0,0
0.07,0,0,0,0,0
0.08,0,0,0,0,0
0.09,0,0,0,0,0
0.1,0,0,0,0,0
0.11,0,0,0,0,0
0.12,0,0,0,0,0
0.13,0,0,0,0,0
0.14,0,0,0,0,0
0.15,0,0,0,0,0
0.16,0,0,0,0,0
0.17,0,0,0,0,0
0.18,0,0,0,0,0
0.19,0,0,0,0,0
0.2,0,0,0,0,0
0.21,0,0,0,0,0
0.22,0,0,0,0,0
0.23,0,0,0,0,0
0.24,0,0,0,0,0
0.25,0,0,0,0,0
0.26,0,0,0,0,0
0.27,0,0,0,0,0
0.28,0,0,0,0,0
0.29,0,0,0,0,0
0.3,0,0,0,0,0
0.31,0,0,0,0,0
0.32,0,0,0,0,0
0.33,0,0,0,0,0
0.34,0,0,0,0,0
0.35,0,0,0,0,0
0.36,0,0,0,0,0
0.37,0,0,0,0,0
0.38,0,0,0,0,0
0.39,0,0,0,0,0
0.4,0,0,0,0,0
0.41,0,0,0,0,0
0.42,0,0,0,0,0
0.43,0,0,0,0,0
0.44,0,0,0,0,0
0.45,0,0,0,0,0
0.46,0,0,0,0,0
0.47,0,0,0,0,0
0.48,0,0,0,0,0
0.49,0,0,0,0,0
0.5,0,0,0,0,0
0.51,0,0,0,0,0
0.52,0,0,0,0,0
0.53,0,0,0,0,0
0.54,0,0,0,0,0
0.55,0,0,0,0,0
0.56,0,0,0,0,0
0.57,0,0,0,0,0
0.58,0,0,0,0,0
0.59,0,0,0,0,0
0.6,0,0,0,0,0
0.61,0,0,0,0,0
0.62,0,0,0,0,0
0.63,0,0,0,0,0
0.64,0,0,0,0,0
0.65,0,0,0,0,0
0.66,0,0,0,0,0
0.67,0,0,0,0,0
0.68,0,0,0,0,0
0.69,0,0,0,0,0
0.7,0,0,0,0,0
0.71,0,0,0,0,0
0.72,0,0,0,0,0
0.73,0,0,0,0,0
0.74,0,0,0,0,0
0.75,0,0,0,0,0
0.76,0,0,0,0,0
0.77,0,0,0,0,0
0.78,0,0,0,0,0
0.79,0,0,0,0,0
0.8,0,0,0,0,0
0.81,0,0,0,0,0
0.82,0,0,0,0,0
0.83,0,0,0,0,0
0.84,0,0,0,0,0
0.85,0,0,0,0,0
0.86,0,0,0,0,0
0.87,0,0,0,0,0
0.88,0,0,0,0,0
0.89,0,0,0,0,0
0.9,0,0,0,0,0
0.91,0,0,0,0,0
0.92,0,0,0,0,0
0.93,0,0,0,0,0
0.94,0,0,0,0,0
0.95,0,0,0,0,0
0.96,0,0,0,0,0
0.97,0,0,0,0,0
0.98,0,0,0,0,0
0.99,0,0,0,0,0
1,0,0,0,0,0
1.01,1,0,0,2,105
1.02,1,0.0230693,1.21114,1.9734,31.6837
1.03,1,0.0419442,0.932215,1.93461,-34.3448
1.04,1,0.0601796,1.26112,1.89741,-2.80059
1.05,1,0.0776875,0.709529,1.86169,2.17931
1.06,1,0.0944984,1.16553,1.82739,12.5732
1.07,1,0.11064,0.798886,1.79445,-4.8864
1.08,1,0.126139,1.17192,1.76283,5.72846
1.09,1,0.141022,0.808554,1.73246,-2.95767
1.1,1,0.155311,1.13878,1.7033,7.13406
1.11,1,0.169032,0.83087,1.67531,-2.38644
1.12,1,0.182207,1.12345,1.64842,5.96844
1.13,1,0.194858,0.848831,1.62261,-1.96064
1.14,1,0.207004,1.10554,1.59783,5.6398
1.15,1,0.218668,0.8644,1.57403,-1.44151
1.16,1,0.229867,1.09103,1.55118,5.16765
1.17,1,0.24062,0.87841,1.52924,-1.05813
1.18,1,0.250945,1.07791,1.50817,4.79297
1.19,1,0.260859,0.89061,1.48794,-0.691246
1.2,1,0.270378,1.06643,1.46852,4.4556
1.21,1,0.279519,0.901414,1.44987,-0.377878
1.22,1,0.288296,1.0563,1.43196,4.15882
1.23,1,0.296723,0.910915,1.41477,-0.0987828
1.24,1,0.304815,1.04738,1.39826,3.89772
1.25,1,0.312584,0.91929,1.3824,0.146286
1.26,1,0.320045,1.03952,1.36718,3.66743
1.27,1,0.327208,0.926668,1.35256,0.3624
1.28,1,0.334087,1.0326,1.33853,3.46465
1.29,1,0.340691,0.933168,1.32505,0.552765
1.3,1,0.347033,1.02649,1.31211,3.28595
1.31,1,0.353122,0.938895,1.29969,0.720487
1.32,1,0.358969,1.02112,1.28776,3.12852
1.33,1,0.364583,0.943941,1.27631,0.868258
1.34,1,0.369973,1.01638,1.26531,2.98982
1.35,1,0.375149,0.948386,1.25475,0.998447
1.36,1,0.380119,1.01221,1.24461,2.86762
1.37,1,0.384891,0.952303,1.23487,1.11315
1.38,1,0.389473,1.00853,1.22552,2.75996
1.39,1,0.393873,0.955753,1.21654,1.21421
1.4,1,0.398098,1.0053,1.20792,2.6651
1.41,1,0.402154,0.958794,1.19965,1.30324
1.42,1,0.406049,1.00244,1.1917,2.58153
1.43,1,0.409789,0.961472,1.18407,1.38168
1.44,1,0.41338,0.999927,1.17674,2.5079
1.45,1,0.416828,0.963832,1.1697,1.45079
1.46,1,0.420139,0.997712,1.16295,2.44303
1.47,1,0.423318,0.965911,1.15646,1.51168
1.48,1,0.42637,0.995761,1.15023,2.38588
1.49,1,0.429301,0.967743,1.14425,1.56533
1.5,1,0.432116,0.994042,1.13851,2.33553
1.51,1,0.434818,0.969357,1.133,1.61259
1.52,1,0.437412,0.992527,1.1277,2.29116
1.53,1,0.439904,0.970778,1.12262,1.65423
1.54,1,0.442296,0.991192,1.11774,2.25208
1.55,1,0.444593,0.972031,1.11305,1.69092
1.56,1,0.446799,0.990016,1.10855,2.21764
1.57,1,0.448917,0.973135,1.10423,1.72324
1.58,1,0.45095,0.98898,1.10008,2.1873
1.59,1,0.452903,0.974107,1.0961,1.75172
1.6,1,0.454777,0.988068,1.09227,2.16057
1.61,1,0.456577,0.974964,1.0886,1.77681
1.62,1,0.458306,0.987264,1.08507,2.13702
1.63,1,0.459966,0.975719,1.08169,1.79891
1.64,1,0.461559,0.986555,1.07843,2.11627
1.65,1,0.46309,0.976384,1.07531,1.81839
1.66,1,0.464559,0.985931,1.07231,2.09799
1.67,1,0.46597,0.97697,1.06944,1.83555
1.68,1,0.467324,0.985381,1.06667,2.08189
1.69,1,0.468625,0.977486,1.06402,1.85066
1.7,1,0.469874,0.984897,1.06147,2.0677
1.71,1,0.471073,0.97794,1.05902,1.86398
1.72,1,0.472225,0.98447,1.05667,2.0552
1.73,1,0.47333,0.978341,1.05442,1.87572
1.74,1,0.474392,0.984094,1.05225,2.04419
1.75,1,0.475411,0.978694,1.05017,1.88605
1.76,1,0.47639,0.983762,1.04817,2.03448
1.77,1,0.47733,0.979005,1.04626,1.89516
1.78,1,0.478232,0.98347,1.04441,2.02593
1.79,1,0.479099,0.979279,1.04265,1.90319
1.8,1,0.479931,0.983213,1.04095,2.0184
1.81,1,0.48073,0.979521,1.03932,1.91026
1.82,1,0.481497,0.982987,1.03775,2.01176
1.83,1,0.482233,0.979733,1.03625,1.91649
1.84,1,0.482941,0.982787,1.03481,2.00592
1.85,1,0.48362,0.979921,1.03342,1.92197
1.86,1,0.484272,0.982611,1.03209,2.00077
1.87,1,0.484898,0.980086,1.03081,1.92681
1.88,1,0.485499,0.982456,1.02959,1.99623
1.89,1,0.486076,0.980231,1.02841,1.93107
1.9,1,0.486631,0.98232,1.02728,1.99223
1.91,1,0.487163,0.980359,1.02619,1.93482
1.92,1,0.487674,0.982199,1.02515,1.98871
1.93,1,0.488164,0.980472,1.02415,1.93813
1.94,1,0.488636,0.982093,1.02319,1.9856
1.95,1,0.489088,0.980572,1.02226,1.94104
1.96,1,0.489522,0.982,1.02138,1.98287
1.97,1,0.489939,0.980659,1.02053,1.94361
1.98,1,0.49034,0.981918,1.01971,1.98046
1.99,1,0.490724,0.980737,1.01893,1.94587
2,1,0.491094,0.981845,1.01817,1.97834
2.01,1,0.491448,0.980805,1.01745,1.94786
2.02,1,0.491789,0.981781,1.01675,1.97647
2.03,1,0.492115,0.980865,1.01609,1.94962
2.04,1,0.492429,0.981725,1.01545,1.97482
2.05,1,0.492731,0.980917,1.01483,1.95116
2.06,1,0.49302,0.981675,1.01424,1.97337
2.07,1,0.493298,0.980964,1.01367,1.95253
2.08,1,0.493565,0.981632,1.01313,1.97209
2.09,1,0.493821,0.981005,1.01261,1.95373
2.1,1,0.494067,0.981593,1.01211,1.97096
2.11,1,0.494303,0.981041,1.01162,1.95478
2.12,1,0.49453,0.981559,1.01116,1.96997
2.13,1,0.494748,0.981073,1.01072,1.95572
2.14,1,0.494957,0.98153,1.01029,1.96909
2.15,1,0.495157,0.981101,1.00988,1.95654
2.16,1,0.49535,0.981503,1.00949,1.96832
2.17,1,0.495535,0.981126,1.00911,1.95726
2.18,1,0.495713,0.98148,1.00875,1.96764
2.19,1,0.495884,0.981147,1.0084,1.9579
2.2,1,0.496048,0.98146,1.00806,1.96705
2.21,1,0.496205,0.981166,1.00774,1.95846
2.22,1,0.496356,0.981442,1.00744,1.96652
2.23,1,0.496501,0.981183,1.00714,1.95895
2.24,1,0.49664,0.981426,1.00686,1.96606
2.25,1,0.496774,0.981198,1.00658,1.95939
2.26,1,0.496902,0.981412,1.00632,1.96565
2.27,1,0.497026,0.981211,1.00607,1.95977
2.28,1,0.497144,0.9814,1.00583,1.96529
2.29,1,0.497258,0.981223,1.0056,1.96011
2.3,1,0.497367,0.981389,1.00537,1.96497
2.31,1,0.497472,0.981233,1.00516,1.96041
2.32,1,0.497572,0.981379,1.00495,1.96469
2.33,1,0.497669,0.981242,1.00476,1.96067
2.34,1,0.497762,0.981371,1.00457,1.96444
2.35,1,0.497851,0.98125,1.00438,1.9609
2.36,1,0.497936,0.981363,1.00421,1.96422
2.37,1,0.498019,0.981257,1.00404,1.96111
2.38,1,0.498097,0.981357,1.00388,1.96403
2.39,1,0.498173,0.981263,1.00373,1.96129
2.4,1,0.498246,0.981351,1.00358,1.96387
2.41,1,0.498316,0.981268,1.00344,1.96145
2.42,1,0.498383,0.981346,1.0033,1.96372
2.43,1,0.498447,0.981273,1.00317,1.96158
2.44,1,0.498509,0.981341,1.00304,1.96359
2.45,1,0.498568,0.981277,1.00292,1.96171
2.46,1,0.498625,0.981338,1.0028,1.96347
2.47,1,0.49868,0.981281,1.00269,1.96182
2.48,1,0.498733,0.981334,1.00259,1.96337
2.49,1,0.498783,0.981284,1.00248,1.96191
2.5,1,0.498831,0.981331,1.00238,1.96328
2.51,1,0.498878,0.981287,1.00229,1.96199
2.52,1,0.498923,0.981328,1.0022,1.9632
2.53,1,0.498966,0.98129,1.00211,1.96207
2.54,1,0.499007,0.981326,1.00203,1.96313
2.55,1,0.499046,0.981292,1.00195,1.96213
2.56,1,0.499084,0.981324,1.00187,1.96307
2.57,1,0.499121,0.981294,1.00179,1.96219
2.58,1,0.499156,0.981322,1.00172,1.96302
2.59,1,0.499189,0.981296,1.00165,1.96224
2.6,1,0.499222,0.98132,1.00159,1.96297
2.61,1,0.499253,0.981297,1.00153,1.96229
2.62,1,0.499282,0.981319,1.00146,1.96293
2.63,1,0.499311,0.981298,1.00141,1.96233
2.64,1,0.499338,0.981318,1.00135,1.96289
2.65,1,0.499365,0.9813,1.0013,1.96236
2.66,1,0.49939,0.981317,1.00124,1.96286
2.67,1,0.499414,0.981301,1.0012,1.96239
2.68,1,0.499438,0.981316,1.00115,1.96283
2.69,1,0.49946,0.981302,1.0011,1.96242
2.7,1,0.499481,0.981315,1.00106,1.9628
2.71,1,0.499502,0.981302,1.00102,1.96244
2.72,1,0.499522,0.981314,1.00098,1.96278
2.73,1,0.499541,0.981303,1.00094,1.96246
2.74,1,0.499559,0.981313,1.0009,1.96276
2.75,1,0.499577,0.981304,1.00086,1.96248
2.76,1,0.499594,0.981313,1.00083,1.96274
2.77,1,0.49961,0.981304,1.0008,1.9625
2.78,1,0.499625,0.981312,1.00076,1.96273
2.79,1,0.49964,0.981305,1.00073,1.96251
2.8,1,0.499655,0.981312,1.0007,1.96272
2.81,1,0.499668,0.981305,1.00068,1.96252
2.82,1,0.499682,0.981311,1.00065,1.9627
2.83,1,0.499694,0.981306,1.00062,1.96253
2.84,1,0.499706,0.981311,1.0006,1.96269
2.85,1,0.499718,0.981306,1.00058,1.96254
2.86,1,0.499729,0.981311,1.00055,1.96268
2.87,1,0.49974,0.981306,1.00053,1.96255
2.88,1,0.49975,0.98131,1.00051,1.96268
2.89,1,0.49976,0.981306,1.00049,1.96256
2.9,1,0.49977,0.98131,1.00047,1.96267
2.91,1,0.499779,0.981307,1.00045,1.96257
2.92,1,0.499788,0.98131,1.00043,1.96266
2.93,1,0.499796,0.981307,1.00042,1.96257
2.94,1,0.499804,0.98131,1.0004,1.96266
2.95,1,0.499812,0.981307,1.00038,1.96258
2.96,1,0.49982,0.98131,1.00037,1.96265
2.97,1,0.499827,0.981307,1.00035,1.96258
2.98,1,0.499834,0.981309,1.00034,1.96265
2.99,1,0.49984,0.981307,1.00033,1.96259
3,1,0.499847,0.981309,1.00031,1.96264
3.01,1,0.499853,0.981308,1.0003,1.96259
3.02,1,0.499859,0.981309,1.00029,1.96264
3.03,1,0.499864,0.981308,1.00028,1.96259
3.04,1,0.49987,0.981309,1.00027,1.96264
3.05,1,0.499875,0.981308,1.00026,1.9626
3.06,1,0.49988,0.981309,1.00025,1.96264
3.07,1,0.499885,0.981308,1.00024,1.9626
3.08,1,0.499889,0.981309,1.00023,1.96263
3.09,1,0.499894,0.981308,1.00022,1.9626
3.1,1,0.499898,0.981309,1.00021,1.96263
3.11,1,0.499902,0.981308,1.0002,1.9626
3.12,1,0.499906,0.981309,1.00019,1.96263
3.13,1,0.49991,0.981308,1.00018,1.9626
3.14,1,0.499913,0.981309,1.00018,1.96263
3.15,1,0.499917,0.981308,1.00017,1.96261
3.16,1,0.49992,0.981309,1.00016,1.96263
3.17,1,0.499923,0.981308,1.00016,1.96261
3.18,1,0.499926,0.981309,1.00015,1.96263
3.19,1,0.499929,0.981308,1.00014,1.96261
3.2,1,0.499932,0.981309,1.00014,1.96262
3.21,1,0.499935,0.981308,1.00013,1.96261
3.22,1,0.499937,0.981309,1.00013,1.96262
3.23,1,0.49994,0.981308,1.00012,1.96261
3.24,1,0.499942,0.981309,1.00012,1.96262
3.25,1,0.499944,0.981308,1.00011,1.96261
3.26,1,0.499947,0.981309,1.00011,1.96262
3.27,1,0.499949,0.981308,1.0001,1.96261
3.28,1,0.499951,0.981309,1.0001,1.96262
3.29,1,0.499953,0.981308,1.0001,1.96261
3.3,1,0.499955,0.981309,1.00009,1.96262
3.31,1,0.499956,0.981308,1.00009,1.96261
3.32,1,0.499958,0.981309,1.00009,1.96262
3.33,1,0.49996,0.981308,1.00008,1.96261
3.34,1,0.499961,0.981309,1.00008,1.96262
3.35,1,0.499963,0.981308,1.00008,1.96261
3.36,1,0.499964,0.981309,1.00007,1.96262
3.37,1,0.499966,0.981308,1.00007,1.96261
3.38,1,0.499967,0.981308,1.00007,1.96262
3.39,1,0.499969,0.981308,1.00006,1.96261
3.4,1,0.49997,0.981308,1.00006,1.96262
3.41,1,0.499971,0.981308,1.00006,1.96261
3.42,1,0.499972,0.981308,1.00006,1.96262
3.43,1,0.499973,0.981308,1.00005,1.96261
3.44,1,0.499974,0.981308,1.00005,1.96262
3.45,1,0.499975,0.981308,1.00005,1.96262
3.46,1,0.499976,0.981308,1.00005,1.96262
3.47,1,0.499977,0.981308,1.00005,1.96262
3.48,1,0.499978,0.981308,1.00004,1.96262
3.49,1,0.499979,0.981308,1.00004,1.96262
3.5,1,0.49998,0.981308,1.00004,1.96262
3.51,1,0.499981,0.981308,1.00004,1.96262
3.52,1,0.499981,0.981308,1.00004,1.96262
3.53,1,0.499982,0.981308,1.00004,1.96262
3.54,1,0.499983,0.981308,1.00003,1.96262
3.55,1,0.499984,0.981308,1.00003,1.96262
3.56,1,0.499984,0.981308,1.00003,1.96262
3.57,1,0.499985,0.981308,1.00003,1.96262
3.58,1,0.499985,0.981308,1.00003,1.96262
3.59,1,0.499986,0.981308,1.00003,1.96262
3.6,1,0.499987,0.981308,1.00003,1.96262
3.61,1,0.499987,0.981308,1.00003,1.96262
3.62,1,0.499988,0.981308,1.00003,1.96262
3.63,1,0.499988,0.981308,1.00002,1.96262
3.64,1,0.499989,0.981308,1.00002,1.96262
3.65,1,0.499989,0.981308,1.00002,1.96262
3.66,1,0.499989,0.981308,1.00002,1.96262
3.67,1,0.49999,0.981308,1.00002,1.96262
3.68,1,0.49999,0.981308,1.00002,1.96262
3.69,1,0.499991,0.981308,1.00002,1.96262
3.7,1,0.499991,0.981308,1.00002,1.96262
3.71,1,0.499991,0.981308,1.00002,1.96262
3.72,1,0.499992,0.981308,1.00002,1.96262
3.73,1,0.499992,0.981308,1.00002,1.96262
3.74,1,0.499992,0.981308,1.00002,1.96262
3.75,1,0.499993,0.981308,1.00001,1.96262
3.76,1,0.499993,0.981308,1.00001,1.96262
3.77,1,0.499993,0.981308,1.00001,1.96262
3.78,1,0.499994,0.981308,1.00001,1.96262
3.79,1,0.499994,0.981308,1.00001,1.96262
3.8,1,0.499994,0.981308,1.00001,1.96262
3.81,1,0.499994,0.981308,1.00001,1.96262
3.82,1,0.499995,0.981308,1.00001,1.96262
3.83,1,0.499995,0.981308,1.00001,1.96262
3.84,1,0.499995,0.981308,1.00001,1.96262
3.85,1,0.499995,0.981308,1.00001,1.96262
3.86,1,0.499995,0.981308,1.00001,1.96262
3.87,1,0.499996,0.981308,1.00001,1.96262
3.88,1,0.499996,0.981308,1.00001,1.96262
3.89,1,0.499996,0.981308,1.00001,1.96262
3.9,1,0.499996,0.981308,1.00001,1.96262
3.91,1,0.499996,0.981308,1.00001,1.96262
3.92,1,0.499996,0.981308,1.00001,1.96262
3.93,1,0.499996,0.981308,1.00001,1.96262
3.94,1,0.499997,0.981308,1.00001,1.96262
3.95,1,0.499997,0.981308,1.00001,1.96262
3.96,1,0.499997,0.981308,1.00001,1.96262
3.97,1,0.499997,0.981308,1.00001,1.96262
3.98,1,0.499997,0.981308,1.00001,1.96262
3.99,1,0.499997,0.981308,1.00001,1.96262
4,1,0.499997,0.981308,1.00001,1.96262
4.01,1,0.499997,0.981308,1.00001,1.96262
4.02,1,0.499998,0.981308,1,1.96262
4.03,1,0.499998,0.981308,1,1.96262
4.04,1,0.499998,0.981308,1,1.96262
4.05,1,0.499998,0.981308,1,1.96262
4.06,1,0.499998,0.981308,1,1.96262
4.07,1,0.499998,0.981308,1,1.96262
4.08,1,0.499998,0.981308,1,1.96262
4.09,1,0.499998,0.981308,1,1.96262
4.1,1,0.499998,0.981308,1,1.96262
4.11,1,0.499998,0.981308,1,1.96262
4.12,1,0.499998,0.981308,1,1.96262
4.13,1,0.499998,0.981308,1,1.96262
4.14,1,0.499999,0.981308,1,1.96262
4.15,1,0.499999,0.981308,1,1.96262
4.16,1,0.499999,0.981308,1,1.96262
4.17,1,0.499999,0.981308,1,1.96262
4.18,1,0.499999,0.981308,1,1.96262
4.19,1,0.499999,0.981308,1,1.96262
4.2,1,0.499999,0.981308,1,1.96262
4.21,1,0.499999,0.981308,1,1.96262
4.22,1,0.499999,0.981308,1,1.96262
4.23,1,0.499999,0.981308,1,1.96262
4.24,1,0.499999,0.981308,1,1.96262
4.25,1,0.499999,0.981308,1,1.96262
4.26,1,0.499999,0.981308,1,1.96262
4.27,1,0.499999,0.981308,1,1.96262
4.28,1,0.499999,0.981308,1,1.96262
4.29,1,0.499999,0.981308,1,1.96262
4.3,1,0.499999,0.981308,1,1.96262
4.31,1,0.499999,0.981308,1,1.96262
4.32,1,0.499999,0.981308,1,1.96262
4.33,1,0.499999,0.981308,1,1.96262
4.34,1,0.499999,0.981308,1,1.96262
4.35,1,0.499999,0.981308,1,1.96262
4.36,1,0.499999,0.981308,1,1.96262
4.37,1,0.499999,0.981308,1,1.96262
4.38,1,0.499999,0.981308,1,1.96262
4.39,1,0.499999,0.981308,1,1.96262
4.4,1,0.499999,0.981308,1,1.96262
4.41,1,0.5,0.981308,1,1.96262
4.42,1,0.5,0.981308,1,1.96262
4.43,1,0.5,0.981308,1,1.96262
4.44,1,0.5,0.981308,1,1.96262
4.45,1,0.5,0.981308,1,1.96262
4.46,1,0.5,0.981308,1,1.96262
4.47,1,0.5,0.981308,1,1.96262
4.48,1,0.5,0.981308,1,1.96262
4.49,1,0.5,0.981308,1,1.96262
4.5,1,0.5,0.981308,1,1.96262
4.51,1,0.5,0.981308,1,1.96262
4.52,1,0.5,0.981308,1,1.96262
4.53,1,0.5,0.981308,1,1.96262
4.54,1,0.5,0.981308,1,1.96262
4.55,1,0.5,0.981308,1,1.96262
4.56,1,0.5,0.981308,1,1.96262
4.57,1,0.5,0.981308,1,1.96262
4.58,1,0.5,0.981308,1,1.96262
4.59,1,0.5,0.981308,1,1.96262
4.6,1,0.5,0.981308,1,1.96262
4.61,1,0.5,0.981308,1,1.96262
4.62,1,0.5,0.981308,1,1.96262
4.63,1,0.5,0.981308,1,1.96262
4.64,1,0.5,0.981308,1,1.96262
4.65,1,0.5,0.981308,1,1.96262
4.66,1,0.5,0.981308,1,1.96262
4.67,1,0.5,0.981308,1,1.96262
4.68,1,0.5,0.981308,1,1.96262
4.69,1,0.5,0.981308,1,1.96262
4.7,1,0.5,0.981308,1,1.96262
4.71,1,0.5,0.981308,1,1.96262
4.72,1,0.5,0.981308,1,1.96262
4.73,1,0.5,0.981308,1,1.96262
4.74,1,0.5,0.981308,1,1.96262
4.75,1,0.5,0.981308,1,1.96262
4.76,1,0.5,0.981308,1,1.96262
4.77,1,0.5,0.981308,1,1.96262
4.78,1,0.5,0.981308,1,1.96262
4.79,1,0.5,0.981308,1,1.96262
4.8,1,0.5,0.981308,1,1.96262
4.81,1,0.5,0.981308,1,1.96262
4.82,1,0.5,0.981308,1,1.96262
4.83,1,0.5,0.981308,1,1.96262
4.84,1,0.5,0.981308,1,1.96262
4.85,1,0.5,0.981308,1,1.96262
4.86,1,0.5,0.981308,1,1.96262
4.87,1,0.5,0.981308,1,1.96262
4.88,1,0.5,0.981308,1,1.96262
4.89,1,0.5,0.981308,1,1.96262
4.9,1,0.5,0.981308,1,1.96262
4.91,1,0.5,0.981308,1,1.96262
4.92,1,0.5,0.981308,1,1.96262
4.93,1,0.5,0.981308,1,1.96262
4.94,1,0.5,0.981308,1,1.96262
4.95,1,0.5,0.981308,1,1.96262
4.96,1,0.5,0.981308,1,1.96262
4.97,1,0.5,0.981308,1,1.96262
4.98,1,0.5,0.981308,1,1.96262
4.99,1,0.5,0.981308,1,1.96262
5,1,0.5,0.981308,1,1.96262
5.01,1,0.5,0.981308,1,1.96262
5.02,1,0.5,0.981308,1,1.96262
5.03,1,0.5,0.981308,1,1.96262
5.04,1,0.5,0.981308,1,1.96262
5.05,1,0.5,0.981308,1,1.96262
5.06,1,0.5,0.981308,1,1.96262
5.07,1,0.5,0.981308,1,1.96262
5.08,1,0.5,0.981308,1,1.96262
5.09,1,0.5,0.981308,1,1.96262
5.1,1,0.5,0.981308,1,1.96262
5.11,1,0.5,0.981308,1,1.96262
5.12,1,0.5,0.981308,1,1.96262
5.13,1,0.5,0.981308,1,1.96262
5.14,1,0.5,0.981308,1,1.96262
5.15,1,0.5,0.981308,1,1.96262
5.16,1,0.5,0.981308,1,1.96262
5.17,1,0.5,0.981308,1,1.96262
5.18,1,0.5,0.981308,1,1.96262
5.19,1,0.5,0.981308,1,1.96262
5.2,1,0.5,0.981308,1,1.96262
5.21,1,0.5,0.981308,1,1.96262
5.22,1,0.5,0.981308,1,1.96262
5.23,1,0.5,0.981308,1,1.96262
5.24,1,0.5,0.981308,1,1.96262
5.25,1,0.5,0.981308,1,1.96262
5.26,1,0.5,0.981308,1,1.96262
5.27,1,0.5,0.981308,1,1.96262
5.28,1,0.5,0.981308,1,1.96262
5.29,1,0.5,0.981308,1,1.96262
5.3,1,0.5,0.981308,1,1.96262
5.31,1,0.5,0.981308,1,1.96262
5.32,1,0.5,0.981308,1,1.96262
5.33,1,0.5,0.981308,1,1.96262
5.34,1,0.5,0.981308,1,1.96262
5.35,1,0.5,0.981308,1,1.96262
5.36,1,0.5,0.981308,1,1.96262
5.37,1,0.5,0.981308,1,1.96262
5.38,1,0.5,0.981308,1,1.96262
5.39,1,0.5,0.981308,1,1.96262
5.4,1,0.5,0.981308,1,1.96262
5.41,1,0.5,0.981308,1,1.96262
5.42,1,0.5,0.981308,1,1.96262
5.43,1,0.5,0.981308,1,1.96262
5.44,1,0.5,0.981308,1,1.96262
5.45,1,0.5,0.981308,1,1.96262
5.46,1,0.5,0.981308,1,1.96262
5.47,1,0.5,0.981308,1,1.96262
5.48,1,0.5,0.981308,1,1.96262
5.49,1,0.5,0.981308,1,1.96262
5.5,1,0.5,0.981308,1,1.96262
5.51,1,0.5,0.981308,1,1.96262
5.52,1,0.5,0.981308,1,1.96262
5.53,1,0.5,0.981308,1,1.96262
5.54,1,0.5,0.981308,1,1.96262
5.55,1,0.5,0.981308,1,1.96262
5.56,1,0.5,0.981308,1,1.96262
5.57,1,0.5,0.981308,1,1.96262
5.58,1,0.5,0.981308,1,1.96262
5.59,1,0.5,0.981308,1,1.96262
5.6,1,0.5,0.981308,1,1.96262
5.61,1,0.5,0.981308,1,1.96262
5.62,1,0.5,0.981308,1,1.96262
5.63,1,0.5,0.981308,1,1.96262
5.64,1,0.5,0.981308,1,1.96262
5.65,1,0.5,0.981308,1,1.96262
5.66,1,0.5,0.981308,1,1.96262
5.67,1,0.5,0.981308,1,1.96262
5.68,1,0.5,0.981308,1,1.96262
5.69,1,0.5,0.981308,1,1.96262
5.7,1,0.5,0.981308,1,1.96262
5.71,1,0.5,0.981308,1,1.96262
5.72,1,0.5,0.981308,1,1.96262
5.73,1,0.5,0.981308,1,1.96262
5.74,1,0.5,0.981308,1,1.96262
5.75,1,0.5,0.981308,1,1.96262
5.76,1,0.5,0.981308,1,1.96262
5.77,1,0.5,0.981308,1,1.96262
5.78,1,0.5,0.981308,1,1.96262
5.79,1,0.5,0.981308,1,1.96262
5.8,1,0.5,0.981308,1,1.96262
5.81,1,0.5,0.981308,1,1.96262
5.82,1,0.5,0.981308,1,1.96262
5.83,1,0.5,0.981308,1,1.96262
5.84,1,0.5,0.981308,1,1.96262
5.85,1,0.5,0.981308,1,1.96262
5.86,1,0.5,0.981308,1,1.96262
5.87,1,0.5,0.981308,1,1.96262
5.88,1,0.5,0.981308,1,1.96262
5.89,1,0.5,0.981308,1,1.96262
5.9,1,0.5,0.981308,1,1.96262
5.91,1,0.5,0.981308,1,1.96262
5.92,1,0.5,0.981308,1,1.96262
5.93,1,0.5,0.981308,1,1.96262
5.94,1,0.5,0.981308,1,1.96262
5.95,1,0.5,0.981308,1,1.96262
5.96,1,0.5,0.981308,1,1.96262
5.97,1,0.5,0.981308,1,1.96262
5.98,1,0.5,0.981308,1,1.96262
5.99,1,0.5,0.981308,1,1.96262
6,1,0.5,0.981308,1,1.96262
6.01,1,0.5,0.981308,1,1.96262
6.02,1,0.5,0.981308,1,1.96262
6.03,1,0.5,0.981308,1,1.96262
6.04,1,0.5,0.981308,1,1.96262
6.05,1,0.5,0.981308,1,1.96262
6.06,1,0.5,0.981308,1,1.96262
6.07,1,0.5,0.981308,1,1.96262
6.08,1,0.5,0.981308,1,1.96262
6.09,1,0.5,0.981308,1,1.96262
6.1,1,0.5,0.981308,1,1.96262
6.11,1,0.5,0.981308,1,1.96262
6.12,1,0.5,0.981308,1,1.96262
6.13,1,0.5,0.981308,1,1.96262
6.14,1,0.5,0.981308,1,1.96262
6.15,1,0.5,0.981308,1,1.96262
6.16,1,0.5,0.981308,1,1.96262
6.17,1,0.5,0.981308,1,1.96262
6.18,1,0.5,0.981308,1,1.96262
6.19,1,0.5,0.981308,1,1.96262
6.2,1,0.5,0.981308,1,1.96262
6.21,1,0.5,0.981308,1,1.96262
6.22,1,0.5,0.981308,1,1.96262
6.23,1,0.5,0.981308,1,1.96262
6.24,1,0.5,0.981308,1,1.96262
6.25,1,0.5,0.981308,1,1.96262
6.26,1,0.5,0.981308,1,1.96262
6.27,1,0.5,0.981308,1,1.96262
6.28,1,0.5,0.981308,1,1.96262
6.29,1,0.5,0.981308,1,1.96262
6.3,1,0.5,0.981308,1,1.96262
6.31,1,0.5,0.981308,1,1.96262
6.32,1,0.5,0.981308,1,1.96262
6.33,1,0.5,0.981308,1,1.96262
6.34,1,0.5,0.981308,1,1.96262
6.35,1,0.5,0.981308,1,1.96262
6.36,1,0.5,0.981308,1,1.96262
6.37,1,0.5,0.981308,1,1.96262
6.38,1,0.5,0.981308,1,1.96262
6.39,1,0.5,0.981308,1,1.96262
6.4,1,0.5,0.981308,1,1.96262
6.41,1,0.5,0.981308,1,1.96262
6.42,1,0.5,0.981308,1,1.96262
6.43,1,0.5,0.981308,1,1.96262
6.44,1,0.5,0.981308,1,1.96262
6.45,1,0.5,0.981308,1,1.96262
6.46,1,0.5,0.981308,1,1.96262
6.47,1,0.5,0.981308,1,1.96262
6.48,1,0.5,0.981308,1,1.96262
6.49,1,0.5,0.981308,1,1.96262
6.5,1,0.5,0.981308,1,1.96262
6.51,1,0.5,0.981308,1,1.96262
6.52,1,0.5,0.981308,1,1.96262
6.53,1,0.5,0.981308,1,1.96262
6.54,1,0.5,0.981308,1,1.96262
6.55,1,0.5,0.981308,1,1.96262
6.56,1,0.5,0.981308,1,1.96262
6.57,1,0.5,0.981308,1,1.96262
6.58,1,0.5,0.981308,1,1.96262
6.59,1,0.5,0.981308,1,1.96262
6.6,1,0.5,0.981308,1,1.96262
6.61,1,0.5,0.981308,1,1.96262
6.62,1,0.5,0.981308,1,1.96262
6.63,1,0.5,0.981308,1,1.96262
6.64,1,0.5,0.981308,1,1.96262
6.65,1,0.5,0.981308,1,1.96262
6.66,1,0.5,0.981308,1,1.96262
6.67,1,0.5,0.981308,1,1.96262
6.68,1,0.5,0.981308,1,1.96262
6.69,1,0.5,0.981308,1,1.96262
6.7,1,0.5,0.981308,1,1.96262
6.71,1,0.5,0.981308,1,1.96262
6.72,1,0.5,0.981308,1,1.96262
6.73,1,0.5,0.981308,1,1.96262
6.74,1,0.5,0.981308,1,1.96262
6.75,1,0.5,0.981308,1,1.96262
6.76,1,0.5,0.981308,1,1.96262
6.77,1,0.5,0.981308,1,1.96262
6.78,1,0.5,0.981308,1,1.96262
6.79,1,0.5,0.981308,1,1.96262
6.8,1,0.5,0.981308,1,1.96262
6.81,1,0.5,0.981308,1,1.96262
6.82,1,0.5,0.981308,1,1.96262
6.83,1,0.5,0.981308,1,1.96262
6.84,1,0.5,0.981308,1,1.96262
6.85,1,0.5,0.981308,1,1.96262
6.86,1,0.5,0.981308,1,1.96262
6.87,1,0.5,0.981308,1,1.96262
6.88,1,0.5,0.981308,1,1.96262
6.89,1,0.5,0.981308,1,1.96262
6.9,1,0.5,0.981308,1,1.96262
6.91,1,0.5,0.981308,1,1.96262
6.92,1,0.5,0.981308,1,1.96262
6.93,1,0.5,0.981308,1,1.96262
6.94,1,0.5,0.981308,1,1.96262
6.95,1,0.5,0.981308,1,1.96262
6.96,1,0.5,0.981308,1,1.96262
6.97,1,0.5,0.981308,1,1.96262
6.98,1,0.5,0.981308,1,1.96262
6.99,1,0.5,0.981308,1,1.96262
7,1,0.5,0.981308,1,1.96262
7.01,1,0.5,0.981308,1,1.96262
7.02,1,0.5,0.981308,1,1.96262
7.03,1,0.5,0.981308,1,1.96262
7.04,1,0.5,0.981308,1,1.96262
7.05,1,0.5,0.981308,1,1.96262
7.06,1,0.5,0.981308,1,1.96262
7.07,1,0.5,0.981308,1,1.96262
7.08,1,0.5,0.981308,1,1.96262
7.09,1,0.5,0.981308,1,1.96262
7.1,1,0.5,0.981308,1,1.96262
7.11,1,0.5,0.981308,1,1.96262
7.12,1,0.5,0.981308,1,1.96262
7.13,1,0.5,0.981308,1,1.96262
7.14,1,0.5,0.981308,1,1.96262
7.15,1,0.5,0.981308,1,1.96262
7.16,1,0.5,0.981308,1,1.96262
7.17,1,0.5,0.981308,1,1.96262
7.18,1,0.5,0.981308,1,1.96262
7.19,1,0.5,0.981308,1,1.96262
7.2,1,0.5,0.981308,1,1.96262
7.21,1,0.5,0.981308,1,1.96262
7.22,1,0.5,0.981308,1,1.96262
7.23,1,0.5,0.981308,1,1.96262
7.24,1,0.5,0.981308,1,1.96262
7.25,1,0.5,0.981308,1,1.96262
7.26,1,0.5,0.981308,1,1.96262
7.27,1,0.5,0.981308,1,1.96262
7.28,1,0.5,0.981308,1,1.96262
7.29,1,0.5,0.981308,1,1.96262
7.3,1,0.5,0.981308,1,1.96262
7.31,1,0.5,0.981308,1,1.96262
7.32,1,0.5,0.981308,1,1.96262
7.33,1,0.5,0.981308,1,1.96262
7.34,1,0.5,0.981308,1,1.96262
7.35,1,0.5,0.981308,1,1.96262
7.36,1,0.5,0.981308,1,1.96262
7.37,1,0.5,0.981308,1,1.96262
7.38,1,0.5,0.981308,1,1.96262
7.39,1,0.5,0.981308,1,1.96262
7.4,1,0.5,0.981308,1,1.96262
7.41,1,0.5,0.981308,1,1.96262
7.42,1,0.5,0.981308,1,1.96262
7.43,1,0.5,0.981308,1,1.96262
7.44,1,0.5,0.981308,1,1.96262
7.45,1,0.5,0.981308,1,1.96262
7.46,1,0.5,0.981308,1,1.96262
7.47,1,0.5,0.981308,1,1.96262
7.48,1,0.5,0.981308,1,1.96262
7.49,1,0.5,0.981308,1,1.96262
7.5,1,0.5,0.981308,1,1.96262
7.51,1,0.5,0.981308,1,1.96262
7.52,1,0.5,0.981308,1,1.96262
7.53,1,0.5,0.981308,1,1.96262
7.54,1,0.5,0.981308,1,1.96262
7.55,1,0.5,0.981308,1,1.96262
7.56,1,0.5,0.981308,1,1.96262
7.57,1,0.5,0.981308,1,1.96262
7.58,1,0.5,0.981308,1,1.96262
7.59,1,0.5,0.981308,1,1.96262
7.6,1,0.5,0.981308,1,1.96262
7.61,1,0.5,0.981308,1,1.96262
7.62,1,0.5,0.981308,1,1.96262
7.63,1,0.5,0.981308,1,1.96262
7.64,1,0.5,0.981308,1,1.96262
7.65,1,0.5,0.981308,1,1.96262
7.66,1,0.5,0.981308,1,1.96262
7.67,1,0.5,0.981308,1,1.96262
7.68,1,0.5,0.981308,1,1.96262
7.69,1,0.5,0.981308,1,1.96262
7.7,1,0.5,0.981308,1,1.96262
7.71,1,0.5,0.981308,1,1.96262
7.72,1,0.5,0.981308,1,1.96262
7.73,1,0.5,0.981308,1,1.96262
7.74,1,0.5,0.981308,1,1.96262
7.75,1,0.5,0.981308,1,1.96262
7.76,1,0.5,0.981308,1,1.96262
7.77,1,0.5,0.981308,1,1.96262
7.78,1,0.5,0.981308,1,1.96262
7.79,1,0.5,0.981308,1,1.96262
7.8,1,0.5,0.981308,1,1.96262
7.81,1,0.5,0.981308,1,1.96262
7.82,1,0.5,0.981308,1,1.96262
7.83,1,0.5,0.981308,1,1.96262
7.84,1,0.5,0.981308,1,1.96262
7.85,1,0.5,0.981308,1,1.96262
7.86,1,0.5,0.981308,1,1.96262
7.87,1,0.5,0.981308,1,1.96262
7.88,1,0.5,0.981308,1,1.96262
7.89,1,0.5,0.981308,1,1.96262
7.9,1,0.5,0.981308,1,1.96262
7.91,1,0.5,0.981308,1,1.96262
7.92,1,0.5,0.981308,1,1.96262
7.93,1,0.5,0.981308,1,1.96262
7.94,1,0.5,0.981308,1,1.96262
7.95,1,0.5,0.981308,1,1.96262
7.96,1,0.5,0.981308,1,1.96262
7.97,1,0.5,0.981308,1,1.96262
7.98,1,0.5,0.981308,1,1.96262
7.99,1,0.5,0.981308,1,1.96262
8,1,0.5,0.981308,1,1.96262
8.01,1,0.5,0.981308,1,1.96262
8.02,1,0.5,0.981308,1,1.96262
8.03,1,0.5,0.981308,1,1.96262
8.04,1,0.5,0.981308,1,1.96262
8.05,1,0.5,0.981308,1,1.96262
8.06,1,0.5,0.981308,1,1.96262
8.07,1,0.5,0.981308,1,1.96262
8.08,1,0.5,0.981308,1,1.96262
8.09,1,0.5,0.981308,1,1.96262
8.1,1,0.5,0.981308,1,1.96262
8.11,1,0.5,0.981308,1,1.96262
8.12,1,0.5,0.981308,1,1.96262
8.13,1,0.5,0.981308,1,1.96262
8.14,1,0.5,0.981308,1,1.96262
8.15,1,0.5,0.981308,1,1.96262
8.16,1,0.5,0.981308,1,1.96262
8.17,1,0.5,0.981308,1,1.96262
8.18,1,0.5,0.981308,1,1.96262
8.19,1,0.5,0.981308,1,1.96262
8.2,1,0.5,0.981308,1,1.96262
8.21,1,0.5,0.981308,1,1.96262
8.22,1,0.5,0.981308,1,1.96262
8.23,1,0.5,0.981308,1,1.96262
8.24,1,0.5,0.981308,1,1.96262
8.25,1,0.5,0.981308,1,1.96262
8.26,1,0.5,0.981308,1,1.96262
8.27,1,0.5,0.981308,1,1.96262
8.28,1,0.5,0.981308,1,1.96262
8.29,1,0.5,0.981308,1,1.96262
8.3,1,0.5,0.981308,1,1.96262
8.31,1,0.5,0.981308,1,1.96262
8.32,1,0.5,0.981308,1,1.96262
8.33,1,0.5,0.981308,1,1.96262
8.34,1,0.5,0.981308,1,1.96262
8.35,1,0.5,0.981308,1,1.96262
8.36,1,0.5,0.981308,1,1.96262
8.37,1,0.5,0.981308,1,1.96262
8.38,1,0.5,0.981308,1,1.96262
8.39,1,0.5,0.981308,1,1.96262
8.4,1,0.5,0.981308,1,1.96262
8.41,1,0.5,0.981308,1,1.96262
8.42,1,0.5,0.981308,1,1.96262
8.43,1,0.5,0.981308,1,1.96262
8.44,1,0.5,0.981308,1,1.96262
8.45,1,0.5,0.981308,1,1.96262
8.46,1,0.5,0.981308,1,1.96262
8.47,1,0.5,0.981308,1,1.96262
8.48,1,0.5,0.981308,1,1.96262
8.49,1,0.5,0.981308,1,1.96262
8.5,1,0.5,0.981308,1,1.96262
8.51,1,0.5,0.981308,1,1.96262
8.52,1,0.5,0.981308,1,1.96262
8.53,1,0.5,0.981308,1,1.96262
8.54,1,0.5,0.981308,1,1.96262
8.55,1,0.5,0.981308,1,1.96262
8.56,1,0.5,0.981308,1,1.96262
8.57,1,0.5,0.981308,1,1.96262
8.58,1,0.5,0.981308,1,1.96262
8.59,1,0.5,0.981308,1,1.96262
8.6,1,0.5,0.981308,1,1.96262
8.61,1,0.5,0.981308,1,1.96262
8.62,1,0.5,0.981308,1,1.96262
8.63,1,0.5,0.981308,1,1.96262
8.64,1,0.5,0.981308,1,1.96262
8.65,1,0.5,0.981308,1,1.96262
8.66,1,0.5,0.981308,1,1.96262
8.67,1,0.5,0.981308,1,1.96262
8.68,1,0.5,0.981308,1,1.96262
8.69,1,0.5,0.981308,1,1.96262
8.7,1,0.5,0.981308,1,1.96262
8.71,1,0.5,0.981308,1,1.96262
8.72,1,0.5,0.981308,1,1.96262
8.73,1,0.5,0.981308,1,1.96262
8.74,1,0.5,0.981308,1,1.96262
8.75,1,0.5,0.981308,1,1.96262
8.76,1,0.5,0.981308,1,1.96262
8.77,1,0.5,0.981308,1,1.96262
8.78,1,0.5,0.981308,1,1.96262
8.79,1,0.5,0.981308,1,1.96262
8.8,1,0.5,0.981308,1,1.96262
8.81,1,0.5,0.981308,1,1.96262
8.82,1,0.5,0.981308,1,1.96262
8.83,1,0.5,0.981308,1,1.96262
8.84,1,0.5,0.981308,1,1.96262
8.85,1,0.5,0.981308,1,1.96262
8.86,1,0.5,0.981308,1,1.96262
8.87,1,0.5,0.981308,1,1.96262
8.88,1,0.5,0.981308,1,1.96262
8.89,1,0.5,0.981308,1,1.96262
8.9,1,0.5,0.981308,1,1.96262
8.91,1,0.5,0.981308,1,1.96262
8.92,1,0.5,0.981308,1,1.96262
8.93,1,0.5,0.981308,1,1.96262
8.94,1,0.5,0.981308,1,1.96262
8.95,1,0.5,0.981308,1,1.96262
8.96,1,0.5,0.981308,1,1.96262
8.97,1,0.5,0.981308,1,1.96262
8.98,1,0.5,0.981308,1,1.96262
8.99,1,0.5,0.981308,1,1.96262
9,1,0.5,0.981308,1,1.96262
9.01,1,0.5,0.981308,1,1.96262
9.02,1,0.5,0.981308,1,1.96262
9.03,1,0.5,0.981308,1,1.96262
9.04,1,0.5,0.981308,1,1.96262
9.05,1,0.5,0.981308,1,1.96262
9.06,1,0.5,0.981308,1,1.96262
9.07,1,0.5,0.981308,1,1.96262
9.08,1,0.5,0.981308,1,1.96262
9.09,1,0.5,0.981308,1,1.96262
9.1,1,0.5,0.981308,1,1.96262
9.11,1,0.5,0.981308,1,1.96262
9.12,1,0.5,0.981308,1,1.96262
9.13,1,0.5,0.981308,1,1.96262
9.14,1,0.5,0.981308,1,1.96262
9.15,1,0.5,0.981308,1,1.96262
9.16,1,0.5,0.981308,1,1.96262
9.17,1,0.5,0.981308,1,1.96262
9.18,1,0.5,0.981308,1,1.96262
9.19,1,0.5,0.981308,1,1.96262
9.2,1,0.5,0.981308,1,1.96262
9.21,1,0.5,0.981308,1,1.96262
9.22,1,0.5,0.981308,1,1.96262
9.23,1,0.5,0.981308,1,1.96262
9.24,1,0.5,0.981308,1,1.96262
9.25,1,0.5,0.981308,1,1.96262
9.26,1,0.5,0.981308,1,1.96262
9.27,1,0.5,0.981308,1,1.96262
9.28,1,0.5,0.981308,1,1.96262
9.29,1,0.5,0.981308,1,1.96262
9.3,1,0.5,0.981308,1,1.96262
9.31,1,0.5,0.981308,1,1.96262
9.32,1,0.5,0.981308,1,1.96262
9.33,1,0.5,0.981308,1,1.96262
9.34,1,0.5,0.981308,1,1.96262
9.35,1,0.5,0.981308,1,1.96262
9.36,1,0.5,0.981308,1,1.96262
9.37,1,0.5,0.981308,1,1.96262
9.38,1,0.5,0.981308,1,1.96262
9.39,1,0.5,0.981308,1,1.96262
9.4,1,0.5,0.981308,1,1.96262
9.41,1,0.5,0.981308,1,1.96262
9.42,1,0.5,0.981308,1,1.96262
9.43,1,0.5,0.981308,1,1.96262
9.44,1,0.5,0.981308,1,1.96262
9.45,1,0.5,0.981308,1,1.96262
9.46,1,0.5,0.981308,1,1.96262
9.47,1,0.5,0.981308,1,1.96262
9.48,1,0.5,0.981308,1,1.96262
9.49,1,0.5,0.981308,1,1.96262
9.5,1,0.5,0.981308,1,1.96262
9.51,1,0.5,0.981308,1,1.96262
9.52,1,0.5,0.981308,1,1.96262
9.53,1,0.5,0.981308,1,1.96262
9.54,1,0.5,0.981308,1,1.96262
9.55,1,0.5,0.981308,1,1.96262
9.56,1,0.5,0.981308,1,1.96262
9.57,1,0.5,0.981308,1,1.96262
9.58,1,0.5,0.981308,1,1.96262
9.59,1,0.5,0.981308,1,1.96262
9.6,1,0.5,0.981308,1,1.96262
9.61,1,0.5,0.981308,1,1.96262
9.62,1,0.5,0.981308,1,1.96262
9.63,1,0.5,0.981308,1,1.96262
9.64,1,0.5,0.981308,1,1.96262
9.65,1,0.5,0.981308,1,1.96262
9.66,1,0.5,0.981308,1,1.96262
9.67,1,0.5,0.981308,1,1.96262
9.68,1,0.5,0.981308,1,1.96262
9.69,1,0.5,0.981308,1,1.96262
9.7,1,0.5,0.981308,1,1.96262
9.71,1,0.5,0.981308,1,1.96262
9.72,1,0.5,0.981308,1,1.96262
9.73,1,0.5,0.981308,1,1.96262
9.74,1,0.5,0.981308,1,1.96262
9.75,1,0.5,0.981308,1,1.96262
9.76,1,0.5,0.981308,1,1.96262
9.77,1,0.5,0.981308,1,1.96262
9.78,1,0.5,0.981308,1,1.96262
9.79,1,0.5,0.981308,1,1.96262
9.8,1,0.5,0.981308,1,1.96262
9.81,1,0.5,0.981308,1,1.96262
9.82,1,0.5,0.981308,1,1.96262
9.83,1,0.5,0.981308,1,1.96262
9.84,1,0.5,0.981308,1,1.96262
9.85,1,0.5,0.981308,1,1.96262
9.86,1,0.5,0.981308,1,1.96262
9.87,1,0.5,0.981308,1,1.96262
9.88,1,0.5,0.981308,1,1.96262
9.89,1,0.5,0.981308,1,1.96262
9.9,1,0.5,0.981308,1,1.96262
9.91,1,0.5,0.981308,1,1.96262
9.92,1,0.5,0.981308,1,1.96262
9.93,1,0.5,0.981308,1,1.96262
9.94,1,0.5,0.981308,1,1.96262
9.95,1,0.5,0.981308,1,1.96262
9.96,1,0.5,0.981308,1,1.96262
9.97,1,0.5,0.981308,1,1.96262
9.98,1,0.5,0.981308,1,1.96262
9.99,1,0.5,0.981308,1,1.96262
10,1,0.5,0.981308,1,1.96262
