time,Time_Domain,Frequency_Spectrum
0,0,0
0.001,0,0
0.002,0.141008,0.141008
0.003,0.279842,0.279842
0.004,0.414377,0.414377
0.005,0.542583,0.542583
0.006,0.66257,0.66257
0.007,0.772633,0.772633
0.008,0.871283,0.871283
0.009,0.957282,0.957282
0.01,1.02967,1.02967
0.011,1.08779,1.08779
0.012,1.13127,1.13127
0.013,1.16008,1.16008
0.014,1.17447,1.17447
0.015,1.17502,1.17502
0.016,1.16257,1.16257
0.017,1.13822,1.13822
0.018,1.1033,1.1033
0.019,1.05934,1.05934
0.02,1.00799,1.00799
0.021,0.951057,0.951057
0.022,0.890366,0.890366
0.023,0.827779,0.827779
0.024,0.765119,0.765119
0.025,0.704134,0.704134
0.026,0.646447,0.646447
0.027,0.593518,0.593518
0.028,0.546611,0.546611
0.029,0.506759,0.506759
0.03,0.474739,0.474739
0.031,0.451057,0.451057
0.032,0.435932,0.435932
0.033,0.429299,0.429299
0.034,0.430803,0.430803
0.035,0.439819,0.439819
0.036,0.455464,0.455464
0.037,0.476621,0.476621
0.038,0.501973,0.501973
0.039,0.530039,0.530039
0.04,0.559207,0.559207
0.041,0.587785,0.587785
0.042,0.614044,0.614044
0.043,0.636262,0.636262
0.044,0.652775,0.652775
0.045,0.662017,0.662017
0.046,0.66257,0.66257
0.047,0.653198,0.653198
0.048,0.632885,0.632885
0.049,0.600861,0.600861
0.05,0.556635,0.556635
0.051,0.5,0.5
0.052,0.431054,0.431054
0.053,0.350195,0.350195
0.054,0.258122,0.258122
0.055,0.155819,0.155819
0.056,0.0445364,0.0445364
0.057,-0.0742319,-0.0742319
0.058,-0.198784,-0.198784
0.059,-0.327245,-0.327245
0.06,-0.45761,-0.45761
0.061,-0.587785,-0.587785
0.062,-0.715641,-0.715641
0.063,-0.839056,-0.839056
0.064,-0.955964,-0.955964
0.065,-1.06441,-1.06441
0.066,-1.16257,-1.16257
0.067,-1.24884,-1.24884
0.068,-1.32181,-1.32181
0.069,-1.38036,-1.38036
0.07,-1.42362,-1.42362
0.071,-1.45106,-1.45106
0.072,-1.46243,-1.46243
0.073,-1.45782,-1.45782
0.074,-1.43762,-1.43762
0.075,-1.40254,-1.40254
0.076,-1.35355,-1.35355
0.077,-1.29192,-1.29192
0.078,-1.21911,-1.21911
0.079,-1.1368,-1.1368
0.08,-1.0468,-1.0468
0.081,-0.951057,-0.951057
0.082,-0.851559,-0.851559
0.083,-0.750319,-0.750319
0.084,-0.649311,-0.649311
0.085,-0.550435,-0.550435
0.086,-0.455464,-0.455464
0.087,-0.366005,-0.366005
0.088,-0.283465,-0.283465
0.089,-0.209019,-0.209019
0.09,-0.14358,-0.14358
0.091,-0.0877853,-0.0877853
0.092,-0.0419826,-0.0419826
0.093,-0.00622542,-0.00622542
0.094,0.019724,0.019724
0.095,0.0363839,0.0363839
0.096,0.0445364,0.0445364
0.097,0.0452027,0.0452027
0.098,0.0396139,0.0396139
0.099,0.0291753,0.0291753
0.1,0.0154267,0.0154267
0.101,-1.71512e-15,-1.71512e-15
0.102,-0.0154267,-0.0154267
0.103,-0.0291753,-0.0291753
0.104,-0.0396139,-0.0396139
0.105,-0.0452027,-0.0452027
0.106,-0.0445364,-0.0445364
0.107,-0.0363839,-0.0363839
0.108,-0.019724,-0.019724
0.109,0.00622542,0.00622542
0.11,0.0419826,0.0419826
0.111,0.0877853,0.0877853
0.112,0.14358,0.14358
0.113,0.209019,0.209019
0.114,0.283465,0.283465
0.115,0.366005,0.366005
0.116,0.455464,0.455464
0.117,0.550435,0.550435
0.118,0.649311,0.649311
0.119,0.750319,0.750319
0.12,0.851559,0.851559
0.121,0.951057,0.951057
0.122,1.0468,1.0468
0.123,1.1368,1.1368
0.124,1.21911,1.21911
0.125,1.29192,1.29192
0.126,1.35355,1.35355
0.127,1.40254,1.40254
0.128,1.43762,1.43762
0.129,1.45782,1.45782
0.13,1.46243,1.46243
0.131,1.45106,1.45106
0.132,1.42362,1.42362
0.133,1.38036,1.38036
0.134,1.32181,1.32181
0.135,1.24884,1.24884
0.136,1.16257,1.16257
0.137,1.06441,1.06441
0.138,0.955964,0.955964
0.139,0.839056,0.839056
0.14,0.715641,0.715641
0.141,0.587785,0.587785
0.142,0.45761,0.45761
0.143,0.327245,0.327245
0.144,0.198784,0.198784
0.145,0.0742319,0.0742319
0.146,-0.0445364,-0.0445364
0.147,-0.155819,-0.155819
0.148,-0.258122,-0.258122
0.149,-0.350195,-0.350195
0.15,-0.431054,-0.431054
0.151,-0.5,-0.5
0.152,-0.556635,-0.556635
0.153,-0.600861,-0.600861
0.154,-0.632885,-0.632885
0.155,-0.653198,-0.653198
0.156,-0.66257,-0.66257
0.157,-0.662017,-0.662017
0.158,-0.652775,-0.652775
0.159,-0.636262,-0.636262
0.16,-0.614044,-0.614044
0.161,-0.587785,-0.587785
0.162,-0.559207,-0.559207
0.163,-0.530039,-0.530039
0.164,-0.501973,-0.501973
0.165,-0.476621,-0.476621
0.166,-0.455464,-0.455464
0.167,-0.439819,-0.439819
0.168,-0.430803,-0.430803
0.169,-0.429299,-0.429299
0.17,-0.435932,-0.435932
0.171,-0.451057,-0.451057
0.172,-0.474739,-0.474739
0.173,-0.506759,-0.506759
0.174,-0.546611,-0.546611
0.175,-0.593518,-0.593518
0.176,-0.646447,-0.646447
0.177,-0.704134,-0.704134
0.178,-0.765119,-0.765119
0.179,-0.827779,-0.827779
0.18,-0.890366,-0.890366
0.181,-0.951057,-0.951057
0.182,-1.00799,-1.00799
0.183,-1.05934,-1.05934
0.184,-1.1033,-1.1033
0.185,-1.13822,-1.13822
0.186,-1.16257,-1.16257
0.187,-1.17502,-1.17502
0.188,-1.17447,-1.17447
0.189,-1.16008,-1.16008
0.19,-1.13127,-1.13127
0.191,-1.08779,-1.08779
0.192,-1.02967,-1.02967
0.193,-0.957282,-0.957282
0.194,-0.871283,-0.871283
0.195,-0.772633,-0.772633
0.196,-0.66257,-0.66257
0.197,-0.542583,-0.542583
0.198,-0.414377,-0.414377
0.199,-0.279842,-0.279842
0.2,-0.141008,-0.141008
0.201,2.02141e-14,2.02141e-14
0.202,0.141008,0.141008
0.203,0.279842,0.279842
0.204,0.414377,0.414377
0.205,0.542583,0.542583
0.206,0.66257,0.66257
0.207,0.772633,0.772633
0.208,0.871283,0.871283
0.209,0.957282,0.957282
0.21,1.02967,1.02967
0.211,1.08779,1.08779
0.212,1.13127,1.13127
0.213,1.16008,1.16008
0.214,1.17447,1.17447
0.215,1.17502,1.17502
0.216,1.16257,1.16257
0.217,1.13822,1.13822
0.218,1.1033,1.1033
0.219,1.05934,1.05934
0.22,1.00799,1.00799
0.221,0.951057,0.951057
0.222,0.890366,0.890366
0.223,0.827779,0.827779
0.224,0.765119,0.765119
0.225,0.704134,0.704134
0.226,0.646447,0.646447
0.227,0.593518,0.593518
0.228,0.546611,0.546611
0.229,0.506759,0.506759
0.23,0.474739,0.474739
0.231,0.451057,0.451057
0.232,0.435932,0.435932
0.233,0.429299,0.429299
0.234,0.430803,0.430803
0.235,0.439819,0.439819
0.236,0.455464,0.455464
0.237,0.476621,0.476621
0.238,0.501973,0.501973
0.239,0.530039,0.530039
0.24,0.559207,0.559207
0.241,0.587785,0.587785
0.242,0.614044,0.614044
0.243,0.636262,0.636262
0.244,0.652775,0.652775
0.245,0.662017,0.662017
0.246,0.66257,0.66257
0.247,0.653198,0.653198
0.248,0.632885,0.632885
0.249,0.600861,0.600861
0.25,0.556635,0.556635
0.251,0.5,0.5
0.252,0.431054,0.431054
0.253,0.350195,0.350195
0.254,0.258122,0.258122
0.255,0.155819,0.155819
0.256,0.0445364,0.0445364
0.257,-0.0742319,-0.0742319
0.258,-0.198784,-0.198784
0.259,-0.327245,-0.327245
0.26,-0.45761,-0.45761
0.261,-0.587785,-0.587785
0.262,-0.715641,-0.715641
0.263,-0.839056,-0.839056
0.264,-0.955964,-0.955964
0.265,-1.06441,-1.06441
0.266,-1.16257,-1.16257
0.267,-1.24884,-1.24884
0.268,-1.32181,-1.32181
0.269,-1.38036,-1.38036
0.27,-1.42362,-1.42362
0.271,-1.45106,-1.45106
0.272,-1.46243,-1.46243
0.273,-1.45782,-1.45782
0.274,-1.43762,-1.43762
0.275,-1.40254,-1.40254
0.276,-1.35355,-1.35355
0.277,-1.29192,-1.29192
0.278,-1.21911,-1.21911
0.279,-1.1368,-1.1368
0.28,-1.0468,-1.0468
0.281,-0.951057,-0.951057
0.282,-0.851559,-0.851559
0.283,-0.750319,-0.750319
0.284,-0.649311,-0.649311
0.285,-0.550435,-0.550435
0.286,-0.455464,-0.455464
0.287,-0.366005,-0.366005
0.288,-0.283465,-0.283465
0.289,-0.209019,-0.209019
0.29,-0.14358,-0.14358
0.291,-0.0877853,-0.0877853
0.292,-0.0419826,-0.0419826
0.293,-0.00622542,-0.00622542
0.294,0.019724,0.019724
0.295,0.0363839,0.0363839
0.296,0.0445364,0.0445364
0.297,0.0452027,0.0452027
0.298,0.0396139,0.0396139
0.299,0.0291753,0.0291753
0.3,0.0154267,0.0154267
0.301,-1.59266e-15,-1.59266e-15
0.302,-0.0154267,-0.0154267
0.303,-0.0291753,-0.0291753
0.304,-0.0396139,-0.0396139
0.305,-0.0452027,-0.0452027
0.306,-0.0445364,-0.0445364
0.307,-0.0363839,-0.0363839
0.308,-0.019724,-0.019724
0.309,0.00622542,0.00622542
0.31,0.0419826,0.0419826
0.311,0.0877853,0.0877853
0.312,0.14358,0.14358
0.313,0.209019,0.209019
0.314,0.283465,0.283465
0.315,0.366005,0.366005
0.316,0.455464,0.455464
0.317,0.550435,0.550435
0.318,0.649311,0.649311
0.319,0.750319,0.750319
0.32,0.851559,0.851559
0.321,0.951057,0.951057
0.322,1.0468,1.0468
0.323,1.1368,1.1368
0.324,1.21911,1.21911
0.325,1.29192,1.29192
0.326,1.35355,1.35355
0.327,1.40254,1.40254
0.328,1.43762,1.43762
0.329,1.45782,1.45782
0.33,1.46243,1.46243
0.331,1.45106,1.45106
0.332,1.42362,1.42362
0.333,1.38036,1.38036
0.334,1.32181,1.32181
0.335,1.24884,1.24884
0.336,1.16257,1.16257
0.337,1.06441,1.06441
0.338,0.955964,0.955964
0.339,0.839056,0.839056
0.34,0.715641,0.715641
0.341,0.587785,0.587785
0.342,0.45761,0.45761
0.343,0.327245,0.327245
0.344,0.198784,0.198784
0.345,0.0742319,0.0742319
0.346,-0.0445364,-0.0445364
0.347,-0.155819,-0.155819
0.348,-0.258122,-0.258122
0.349,-0.350195,-0.350195
0.35,-0.431054,-0.431054
0.351,-0.5,-0.5
0.352,-0.556635,-0.556635
0.353,-0.600861,-0.600861
0.354,-0.632885,-0.632885
0.355,-0.653198,-0.653198
0.356,-0.66257,-0.66257
0.357,-0.662017,-0.662017
0.358,-0.652775,-0.652775
0.359,-0.636262,-0.636262
0.36,-0.614044,-0.614044
0.361,-0.587785,-0.587785
0.362,-0.559207,-0.559207
0.363,-0.530039,-0.530039
0.364,-0.501973,-0.501973
0.365,-0.476621,-0.476621
0.366,-0.455464,-0.455464
0.367,-0.439819,-0.439819
0.368,-0.430803,-0.430803
0.369,-0.429299,-0.429299
0.37,-0.435932,-0.435932
0.371,-0.451057,-0.451057
0.372,-0.474739,-0.474739
0.373,-0.506759,-0.506759
0.374,-0.546611,-0.546611
0.375,-0.593518,-0.593518
0.376,-0.646447,-0.646447
0.377,-0.704134,-0.704134
0.378,-0.765119,-0.765119
0.379,-0.827779,-0.827779
0.38,-0.890366,-0.890366
0.381,-0.951057,-0.951057
0.382,-1.00799,-1.00799
0.383,-1.05934,-1.05934
0.384,-1.1033,-1.1033
0.385,-1.13822,-1.13822
0.386,-1.16257,-1.16257
0.387,-1.17502,-1.17502
0.388,-1.17447,-1.17447
0.389,-1.16008,-1.16008
0.39,-1.13127,-1.13127
0.391,-1.08779,-1.08779
0.392,-1.02967,-1.02967
0.393,-0.957282,-0.957282
0.394,-0.871283,-0.871283
0.395,-0.772633,-0.772633
0.396,-0.66257,-0.66257
0.397,-0.542583,-0.542583
0.398,-0.414377,-0.414377
0.399,-0.279842,-0.279842
0.4,-0.141008,-0.141008
0.401,4.04282e-14,4.04282e-14
0.402,0.141008,0.141008
0.403,0.279842,0.279842
0.404,0.414377,0.414377
0.405,0.542583,0.542583
0.406,0.66257,0.66257
0.407,0.772633,0.772633
0.408,0.871283,0.871283
0.409,0.957282,0.957282
0.41,1.02967,1.02967
0.411,1.08779,1.08779
0.412,1.13127,1.13127
0.413,1.16008,1.16008
0.414,1.17447,1.17447
0.415,1.17502,1.17502
0.416,1.16257,1.16257
0.417,1.13822,1.13822
0.418,1.1033,1.1033
0.419,1.05934,1.05934
0.42,1.00799,1.00799
0.421,0.951057,0.951057
0.422,0.890366,0.890366
0.423,0.827779,0.827779
0.424,0.765119,0.765119
0.425,0.704134,0.704134
0.426,0.646447,0.646447
0.427,0.593518,0.593518
0.428,0.546611,0.546611
0.429,0.506759,0.506759
0.43,0.474739,0.474739
0.431,0.451057,0.451057
0.432,0.435932,0.435932
0.433,0.429299,0.429299
0.434,0.430803,0.430803
0.435,0.439819,0.439819
0.436,0.455464,0.455464
0.437,0.476621,0.476621
0.438,0.501973,0.501973
0.439,0.530039,0.530039
0.44,0.559207,0.559207
0.441,0.587785,0.587785
0.442,0.614044,0.614044
0.443,0.636262,0.636262
0.444,0.652775,0.652775
0.445,0.662017,0.662017
0.446,0.66257,0.66257
0.447,0.653198,0.653198
0.448,0.632885,0.632885
0.449,0.600861,0.600861
0.45,0.556635,0.556635
0.451,0.5,0.5
0.452,0.431054,0.431054
0.453,0.350195,0.350195
0.454,0.258122,0.258122
0.455,0.155819,0.155819
0.456,0.0445364,0.0445364
0.457,-0.0742319,-0.0742319
0.458,-0.198784,-0.198784
0.459,-0.327245,-0.327245
0.46,-0.45761,-0.45761
0.461,-0.587785,-0.587785
0.462,-0.715641,-0.715641
0.463,-0.839056,-0.839056
0.464,-0.955964,-0.955964
0.465,-1.06441,-1.06441
0.466,-1.16257,-1.16257
0.467,-1.24884,-1.24884
0.468,-1.32181,-1.32181
0.469,-1.38036,-1.38036
0.47,-1.42362,-1.42362
0.471,-1.45106,-1.45106
0.472,-1.46243,-1.46243
0.473,-1.45782,-1.45782
0.474,-1.43762,-1.43762
0.475,-1.40254,-1.40254
0.476,-1.35355,-1.35355
0.477,-1.29192,-1.29192
0.478,-1.21911,-1.21911
0.479,-1.1368,-1.1368
0.48,-1.0468,-1.0468
0.481,-0.951057,-0.951057
0.482,-0.851559,-0.851559
0.483,-0.750319,-0.750319
0.484,-0.649311,-0.649311
0.485,-0.550435,-0.550435
0.486,-0.455464,-0.455464
0.487,-0.366005,-0.366005
0.488,-0.283465,-0.283465
0.489,-0.209019,-0.209019
0.49,-0.14358,-0.14358
0.491,-0.0877853,-0.0877853
0.492,-0.0419826,-0.0419826
0.493,-0.00622542,-0.00622542
0.494,0.019724,0.019724
0.495,0.0363839,0.0363839
0.496,0.0445364,0.0445364
0.497,0.0452027,0.0452027
0.498,0.0396139,0.0396139
0.499,0.0291753,0.0291753
0.5,0.0154267,0.0154267
0.501,-8.57562e-15,-8.57562e-15
0.502,-0.0154267,-0.0154267
0.503,-0.0291753,-0.0291753
0.504,-0.0396139,-0.0396139
0.505,-0.0452027,-0.0452027
0.506,-0.0445364,-0.0445364
0.507,-0.0363839,-0.0363839
0.508,-0.019724,-0.019724
0.509,0.00622542,0.00622542
0.51,0.0419826,0.0419826
0.511,0.0877853,0.0877853
0.512,0.14358,0.14358
0.513,0.209019,0.209019
0.514,0.283465,0.283465
0.515,0.366005,0.366005
0.516,0.455464,0.455464
0.517,0.550435,0.550435
0.518,0.649311,0.649311
0.519,0.750319,0.750319
0.52,0.851559,0.851559
0.521,0.951057,0.951057
0.522,1.0468,1.0468
0.523,1.1368,1.1368
0.524,1.21911,1.21911
0.525,1.29192,1.29192
0.526,1.35355,1.35355
0.527,1.40254,1.40254
0.528,1.43762,1.43762
0.529,1.45782,1.45782
0.53,1.46243,1.46243
0.531,1.45106,1.45106
0.532,1.42362,1.42362
0.533,1.38036,1.38036
0.534,1.32181,1.32181
0.535,1.24884,1.24884
0.536,1.16257,1.16257
0.537,1.06441,1.06441
0.538,0.955964,0.955964
0.539,0.839056,0.839056
0.54,0.715641,0.715641
0.541,0.587785,0.587785
0.542,0.45761,0.45761
0.543,0.327245,0.327245
0.544,0.198784,0.198784
0.545,0.0742319,0.0742319
0.546,-0.0445364,-0.0445364
0.547,-0.155819,-0.155819
0.548,-0.258122,-0.258122
0.549,-0.350195,-0.350195
0.55,-0.431054,-0.431054
0.551,-0.5,-0.5
0.552,-0.556635,-0.556635
0.553,-0.600861,-0.600861
0.554,-0.632885,-0.632885
0.555,-0.653198,-0.653198
0.556,-0.66257,-0.66257
0.557,-0.662017,-0.662017
0.558,-0.652775,-0.652775
0.559,-0.636262,-0.636262
0.56,-0.614044,-0.614044
0.561,-0.587785,-0.587785
0.562,-0.559207,-0.559207
0.563,-0.530039,-0.530039
0.564,-0.501973,-0.501973
0.565,-0.476621,-0.476621
0.566,-0.455464,-0.455464
0.567,-0.439819,-0.439819
0.568,-0.430803,-0.430803
0.569,-0.429299,-0.429299
0.57,-0.435932,-0.435932
0.571,-0.451057,-0.451057
0.572,-0.474739,-0.474739
0.573,-0.506759,-0.506759
0.574,-0.546611,-0.546611
0.575,-0.593518,-0.593518
0.576,-0.646447,-0.646447
0.577,-0.704134,-0.704134
0.578,-0.765119,-0.765119
0.579,-0.827779,-0.827779
0.58,-0.890366,-0.890366
0.581,-0.951057,-0.951057
0.582,-1.00799,-1.00799
0.583,-1.05934,-1.05934
0.584,-1.1033,-1.1033
0.585,-1.13822,-1.13822
0.586,-1.16257,-1.16257
0.587,-1.17502,-1.17502
0.588,-1.17447,-1.17447
0.589,-1.16008,-1.16008
0.59,-1.13127,-1.13127
0.591,-1.08779,-1.08779
0.592,-1.02967,-1.02967
0.593,-0.957282,-0.957282
0.594,-0.871283,-0.871283
0.595,-0.772633,-0.772633
0.596,-0.66257,-0.66257
0.597,-0.542583,-0.542583
0.598,-0.414377,-0.414377
0.599,-0.279842,-0.279842
0.6,-0.141008,-0.141008
0.601,5.70896e-14,5.70896e-14
0.602,0.141008,0.141008
0.603,0.279842,0.279842
0.604,0.414377,0.414377
0.605,0.542583,0.542583
0.606,0.66257,0.66257
0.607,0.772633,0.772633
0.608,0.871283,0.871283
0.609,0.957282,0.957282
0.61,1.02967,1.02967
0.611,1.08779,1.08779
0.612,1.13127,1.13127
0.613,1.16008,1.16008
0.614,1.17447,1.17447
0.615,1.17502,1.17502
0.616,1.16257,1.16257
0.617,1.13822,1.13822
0.618,1.1033,1.1033
0.619,1.05934,1.05934
0.62,1.00799,1.00799
0.621,0.951057,0.951057
0.622,0.890366,0.890366
0.623,0.827779,0.827779
0.624,0.765119,0.765119
0.625,0.704134,0.704134
0.626,0.646447,0.646447
0.627,0.593518,0.593518
0.628,0.546611,0.546611
0.629,0.506759,0.506759
0.63,0.474739,0.474739
0.631,0.451057,0.451057
0.632,0.435932,0.435932
0.633,0.429299,0.429299
0.634,0.430803,0.430803
0.635,0.439819,0.439819
0.636,0.455464,0.455464
0.637,0.476621,0.476621
0.638,0.501973,0.501973
0.639,0.530039,0.530039
0.64,0.559207,0.559207
0.641,0.587785,0.587785
0.642,0.614044,0.614044
0.643,0.636262,0.636262
0.644,0.652775,0.652775
0.645,0.662017,0.662017
0.646,0.66257,0.66257
0.647,0.653198,0.653198
0.648,0.632885,0.632885
0.649,0.600861,0.600861
0.65,0.556635,0.556635
0.651,0.5,0.5
0.652,0.431054,0.431054
0.653,0.350195,0.350195
0.654,0.258122,0.258122
0.655,0.155819,0.155819
0.656,0.0445364,0.0445364
0.657,-0.0742319,-0.0742319
0.658,-0.198784,-0.198784
0.659,-0.327245,-0.327245
0.66,-0.45761,-0.45761
0.661,-0.587785,-0.587785
0.662,-0.715641,-0.715641
0.663,-0.839056,-0.839056
0.664,-0.955964,-0.955964
0.665,-1.06441,-1.06441
0.666,-1.16257,-1.16257
0.667,-1.24884,-1.24884
0.668,-1.32181,-1.32181
0.669,-1.38036,-1.38036
0.67,-1.42362,-1.42362
0.671,-1.45106,-1.45106
0.672,-1.46243,-1.46243
0.673,-1.45782,-1.45782
0.674,-1.43762,-1.43762
0.675,-1.40254,-1.40254
0.676,-1.35355,-1.35355
0.677,-1.29192,-1.29192
0.678,-1.21911,-1.21911
0.679,-1.1368,-1.1368
0.68,-1.0468,-1.0468
0.681,-0.951057,-0.951057
0.682,-0.851559,-0.851559
0.683,-0.750319,-0.750319
0.684,-0.649311,-0.649311
0.685,-0.550435,-0.550435
0.686,-0.455464,-0.455464
0.687,-0.366005,-0.366005
0.688,-0.283465,-0.283465
0.689,-0.209019,-0.209019
0.69,-0.14358,-0.14358
0.691,-0.0877853,-0.0877853
0.692,-0.0419826,-0.0419826
0.693,-0.00622542,-0.00622542
0.694,0.019724,0.019724
0.695,0.0363839,0.0363839
0.696,0.0445364,0.0445364
0.697,0.0452027,0.0452027
0.698,0.0396139,0.0396139
0.699,0.0291753,0.0291753
0.7,0.0154267,0.0154267
0.701,-4.90044e-15,-4.90044e-15
0.702,-0.0154267,-0.0154267
0.703,-0.0291753,-0.0291753
0.704,-0.0396139,-0.0396139
0.705,-0.0452027,-0.0452027
0.706,-0.0445364,-0.0445364
0.707,-0.0363839,-0.0363839
0.708,-0.019724,-0.019724
0.709,0.00622542,0.00622542
0.71,0.0419826,0.0419826
0.711,0.0877853,0.0877853
0.712,0.14358,0.14358
0.713,0.209019,0.209019
0.714,0.283465,0.283465
0.715,0.366005,0.366005
0.716,0.455464,0.455464
0.717,0.550435,0.550435
0.718,0.649311,0.649311
0.719,0.750319,0.750319
0.72,0.851559,0.851559
0.721,0.951057,0.951057
0.722,1.0468,1.0468
0.723,1.1368,1.1368
0.724,1.21911,1.21911
0.725,1.29192,1.29192
0.726,1.35355,1.35355
0.727,1.40254,1.40254
0.728,1.43762,1.43762
0.729,1.45782,1.45782
0.73,1.46243,1.46243
0.731,1.45106,1.45106
0.732,1.42362,1.42362
0.733,1.38036,1.38036
0.734,1.32181,1.32181
0.735,1.24884,1.24884
0.736,1.16257,1.16257
0.737,1.06441,1.06441
0.738,0.955964,0.955964
0.739,0.839056,0.839056
0.74,0.715641,0.715641
0.741,0.587785,0.587785
0.742,0.45761,0.45761
0.743,0.327245,0.327245
0.744,0.198784,0.198784
0.745,0.0742319,0.0742319
0.746,-0.0445364,-0.0445364
0.747,-0.155819,-0.155819
0.748,-0.258122,-0.258122
0.749,-0.350195,-0.350195
0.75,-0.431054,-0.431054
0.751,-0.5,-0.5
0.752,-0.556635,-0.556635
0.753,-0.600861,-0.600861
0.754,-0.632885,-0.632885
0.755,-0.653198,-0.653198
0.756,-0.66257,-0.66257
0.757,-0.662017,-0.662017
0.758,-0.652775,-0.652775
0.759,-0.636262,-0.636262
0.76,-0.614044,-0.614044
0.761,-0.587785,-0.587785
0.762,-0.559207,-0.559207
0.763,-0.530039,-0.530039
0.764,-0.501973,-0.501973
0.765,-0.476621,-0.476621
0.766,-0.455464,-0.455464
0.767,-0.439819,-0.439819
0.768,-0.430803,-0.430803
0.769,-0.429299,-0.429299
0.77,-0.435932,-0.435932
0.771,-0.451057,-0.451057
0.772,-0.474739,-0.474739
0.773,-0.506759,-0.506759
0.774,-0.546611,-0.546611
0.775,-0.593518,-0.593518
0.776,-0.646447,-0.646447
0.777,-0.704134,-0.704134
0.778,-0.765119,-0.765119
0.779,-0.827779,-0.827779
0.78,-0.890366,-0.890366
0.781,-0.951057,-0.951057
0.782,-1.00799,-1.00799
0.783,-1.05934,-1.05934
0.784,-1.1033,-1.1033
0.785,-1.13822,-1.13822
0.786,-1.16257,-1.16257
0.787,-1.17502,-1.17502
0.788,-1.17447,-1.17447
0.789,-1.16008,-1.16008
0.79,-1.13127,-1.13127
0.791,-1.08779,-1.08779
0.792,-1.02967,-1.02967
0.793,-0.957282,-0.957282
0.794,-0.871283,-0.871283
0.795,-0.772633,-0.772633
0.796,-0.66257,-0.66257
0.797,-0.542583,-0.542583
0.798,-0.414377,-0.414377
0.799,-0.279842,-0.279842
0.8,-0.141008,-0.141008
0.801,8.08564e-14,8.08564e-14
0.802,0.141008,0.141008
0.803,0.279842,0.279842
0.804,0.414377,0.414377
0.805,0.542583,0.542583
0.806,0.66257,0.66257
0.807,0.772633,0.772633
0.808,0.871283,0.871283
0.809,0.957282,0.957282
0.81,1.02967,1.02967
0.811,1.08779,1.08779
0.812,1.13127,1.13127
0.813,1.16008,1.16008
0.814,1.17447,1.17447
0.815,1.17502,1.17502
0.816,1.16257,1.16257
0.817,1.13822,1.13822
0.818,1.1033,1.1033
0.819,1.05934,1.05934
0.82,1.00799,1.00799
0.821,0.951057,0.951057
0.822,0.890366,0.890366
0.823,0.827779,0.827779
0.824,0.765119,0.765119
0.825,0.704134,0.704134
0.826,0.646447,0.646447
0.827,0.593518,0.593518
0.828,0.546611,0.546611
0.829,0.506759,0.506759
0.83,0.474739,0.474739
0.831,0.451057,0.451057
0.832,0.435932,0.435932
0.833,0.429299,0.429299
0.834,0.430803,0.430803
0.835,0.439819,0.439819
0.836,0.455464,0.455464
0.837,0.476621,0.476621
0.838,0.501973,0.501973
0.839,0.530039,0.530039
0.84,0.559207,0.559207
0.841,0.587785,0.587785
0.842,0.614044,0.614044
0.843,0.636262,0.636262
0.844,0.652775,0.652775
0.845,0.662017,0.662017
0.846,0.66257,0.66257
0.847,0.653198,0.653198
0.848,0.632885,0.632885
0.849,0.600861,0.600861
0.85,0.556635,0.556635
0.851,0.5,0.5
0.852,0.431054,0.431054
0.853,0.350195,0.350195
0.854,0.258122,0.258122
0.855,0.155819,0.155819
0.856,0.0445364,0.0445364
0.857,-0.0742319,-0.0742319
0.858,-0.198784,-0.198784
0.859,-0.327245,-0.327245
0.86,-0.45761,-0.45761
0.861,-0.587785,-0.587785
0.862,-0.715641,-0.715641
0.863,-0.839056,-0.839056
0.864,-0.955964,-0.955964
0.865,-1.06441,-1.06441
0.866,-1.16257,-1.16257
0.867,-1.24884,-1.24884
0.868,-1.32181,-1.32181
0.869,-1.38036,-1.38036
0.87,-1.42362,-1.42362
0.871,-1.45106,-1.45106
0.872,-1.46243,-1.46243
0.873,-1.45782,-1.45782
0.874,-1.43762,-1.43762
0.875,-1.40254,-1.40254
0.876,-1.35355,-1.35355
0.877,-1.29192,-1.29192
0.878,-1.21911,-1.21911
0.879,-1.1368,-1.1368
0.88,-1.0468,-1.0468
0.881,-0.951057,-0.951057
0.882,-0.851559,-0.851559
0.883,-0.750319,-0.750319
0.884,-0.649311,-0.649311
0.885,-0.550435,-0.550435
0.886,-0.455464,-0.455464
0.887,-0.366005,-0.366005
0.888,-0.283465,-0.283465
0.889,-0.209019,-0.209019
0.89,-0.14358,-0.14358
0.891,-0.0877853,-0.0877853
0.892,-0.0419826,-0.0419826
0.893,-0.00622542,-0.00622542
0.894,0.019724,0.019724
0.895,0.0363839,0.0363839
0.896,0.0445364,0.0445364
0.897,0.0452027,0.0452027
0.898,0.0396139,0.0396139
0.899,0.0291753,0.0291753
0.9,0.0154267,0.0154267
0.901,-1.54361e-14,-1.54361e-14
0.902,-0.0154267,-0.0154267
0.903,-0.0291753,-0.0291753
0.904,-0.0396139,-0.0396139
0.905,-0.0452027,-0.0452027
0.906,-0.0445364,-0.0445364
0.907,-0.0363839,-0.0363839
0.908,-0.019724,-0.019724
0.909,0.00622542,0.00622542
0.91,0.0419826,0.0419826
0.911,0.0877853,0.0877853
0.912,0.14358,0.14358
0.913,0.209019,0.209019
0.914,0.283465,0.283465
0.915,0.366005,0.366005
0.916,0.455464,0.455464
0.917,0.550435,0.550435
0.918,0.649311,0.649311
0.919,0.750319,0.750319
0.92,0.851559,0.851559
0.921,0.951057,0.951057
0.922,1.0468,1.0468
0.923,1.1368,1.1368
0.924,1.21911,1.21911
0.925,1.29192,1.29192
0.926,1.35355,1.35355
0.927,1.40254,1.40254
0.928,1.43762,1.43762
0.929,1.45782,1.45782
0.93,1.46243,1.46243
0.931,1.45106,1.45106
0.932,1.42362,1.42362
0.933,1.38036,1.38036
0.934,1.32181,1.32181
0.935,1.24884,1.24884
0.936,1.16257,1.16257
0.937,1.06441,1.06441
0.938,0.955964,0.955964
0.939,0.839056,0.839056
0.94,0.715641,0.715641
0.941,0.587785,0.587785
0.942,0.45761,0.45761
0.943,0.327245,0.327245
0.944,0.198784,0.198784
0.945,0.0742319,0.0742319
0.946,-0.0445364,-0.0445364
0.947,-0.155819,-0.155819
0.948,-0.258122,-0.258122
0.949,-0.350195,-0.350195
0.95,-0.431054,-0.431054
0.951,-0.5,-0.5
0.952,-0.556635,-0.556635
0.953,-0.600861,-0.600861
0.954,-0.632885,-0.632885
0.955,-0.653198,-0.653198
0.956,-0.66257,-0.66257
0.957,-0.662017,-0.662017
0.958,-0.652775,-0.652775
0.959,-0.636262,-0.636262
0.96,-0.614044,-0.614044
0.961,-0.587785,-0.587785
0.962,-0.559207,-0.559207
0.963,-0.530039,-0.530039
0.964,-0.501973,-0.501973
0.965,-0.476621,-0.476621
0.966,-0.455464,-0.455464
0.967,-0.439819,-0.439819
0.968,-0.430803,-0.430803
0.969,-0.429299,-0.429299
0.97,-0.435932,-0.435932
0.971,-0.451057,-0.451057
0.972,-0.474739,-0.474739
0.973,-0.506759,-0.506759
0.974,-0.546611,-0.546611
0.975,-0.593518,-0.593518
0.976,-0.646447,-0.646447
0.977,-0.704134,-0.704134
0.978,-0.765119,-0.765119
0.979,-0.827779,-0.827779
0.98,-0.890366,-0.890366
0.981,-0.951057,-0.951057
0.982,-1.00799,-1.00799
0.983,-1.05934,-1.05934
0.984,-1.1033,-1.1033
0.985,-1.13822,-1.13822
0.986,-1.16257,-1.16257
0.987,-1.17502,-1.17502
0.988,-1.17447,-1.17447
0.989,-1.16008,-1.16008
0.99,-1.13127,-1.13127
0.991,-1.08779,-1.08779
0.992,-1.02967,-1.02967
0.993,-0.957282,-0.957282
0.994,-0.871283,-0.871283
0.995,-0.772633,-0.772633
0.996,-0.66257,-0.66257
0.997,-0.542583,-0.542583
0.998,-0.414377,-0.414377
0.999,-0.279842,-0.279842
