time,Command,Rate_Limiter,Quantizer,Then_Quant
0,0,0,0,0
0.001,0,0,0,0
0.002,0.0628302,0.03,0,0
0.003,0.12565,0.07,0,0
0.004,0.188451,0.11,0,0
0.005,0.251222,0.15,0.5,0
0.006,0.313953,0.19,0.5,0
0.007,0.376634,0.23,0.5,0
0.008,0.439256,0.27,0.5,0.5
0.009,0.501809,0.31,0.5,0.5
0.01,0.564282,0.35,0.5,0.5
0.011,0.626666,0.39,0.5,0.5
0.012,0.688951,0.43,0.5,0.5
0.013,0.751128,0.47,1,0.5
0.014,0.813186,0.51,1,0.5
0.015,0.875115,0.55,1,0.5
0.016,0.936907,0.59,1,0.5
0.017,0.99855,0.63,1,0.5
0.018,1.06004,0.67,1,0.5
0.019,1.12135,0.71,1,0.5
0.02,1.18249,0.75,1,0.5
0.021,1.24345,0.79,1,1
0.022,1.30421,0.83,1.5,1
0.023,1.36476,0.87,1.5,1
0.024,1.4251,0.91,1.5,1
0.025,1.48521,0.95,1.5,1
0.026,1.54508,0.99,1.5,1
0.027,1.60472,1.03,1.5,1
0.028,1.6641,1.07,1.5,1
0.029,1.72321,1.11,1.5,1
0.03,1.78206,1.15,2,1
0.031,1.84062,1.19,2,1
0.032,1.8989,1.23,2,1
0.033,1.95687,1.27,2,1.5
0.034,2.01453,1.31,2,1.5
0.035,2.07188,1.35,2,1.5
0.036,2.1289,1.39,2,1.5
0.037,2.18558,1.43,2,1.5
0.038,2.24192,1.47,2,1.5
0.039,2.2979,1.51,2.5,1.5
0.04,2.35352,1.55,2.5,1.5
0.041,2.40877,1.59,2.5,1.5
0.042,2.46364,1.63,2.5,1.5
0.043,2.51812,1.67,2.5,1.5
0.044,2.5722,1.71,2.5,1.5
0.045,2.62587,1.75,2.5,1.5
0.046,2.67913,1.79,2.5,2
0.047,2.73197,1.83,2.5,2
0.048,2.78438,1.87,3,2
0.049,2.83634,1.91,3,2
0.05,2.88786,1.95,3,2
0.051,2.93893,1.99,3,2
0.052,2.98952,2.03,3,2
0.053,3.03965,2.07,3,2
0.054,3.0893,2.11,3,2
0.055,3.13846,2.15,3,2
0.056,3.18712,2.19,3,2
0.057,3.23528,2.23,3,2
0.058,3.28293,2.27,3.5,2.5
0.059,3.33006,2.31,3.5,2.5
0.06,3.37666,2.35,3.5,2.5
0.061,3.42274,2.39,3.5,2.5
0.062,3.46827,2.43,3.5,2.5
0.063,3.51325,2.47,3.5,2.5
0.064,3.55768,2.51,3.5,2.5
0.065,3.60155,2.55,3.5,2.5
0.066,3.64484,2.59,3.5,2.5
0.067,3.68757,2.63,3.5,2.5
0.068,3.72971,2.67,3.5,2.5
0.069,3.77126,2.71,4,2.5
0.07,3.81221,2.75,4,2.5
0.071,3.85257,2.79,4,3
0.072,3.89231,2.83,4,3
0.073,3.93144,2.87,4,3
0.074,3.96995,2.91,4,3
0.075,4.00783,2.95,4,3
0.076,4.04508,2.99,4,3
0.077,4.0817,3.03,4,3
0.078,4.11766,3.07,4,3
0.079,4.15298,3.11,4,3
0.08,4.18764,3.15,4,3
0.081,4.22164,3.19,4,3
0.082,4.25497,3.23,4.5,3
0.083,4.28763,3.27,4.5,3.5
0.084,4.31962,3.31,4.5,3.5
0.085,4.35092,3.35,4.5,3.5
0.086,4.38153,3.39,4.5,3.5
0.087,4.41146,3.43,4.5,3.5
0.088,4.44068,3.47,4.5,3.5
0.089,4.46921,3.51,4.5,3.5
0.09,4.49703,3.55,4.5,3.5
0.091,4.52414,3.59,4.5,3.5
0.092,4.55053,3.63,4.5,3.5
0.093,4.57621,3.67,4.5,3.5
0.094,4.60116,3.71,4.5,3.5
0.095,4.62539,3.75,4.5,3.5
0.096,4.64888,3.79,4.5,4
0.097,4.67164,3.83,4.5,4
0.098,4.69367,3.87,4.5,4
0.099,4.71495,3.91,4.5,4
0.1,4.73549,3.95,4.5,4
0.101,4.75528,3.99,5,4
0.102,4.77432,4.03,5,4
0.103,4.79261,4.07,5,4
0.104,4.81014,4.11,5,4
0.105,4.82691,4.15,5,4
0.106,4.84292,4.19,5,4
0.107,4.85816,4.23,5,4
0.108,4.87263,4.27,5,4.5
0.109,4.88634,4.31,5,4.5
0.11,4.89928,4.35,5,4.5
0.111,4.91144,4.39,5,4.5
0.112,4.92282,4.43,5,4.5
0.113,4.93343,4.47,5,4.5
0.114,4.94326,4.51,5,4.5
0.115,4.95231,4.55,5,4.5
0.116,4.96057,4.59,5,4.5
0.117,4.96806,4.63,5,4.5
0.118,4.97476,4.67,5,4.5
0.119,4.98067,4.71,5,4.5
0.12,4.98579,4.75,5,4.5
0.121,4.99013,4.79,5,5
0.122,4.99368,4.83,5,5
0.123,4.99645,4.87,5,5
0.124,4.99842,4.91,5,5
0.125,4.99961,4.95,5,5
0.126,5,4.99,5,5
0.127,4.99961,4.99961,5,5
0.128,4.99842,4.99842,5,5
0.129,4.99645,4.99645,5,5
0.13,4.99368,4.99368,5,5
0.131,4.99013,4.99013,5,5
0.132,4.98579,4.98579,5,5
0.133,4.98067,4.98067,5,5
0.134,4.97476,4.97476,5,5
0.135,4.96806,4.96806,5,5
0.136,4.96057,4.96057,5,5
0.137,4.95231,4.95231,5,5
0.138,4.94326,4.94326,5,5
0.139,4.93343,4.93343,5,5
0.14,4.92282,4.92282,5,5
0.141,4.91144,4.91144,5,5
0.142,4.89928,4.89928,5,5
0.143,4.88634,4.88634,5,5
0.144,4.87263,4.87263,5,5
0.145,4.85816,4.85816,5,5
0.146,4.84292,4.84292,5,5
0.147,4.82691,4.82691,5,5
0.148,4.81014,4.81014,5,5
0.149,4.79261,4.79261,5,5
0.15,4.77432,4.77432,5,5
0.151,4.75528,4.75528,5,5
0.152,4.73549,4.73549,4.5,4.5
0.153,4.71495,4.71495,4.5,4.5
0.154,4.69367,4.69367,4.5,4.5
0.155,4.67164,4.67164,4.5,4.5
0.156,4.64888,4.64888,4.5,4.5
0.157,4.62539,4.62539,4.5,4.5
0.158,4.60116,4.60116,4.5,4.5
0.159,4.57621,4.57621,4.5,4.5
0.16,4.55053,4.55053,4.5,4.5
0.161,4.52414,4.52414,4.5,4.5
0.162,4.49703,4.49703,4.5,4.5
0.163,4.46921,4.46921,4.5,4.5
0.164,4.44068,4.44068,4.5,4.5
0.165,4.41146,4.41146,4.5,4.5
0.166,4.38153,4.38153,4.5,4.5
0.167,4.35092,4.35153,4.5,4.5
0.168,4.31962,4.32092,4.5,4.5
0.169,4.28763,4.28962,4.5,4.5
0.17,4.25497,4.25763,4.5,4.5
0.171,4.22164,4.22497,4,4
0.172,4.18764,4.19164,4,4
0.173,4.15298,4.15764,4,4
0.174,4.11766,4.12298,4,4
0.175,4.0817,4.08766,4,4
0.176,4.04508,4.0517,4,4
0.177,4.00783,4.01508,4,4
0.178,3.96995,3.97783,4,4
0.179,3.93144,3.93995,4,4
0.18,3.89231,3.90144,4,4
0.181,3.85257,3.86231,4,4
0.182,3.81221,3.82257,4,4
0.183,3.77126,3.78257,4,4
0.184,3.72971,3.74257,3.5,4
0.185,3.68757,3.70257,3.5,3.5
0.186,3.64484,3.66257,3.5,3.5
0.187,3.60155,3.62257,3.5,3.5
0.188,3.55768,3.58257,3.5,3.5
0.189,3.51325,3.54257,3.5,3.5
0.19,3.46827,3.50257,3.5,3.5
0.191,3.42274,3.46257,3.5,3.5
0.192,3.37666,3.42257,3.5,3.5
0.193,3.33006,3.38257,3.5,3.5
0.194,3.28293,3.34257,3.5,3.5
0.195,3.23528,3.30257,3,3.5
0.196,3.18712,3.26257,3,3.5
0.197,3.13846,3.22257,3,3
0.198,3.0893,3.18257,3,3
0.199,3.03965,3.14257,3,3
0.2,2.98952,3.10257,3,3
0.201,2.93893,3.06257,3,3
0.202,2.88786,3.02257,3,3
0.203,2.83634,2.98257,3,3
0.204,2.78438,2.94257,3,3
0.205,2.73197,2.90257,2.5,3
0.206,2.67913,2.86257,2.5,3
0.207,2.62587,2.82257,2.5,3
0.208,2.5722,2.78257,2.5,3
0.209,2.51812,2.74257,2.5,3
0.21,2.46364,2.70257,2.5,2.5
0.211,2.40877,2.66257,2.5,2.5
0.212,2.35352,2.62257,2.5,2.5
0.213,2.2979,2.58257,2.5,2.5
0.214,2.24192,2.54257,2,2.5
0.215,2.18558,2.50257,2,2.5
0.216,2.1289,2.46257,2,2.5
0.217,2.07188,2.42257,2,2.5
0.218,2.01453,2.38257,2,2.5
0.219,1.95687,2.34257,2,2.5
0.22,1.8989,2.30257,2,2.5
0.221,1.84062,2.26257,2,2.5
0.222,1.78206,2.22257,2,2
0.223,1.72321,2.18257,1.5,2
0.224,1.6641,2.14257,1.5,2
0.225,1.60472,2.10257,1.5,2
0.226,1.54508,2.06257,1.5,2
0.227,1.48521,2.02257,1.5,2
0.228,1.4251,1.98257,1.5,2
0.229,1.36476,1.94257,1.5,2
0.23,1.30421,1.90257,1.5,2
0.231,1.24345,1.86257,1,2
0.232,1.18249,1.82257,1,2
0.233,1.12135,1.78257,1,2
0.234,1.06004,1.74257,1,2
0.235,0.99855,1.70257,1,1.5
0.236,0.936907,1.66257,1,1.5
0.237,0.875115,1.62257,1,1.5
0.238,0.813186,1.58257,1,1.5
0.239,0.751128,1.54257,1,1.5
0.24,0.688951,1.50257,0.5,1.5
0.241,0.626666,1.46257,0.5,1.5
0.242,0.564282,1.42257,0.5,1.5
0.243,0.501809,1.38257,0.5,1.5
0.244,0.439256,1.34257,0.5,1.5
0.245,0.376634,1.30257,0.5,1.5
0.246,0.313953,1.26257,0.5,1.5
0.247,0.251222,1.22257,0.5,1
0.248,0.188451,1.18257,0,1
0.249,0.12565,1.14257,0,1
0.25,0.0628302,1.10257,0,1
0.251,-1.04899e-14,1.06257,-0,1
0.252,-0.0628302,1.02257,-0,1
0.253,-0.12565,0.982566,-0,1
0.254,-0.188451,0.942566,-0,1
0.255,-0.251222,0.902566,-0.5,1
0.256,-0.313953,0.862566,-0.5,1
0.257,-0.376634,0.822566,-0.5,1
0.258,-0.439256,0.782566,-0.5,1
0.259,-0.501809,0.742566,-0.5,1
0.26,-0.564282,0.702566,-0.5,0.5
0.261,-0.626666,0.662566,-0.5,0.5
0.262,-0.688951,0.622566,-0.5,0.5
0.263,-0.751128,0.582566,-1,0.5
0.264,-0.813186,0.542566,-1,0.5
0.265,-0.875115,0.502566,-1,0.5
0.266,-0.936907,0.462566,-1,0.5
0.267,-0.99855,0.422566,-1,0.5
0.268,-1.06004,0.382566,-1,0.5
0.269,-1.12135,0.342566,-1,0.5
0.27,-1.18249,0.302566,-1,0.5
0.271,-1.24345,0.262566,-1,0.5
0.272,-1.30421,0.222566,-1.5,0
0.273,-1.36476,0.182566,-1.5,0
0.274,-1.4251,0.142566,-1.5,0
0.275,-1.48521,0.102566,-1.5,0
0.276,-1.54508,0.0625662,-1.5,0
0.277,-1.60472,0.0225662,-1.5,0
0.278,-1.6641,-0.0174338,-1.5,-0
0.279,-1.72321,-0.0574338,-1.5,-0
0.28,-1.78206,-0.0974338,-2,-0
0.281,-1.84062,-0.137434,-2,-0
0.282,-1.8989,-0.177434,-2,-0
0.283,-1.95687,-0.217434,-2,-0
0.284,-2.01453,-0.257434,-2,-0
0.285,-2.07188,-0.297434,-2,-0.5
0.286,-2.1289,-0.337434,-2,-0.5
0.287,-2.18558,-0.377434,-2,-0.5
0.288,-2.24192,-0.417434,-2,-0.5
0.289,-2.2979,-0.457434,-2.5,-0.5
0.29,-2.35352,-0.497434,-2.5,-0.5
0.291,-2.40877,-0.537434,-2.5,-0.5
0.292,-2.46364,-0.577434,-2.5,-0.5
0.293,-2.51812,-0.617434,-2.5,-0.5
0.294,-2.5722,-0.657434,-2.5,-0.5
0.295,-2.62587,-0.697434,-2.5,-0.5
0.296,-2.67913,-0.737434,-2.5,-0.5
0.297,-2.73197,-0.777434,-2.5,-1
0.298,-2.78438,-0.817434,-3,-1
0.299,-2.83634,-0.857434,-3,-1
0.3,-2.88786,-0.897434,-3,-1
0.301,-2.93893,-0.937434,-3,-1
0.302,-2.98952,-0.977434,-3,-1
0.303,-3.03965,-1.01743,-3,-1
0.304,-3.0893,-1.05743,-3,-1
0.305,-3.13846,-1.09743,-3,-1
0.306,-3.18712,-1.13743,-3,-1
0.307,-3.23528,-1.17743,-3,-1
0.308,-3.28293,-1.21743,-3.5,-1
0.309,-3.33006,-1.25743,-3.5,-1
0.31,-3.37666,-1.29743,-3.5,-1.5
0.311,-3.42274,-1.33743,-3.5,-1.5
0.312,-3.46827,-1.37743,-3.5,-1.5
0.313,-3.51325,-1.41743,-3.5,-1.5
0.314,-3.55768,-1.45743,-3.5,-1.5
0.315,-3.60155,-1.49743,-3.5,-1.5
0.316,-3.64484,-1.53743,-3.5,-1.5
0.317,-3.68757,-1.57743,-3.5,-1.5
0.318,-3.72971,-1.61743,-3.5,-1.5
0.319,-3.77126,-1.65743,-4,-1.5
0.32,-3.81221,-1.69743,-4,-1.5
0.321,-3.85257,-1.73743,-4,-1.5
0.322,-3.89231,-1.77743,-4,-2
0.323,-3.93144,-1.81743,-4,-2
0.324,-3.96995,-1.85743,-4,-2
0.325,-4.00783,-1.89743,-4,-2
0.326,-4.04508,-1.93743,-4,-2
0.327,-4.0817,-1.97743,-4,-2
0.328,-4.11766,-2.01743,-4,-2
0.329,-4.15298,-2.05743,-4,-2
0.33,-4.18764,-2.09743,-4,-2
0.331,-4.22164,-2.13743,-4,-2
0.332,-4.25497,-2.17743,-4.5,-2
0.333,-4.28763,-2.21743,-4.5,-2
0.334,-4.31962,-2.25743,-4.5,-2
0.335,-4.35092,-2.29743,-4.5,-2.5
0.336,-4.38153,-2.33743,-4.5,-2.5
0.337,-4.41146,-2.37743,-4.5,-2.5
0.338,-4.44068,-2.41743,-4.5,-2.5
0.339,-4.46921,-2.45743,-4.5,-2.5
0.34,-4.49703,-2.49743,-4.5,-2.5
0.341,-4.52414,-2.53743,-4.5,-2.5
0.342,-4.55053,-2.57743,-4.5,-2.5
0.343,-4.57621,-2.61743,-4.5,-2.5
0.344,-4.60116,-2.65743,-4.5,-2.5
0.345,-4.62539,-2.69743,-4.5,-2.5
0.346,-4.64888,-2.73743,-4.5,-2.5
0.347,-4.67164,-2.77743,-4.5,-3
0.348,-4.69367,-2.81743,-4.5,-3
0.349,-4.71495,-2.85743,-4.5,-3
0.35,-4.73549,-2.89743,-4.5,-3
0.351,-4.75528,-2.93743,-5,-3
0.352,-4.77432,-2.97743,-5,-3
0.353,-4.79261,-3.01743,-5,-3
0.354,-4.81014,-3.05743,-5,-3
0.355,-4.82691,-3.09743,-5,-3
0.356,-4.84292,-3.13743,-5,-3
0.357,-4.85816,-3.17743,-5,-3
0.358,-4.87263,-3.21743,-5,-3
0.359,-4.88634,-3.25743,-5,-3
0.36,-4.89928,-3.29743,-5,-3.5
0.361,-4.91144,-3.33743,-5,-3.5
0.362,-4.92282,-3.37743,-5,-3.5
0.363,-4.93343,-3.41743,-5,-3.5
0.364,-4.94326,-3.45743,-5,-3.5
0.365,-4.95231,-3.49743,-5,-3.5
0.366,-4.96057,-3.53743,-5,-3.5
0.367,-4.96806,-3.57743,-5,-3.5
0.368,-4.97476,-3.61743,-5,-3.5
0.369,-4.98067,-3.65743,-5,-3.5
0.37,-4.98579,-3.69743,-5,-3.5
0.371,-4.99013,-3.73743,-5,-3.5
0.372,-4.99368,-3.77743,-5,-4
0.373,-4.99645,-3.81743,-5,-4
0.374,-4.99842,-3.85743,-5,-4
0.375,-4.99961,-3.89743,-5,-4
0.376,-5,-3.93743,-5,-4
0.377,-4.99961,-3.97743,-5,-4
0.378,-4.99842,-4.01743,-5,-4
0.379,-4.99645,-4.05743,-5,-4
0.38,-4.99368,-4.09743,-5,-4
0.381,-4.99013,-4.13743,-5,-4
0.382,-4.98579,-4.17743,-5,-4
0.383,-4.98067,-4.21743,-5,-4
0.384,-4.97476,-4.25743,-5,-4
0.385,-4.96806,-4.29743,-5,-4.5
0.386,-4.96057,-4.33743,-5,-4.5
0.387,-4.95231,-4.37743,-5,-4.5
0.388,-4.94326,-4.41743,-5,-4.5
0.389,-4.93343,-4.45743,-5,-4.5
0.39,-4.92282,-4.49743,-5,-4.5
0.391,-4.91144,-4.53743,-5,-4.5
0.392,-4.89928,-4.57743,-5,-4.5
0.393,-4.88634,-4.61743,-5,-4.5
0.394,-4.87263,-4.65743,-5,-4.5
0.395,-4.85816,-4.69743,-5,-4.5
0.396,-4.84292,-4.73743,-5,-4.5
0.397,-4.82691,-4.77743,-5,-5
0.398,-4.81014,-4.81014,-5,-5
0.399,-4.79261,-4.79261,-5,-5
0.4,-4.77432,-4.77432,-5,-5
0.401,-4.75528,-4.75528,-5,-5
0.402,-4.73549,-4.73549,-4.5,-4.5
0.403,-4.71495,-4.71495,-4.5,-4.5
0.404,-4.69367,-4.69367,-4.5,-4.5
0.405,-4.67164,-4.67164,-4.5,-4.5
0.406,-4.64888,-4.64888,-4.5,-4.5
0.407,-4.62539,-4.62539,-4.5,-4.5
0.408,-4.60116,-4.60116,-4.5,-4.5
0.409,-4.57621,-4.57621,-4.5,-4.5
0.41,-4.55053,-4.55053,-4.5,-4.5
0.411,-4.52414,-4.52414,-4.5,-4.5
0.412,-4.49703,-4.49703,-4.5,-4.5
0.413,-4.46921,-4.46921,-4.5,-4.5
0.414,-4.44068,-4.44068,-4.5,-4.5
0.415,-4.41146,-4.41146,-4.5,-4.5
0.416,-4.38153,-4.38153,-4.5,-4.5
0.417,-4.35092,-4.35153,-4.5,-4.5
0.418,-4.31962,-4.32092,-4.5,-4.5
0.419,-4.28763,-4.28962,-4.5,-4.5
0.42,-4.25497,-4.25763,-4.5,-4.5
0.421,-4.22164,-4.22497,-4,-4
0.422,-4.18764,-4.19164,-4,-4
0.423,-4.15298,-4.15764,-4,-4
0.424,-4.11766,-4.12298,-4,-4
0.425,-4.0817,-4.08766,-4,-4
0.426,-4.04508,-4.0517,-4,-4
0.427,-4.00783,-4.01508,-4,-4
0.428,-3.96995,-3.97783,-4,-4
0.429,-3.93144,-3.93995,-4,-4
0.43,-3.89231,-3.90144,-4,-4
0.431,-3.85257,-3.86231,-4,-4
0.432,-3.81221,-3.82257,-4,-4
0.433,-3.77126,-3.78257,-4,-4
0.434,-3.72971,-3.74257,-3.5,-4
0.435,-3.68757,-3.70257,-3.5,-3.5
0.436,-3.64484,-3.66257,-3.5,-3.5
0.437,-3.60155,-3.62257,-3.5,-3.5
0.438,-3.55768,-3.58257,-3.5,-3.5
0.439,-3.51325,-3.54257,-3.5,-3.5
0.44,-3.46827,-3.50257,-3.5,-3.5
0.441,-3.42274,-3.46257,-3.5,-3.5
0.442,-3.37666,-3.42257,-3.5,-3.5
0.443,-3.33006,-3.38257,-3.5,-3.5
0.444,-3.28293,-3.34257,-3.5,-3.5
0.445,-3.23528,-3.30257,-3,-3.5
0.446,-3.18712,-3.26257,-3,-3.5
0.447,-3.13846,-3.22257,-3,-3
0.448,-3.0893,-3.18257,-3,-3
0.449,-3.03965,-3.14257,-3,-3
0.45,-2.98952,-3.10257,-3,-3
0.451,-2.93893,-3.06257,-3,-3
0.452,-2.88786,-3.02257,-3,-3
0.453,-2.83634,-2.98257,-3,-3
0.454,-2.78438,-2.94257,-3,-3
0.455,-2.73197,-2.90257,-2.5,-3
0.456,-2.67913,-2.86257,-2.5,-3
0.457,-2.62587,-2.82257,-2.5,-3
0.458,-2.5722,-2.78257,-2.5,-3
0.459,-2.51812,-2.74257,-2.5,-3
0.46,-2.46364,-2.70257,-2.5,-2.5
0.461,-2.40877,-2.66257,-2.5,-2.5
0.462,-2.35352,-2.62257,-2.5,-2.5
0.463,-2.2979,-2.58257,-2.5,-2.5
0.464,-2.24192,-2.54257,-2,-2.5
0.465,-2.18558,-2.50257,-2,-2.5
0.466,-2.1289,-2.46257,-2,-2.5
0.467,-2.07188,-2.42257,-2,-2.5
0.468,-2.01453,-2.38257,-2,-2.5
0.469,-1.95687,-2.34257,-2,-2.5
0.47,-1.8989,-2.30257,-2,-2.5
0.471,-1.84062,-2.26257,-2,-2.5
0.472,-1.78206,-2.22257,-2,-2
0.473,-1.72321,-2.18257,-1.5,-2
0.474,-1.6641,-2.14257,-1.5,-2
0.475,-1.60472,-2.10257,-1.5,-2
0.476,-1.54508,-2.06257,-1.5,-2
0.477,-1.48521,-2.02257,-1.5,-2
0.478,-1.4251,-1.98257,-1.5,-2
0.479,-1.36476,-1.94257,-1.5,-2
0.48,-1.30421,-1.90257,-1.5,-2
0.481,-1.24345,-1.86257,-1,-2
0.482,-1.18249,-1.82257,-1,-2
0.483,-1.12135,-1.78257,-1,-2
0.484,-1.06004,-1.74257,-1,-2
0.485,-0.99855,-1.70257,-1,-1.5
0.486,-0.936907,-1.66257,-1,-1.5
0.487,-0.875115,-1.62257,-1,-1.5
0.488,-0.813186,-1.58257,-1,-1.5
0.489,-0.751128,-1.54257,-1,-1.5
0.49,-0.688951,-1.50257,-0.5,-1.5
0.491,-0.626666,-1.46257,-0.5,-1.5
0.492,-0.564282,-1.42257,-0.5,-1.5
0.493,-0.501809,-1.38257,-0.5,-1.5
0.494,-0.439256,-1.34257,-0.5,-1.5
0.495,-0.376634,-1.30257,-0.5,-1.5
0.496,-0.313953,-1.26257,-0.5,-1.5
0.497,-0.251222,-1.22257,-0.5,-1
0.498,-0.188451,-1.18257,-0,-1
0.499,-0.12565,-1.14257,-0,-1
0.5,-0.0628302,-1.10257,-0,-1
0.501,2.09798e-14,-1.06257,0,-1
0.502,0.0628302,-1.02257,0,-1
0.503,0.12565,-0.982566,0,-1
0.504,0.188451,-0.942566,0,-1
0.505,0.251222,-0.902566,0.5,-1
0.506,0.313953,-0.862566,0.5,-1
0.507,0.376634,-0.822566,0.5,-1
0.508,0.439256,-0.782566,0.5,-1
0.509,0.501809,-0.742566,0.5,-1
0.51,0.564282,-0.702566,0.5,-0.5
0.511,0.626666,-0.662566,0.5,-0.5
0.512,0.688951,-0.622566,0.5,-0.5
0.513,0.751128,-0.582566,1,-0.5
0.514,0.813186,-0.542566,1,-0.5
0.515,0.875115,-0.502566,1,-0.5
0.516,0.936907,-0.462566,1,-0.5
0.517,0.99855,-0.422566,1,-0.5
0.518,1.06004,-0.382566,1,-0.5
0.519,1.12135,-0.342566,1,-0.5
0.52,1.18249,-0.302566,1,-0.5
0.521,1.24345,-0.262566,1,-0.5
0.522,1.30421,-0.222566,1.5,-0
0.523,1.36476,-0.182566,1.5,-0
0.524,1.4251,-0.142566,1.5,-0
0.525,1.48521,-0.102566,1.5,-0
0.526,1.54508,-0.0625662,1.5,-0
0.527,1.60472,-0.0225662,1.5,-0
0.528,1.6641,0.0174338,1.5,0
0.529,1.72321,0.0574338,1.5,0
0.53,1.78206,0.0974338,2,0
0.531,1.84062,0.137434,2,0
0.532,1.8989,0.177434,2,0
0.533,1.95687,0.217434,2,0
0.534,2.01453,0.257434,2,0
0.535,2.07188,0.297434,2,0.5
0.536,2.1289,0.337434,2,0.5
0.537,2.18558,0.377434,2,0.5
0.538,2.24192,0.417434,2,0.5
0.539,2.2979,0.457434,2.5,0.5
0.54,2.35352,0.497434,2.5,0.5
0.541,2.40877,0.537434,2.5,0.5
0.542,2.46364,0.577434,2.5,0.5
0.543,2.51812,0.617434,2.5,0.5
0.544,2.5722,0.657434,2.5,0.5
0.545,2.62587,0.697434,2.5,0.5
0.546,2.67913,0.737434,2.5,0.5
0.547,2.73197,0.777434,2.5,1
0.548,2.78438,0.817434,3,1
0.549,2.83634,0.857434,3,1
0.55,2.88786,0.897434,3,1
0.551,2.93893,0.937434,3,1
0.552,2.98952,0.977434,3,1
0.553,3.03965,1.01743,3,1
0.554,3.0893,1.05743,3,1
0.555,3.13846,1.09743,3,1
0.556,3.18712,1.13743,3,1
0.557,3.23528,1.17743,3,1
0.558,3.28293,1.21743,3.5,1
0.559,3.33006,1.25743,3.5,1
0.56,3.37666,1.29743,3.5,1.5
0.561,3.42274,1.33743,3.5,1.5
0.562,3.46827,1.37743,3.5,1.5
0.563,3.51325,1.41743,3.5,1.5
0.564,3.55768,1.45743,3.5,1.5
0.565,3.60155,1.49743,3.5,1.5
0.566,3.64484,1.53743,3.5,1.5
0.567,3.68757,1.57743,3.5,1.5
0.568,3.72971,1.61743,3.5,1.5
0.569,3.77126,1.65743,4,1.5
0.57,3.81221,1.69743,4,1.5
0.571,3.85257,1.73743,4,1.5
0.572,3.89231,1.77743,4,2
0.573,3.93144,1.81743,4,2
0.574,3.96995,1.85743,4,2
0.575,4.00783,1.89743,4,2
0.576,4.04508,1.93743,4,2
0.577,4.0817,1.97743,4,2
0.578,4.11766,2.01743,4,2
0.579,4.15298,2.05743,4,2
0.58,4.18764,2.09743,4,2
0.581,4.22164,2.13743,4,2
0.582,4.25497,2.17743,4.5,2
0.583,4.28763,2.21743,4.5,2
0.584,4.31962,2.25743,4.5,2
0.585,4.35092,2.29743,4.5,2.5
0.586,4.38153,2.33743,4.5,2.5
0.587,4.41146,2.37743,4.5,2.5
0.588,4.44068,2.41743,4.5,2.5
0.589,4.46921,2.45743,4.5,2.5
0.59,4.49703,2.49743,4.5,2.5
0.591,4.52414,2.53743,4.5,2.5
0.592,4.55053,2.57743,4.5,2.5
0.593,4.57621,2.61743,4.5,2.5
0.594,4.60116,2.65743,4.5,2.5
0.595,4.62539,2.69743,4.5,2.5
0.596,4.64888,2.73743,4.5,2.5
0.597,4.67164,2.77743,4.5,3
0.598,4.69367,2.81743,4.5,3
0.599,4.71495,2.85743,4.5,3
0.6,4.73549,2.89743,4.5,3
0.601,4.75528,2.93743,5,3
0.602,4.77432,2.97743,5,3
0.603,4.79261,3.01743,5,3
0.604,4.81014,3.05743,5,3
0.605,4.82691,3.09743,5,3
0.606,4.84292,3.13743,5,3
0.607,4.85816,3.17743,5,3
0.608,4.87263,3.21743,5,3
0.609,4.88634,3.25743,5,3
0.61,4.89928,3.29743,5,3.5
0.611,4.91144,3.33743,5,3.5
0.612,4.92282,3.37743,5,3.5
0.613,4.93343,3.41743,5,3.5
0.614,4.94326,3.45743,5,3.5
0.615,4.95231,3.49743,5,3.5
0.616,4.96057,3.53743,5,3.5
0.617,4.96806,3.57743,5,3.5
0.618,4.97476,3.61743,5,3.5
0.619,4.98067,3.65743,5,3.5
0.62,4.98579,3.69743,5,3.5
0.621,4.99013,3.73743,5,3.5
0.622,4.99368,3.77743,5,4
0.623,4.99645,3.81743,5,4
0.624,4.99842,3.85743,5,4
0.625,4.99961,3.89743,5,4
0.626,5,3.93743,5,4
0.627,4.99961,3.97743,5,4
0.628,4.99842,4.01743,5,4
0.629,4.99645,4.05743,5,4
0.63,4.99368,4.09743,5,4
0.631,4.99013,4.13743,5,4
0.632,4.98579,4.17743,5,4
0.633,4.98067,4.21743,5,4
0.634,4.97476,4.25743,5,4
0.635,4.96806,4.29743,5,4.5
0.636,4.96057,4.33743,5,4.5
0.637,4.95231,4.37743,5,4.5
0.638,4.94326,4.41743,5,4.5
0.639,4.93343,4.45743,5,4.5
0.64,4.92282,4.49743,5,4.5
0.641,4.91144,4.53743,5,4.5
0.642,4.89928,4.57743,5,4.5
0.643,4.88634,4.61743,5,4.5
0.644,4.87263,4.65743,5,4.5
0.645,4.85816,4.69743,5,4.5
0.646,4.84292,4.73743,5,4.5
0.647,4.82691,4.77743,5,5
0.648,4.81014,4.81014,5,5
0.649,4.79261,4.79261,5,5
0.65,4.77432,4.77432,5,5
0.651,4.75528,4.75528,5,5
0.652,4.73549,4.73549,4.5,4.5
0.653,4.71495,4.71495,4.5,4.5
0.654,4.69367,4.69367,4.5,4.5
0.655,4.67164,4.67164,4.5,4.5
0.656,4.64888,4.64888,4.5,4.5
0.657,4.62539,4.62539,4.5,4.5
0.658,4.60116,4.60116,4.5,4.5
0.659,4.57621,4.57621,4.5,4.5
0.66,4.55053,4.55053,4.5,4.5
0.661,4.52414,4.52414,4.5,4.5
0.662,4.49703,4.49703,4.5,4.5
0.663,4.46921,4.46921,4.5,4.5
0.664,4.44068,4.44068,4.5,4.5
0.665,4.41146,4.41146,4.5,4.5
0.666,4.38153,4.38153,4.5,4.5
0.667,4.35092,4.35153,4.5,4.5
0.668,4.31962,4.32092,4.5,4.5
0.669,4.28763,4.28962,4.5,4.5
0.67,4.25497,4.25763,4.5,4.5
0.671,4.22164,4.22497,4,4
0.672,4.18764,4.19164,4,4
0.673,4.15298,4.15764,4,4
0.674,4.11766,4.12298,4,4
0.675,4.0817,4.08766,4,4
0.676,4.04508,4.0517,4,4
0.677,4.00783,4.01508,4,4
0.678,3.96995,3.97783,4,4
0.679,3.93144,3.93995,4,4
0.68,3.89231,3.90144,4,4
0.681,3.85257,3.86231,4,4
0.682,3.81221,3.82257,4,4
0.683,3.77126,3.78257,4,4
0.684,3.72971,3.74257,3.5,4
0.685,3.68757,3.70257,3.5,3.5
0.686,3.64484,3.66257,3.5,3.5
0.687,3.60155,3.62257,3.5,3.5
0.688,3.55768,3.58257,3.5,3.5
0.689,3.51325,3.54257,3.5,3.5
0.69,3.46827,3.50257,3.5,3.5
0.691,3.42274,3.46257,3.5,3.5
0.692,3.37666,3.42257,3.5,3.5
0.693,3.33006,3.38257,3.5,3.5
0.694,3.28293,3.34257,3.5,3.5
0.695,3.23528,3.30257,3,3.5
0.696,3.18712,3.26257,3,3.5
0.697,3.13846,3.22257,3,3
0.698,3.0893,3.18257,3,3
0.699,3.03965,3.14257,3,3
0.7,2.98952,3.10257,3,3
0.701,2.93893,3.06257,3,3
0.702,2.88786,3.02257,3,3
0.703,2.83634,2.98257,3,3
0.704,2.78438,2.94257,3,3
0.705,2.73197,2.90257,2.5,3
0.706,2.67913,2.86257,2.5,3
0.707,2.62587,2.82257,2.5,3
0.708,2.5722,2.78257,2.5,3
0.709,2.51812,2.74257,2.5,3
0.71,2.46364,2.70257,2.5,2.5
0.711,2.40877,2.66257,2.5,2.5
0.712,2.35352,2.62257,2.5,2.5
0.713,2.2979,2.58257,2.5,2.5
0.714,2.24192,2.54257,2,2.5
0.715,2.18558,2.50257,2,2.5
0.716,2.1289,2.46257,2,2.5
0.717,2.07188,2.42257,2,2.5
0.718,2.01453,2.38257,2,2.5
0.719,1.95687,2.34257,2,2.5
0.72,1.8989,2.30257,2,2.5
0.721,1.84062,2.26257,2,2.5
0.722,1.78206,2.22257,2,2
0.723,1.72321,2.18257,1.5,2
0.724,1.6641,2.14257,1.5,2
0.725,1.60472,2.10257,1.5,2
0.726,1.54508,2.06257,1.5,2
0.727,1.48521,2.02257,1.5,2
0.728,1.4251,1.98257,1.5,2
0.729,1.36476,1.94257,1.5,2
0.73,1.30421,1.90257,1.5,2
0.731,1.24345,1.86257,1,2
0.732,1.18249,1.82257,1,2
0.733,1.12135,1.78257,1,2
0.734,1.06004,1.74257,1,2
0.735,0.99855,1.70257,1,1.5
0.736,0.936907,1.66257,1,1.5
0.737,0.875115,1.62257,1,1.5
0.738,0.813186,1.58257,1,1.5
0.739,0.751128,1.54257,1,1.5
0.74,0.688951,1.50257,0.5,1.5
0.741,0.626666,1.46257,0.5,1.5
0.742,0.564282,1.42257,0.5,1.5
0.743,0.501809,1.38257,0.5,1.5
0.744,0.439256,1.34257,0.5,1.5
0.745,0.376634,1.30257,0.5,1.5
0.746,0.313953,1.26257,0.5,1.5
0.747,0.251222,1.22257,0.5,1
0.748,0.188451,1.18257,0,1
0.749,0.12565,1.14257,0,1
0.75,0.0628302,1.10257,0,1
0.751,-3.36902e-14,1.06257,-0,1
0.752,-0.0628302,1.02257,-0,1
0.753,-0.12565,0.982566,-0,1
0.754,-0.188451,0.942566,-0,1
0.755,-0.251222,0.902566,-0.5,1
0.756,-0.313953,0.862566,-0.5,1
0.757,-0.376634,0.822566,-0.5,1
0.758,-0.439256,0.782566,-0.5,1
0.759,-0.501809,0.742566,-0.5,1
0.76,-0.564282,0.702566,-0.5,0.5
0.761,-0.626666,0.662566,-0.5,0.5
0.762,-0.688951,0.622566,-0.5,0.5
0.763,-0.751128,0.582566,-1,0.5
0.764,-0.813186,0.542566,-1,0.5
0.765,-0.875115,0.502566,-1,0.5
0.766,-0.936907,0.462566,-1,0.5
0.767,-0.99855,0.422566,-1,0.5
0.768,-1.06004,0.382566,-1,0.5
0.769,-1.12135,0.342566,-1,0.5
0.77,-1.18249,0.302566,-1,0.5
0.771,-1.24345,0.262566,-1,0.5
0.772,-1.30421,0.222566,-1.5,0
0.773,-1.36476,0.182566,-1.5,0
0.774,-1.4251,0.142566,-1.5,0
0.775,-1.48521,0.102566,-1.5,0
0.776,-1.54508,0.0625662,-1.5,0
0.777,-1.60472,0.0225662,-1.5,0
0.778,-1.6641,-0.0174338,-1.5,-0
0.779,-1.72321,-0.0574338,-1.5,-0
0.78,-1.78206,-0.0974338,-2,-0
0.781,-1.84062,-0.137434,-2,-0
0.782,-1.8989,-0.177434,-2,-0
0.783,-1.95687,-0.217434,-2,-0
0.784,-2.01453,-0.257434,-2,-0
0.785,-2.07188,-0.297434,-2,-0.5
0.786,-2.1289,-0.337434,-2,-0.5
0.787,-2.18558,-0.377434,-2,-0.5
0.788,-2.24192,-0.417434,-2,-0.5
0.789,-2.2979,-0.457434,-2.5,-0.5
0.79,-2.35352,-0.497434,-2.5,-0.5
0.791,-2.40877,-0.537434,-2.5,-0.5
0.792,-2.46364,-0.577434,-2.5,-0.5
0.793,-2.51812,-0.617434,-2.5,-0.5
0.794,-2.5722,-0.657434,-2.5,-0.5
0.795,-2.62587,-0.697434,-2.5,-0.5
0.796,-2.67913,-0.737434,-2.5,-0.5
0.797,-2.73197,-0.777434,-2.5,-1
0.798,-2.78438,-0.817434,-3,-1
0.799,-2.83634,-0.857434,-3,-1
0.8,-2.88786,-0.897434,-3,-1
0.801,-2.93893,-0.937434,-3,-1
0.802,-2.98952,-0.977434,-3,-1
0.803,-3.03965,-1.01743,-3,-1
0.804,-3.0893,-1.05743,-3,-1
0.805,-3.13846,-1.09743,-3,-1
0.806,-3.18712,-1.13743,-3,-1
0.807,-3.23528,-1.17743,-3,-1
0.808,-3.28293,-1.21743,-3.5,-1
0.809,-3.33006,-1.25743,-3.5,-1
0.81,-3.37666,-1.29743,-3.5,-1.5
0.811,-3.42274,-1.33743,-3.5,-1.5
0.812,-3.46827,-1.37743,-3.5,-1.5
0.813,-3.51325,-1.41743,-3.5,-1.5
0.814,-3.55768,-1.45743,-3.5,-1.5
0.815,-3.60155,-1.49743,-3.5,-1.5
0.816,-3.64484,-1.53743,-3.5,-1.5
0.817,-3.68757,-1.57743,-3.5,-1.5
0.818,-3.72971,-1.61743,-3.5,-1.5
0.819,-3.77126,-1.65743,-4,-1.5
0.82,-3.81221,-1.69743,-4,-1.5
0.821,-3.85257,-1.73743,-4,-1.5
0.822,-3.89231,-1.77743,-4,-2
0.823,-3.93144,-1.81743,-4,-2
0.824,-3.96995,-1.85743,-4,-2
0.825,-4.00783,-1.89743,-4,-2
0.826,-4.04508,-1.93743,-4,-2
0.827,-4.0817,-1.97743,-4,-2
0.828,-4.11766,-2.01743,-4,-2
0.829,-4.15298,-2.05743,-4,-2
0.83,-4.18764,-2.09743,-4,-2
0.831,-4.22164,-2.13743,-4,-2
0.832,-4.25497,-2.17743,-4.5,-2
0.833,-4.28763,-2.21743,-4.5,-2
0.834,-4.31962,-2.25743,-4.5,-2
0.835,-4.35092,-2.29743,-4.5,-2.5
0.836,-4.38153,-2.33743,-4.5,-2.5
0.837,-4.41146,-2.37743,-4.5,-2.5
0.838,-4.44068,-2.41743,-4.5,-2.5
0.839,-4.46921,-2.45743,-4.5,-2.5
0.84,-4.49703,-2.49743,-4.5,-2.5
0.841,-4.52414,-2.53743,-4.5,-2.5
0.842,-4.55053,-2.57743,-4.5,-2.5
0.843,-4.57621,-2.61743,-4.5,-2.5
0.844,-4.60116,-2.65743,-4.5,-2.5
0.845,-4.62539,-2.69743,-4.5,-2.5
0.846,-4.64888,-2.73743,-4.5,-2.5
0.847,-4.67164,-2.77743,-4.5,-3
0.848,-4.69367,-2.81743,-4.5,-3
0.849,-4.71495,-2.85743,-4.5,-3
0.85,-4.73549,-2.89743,-4.5,-3
0.851,-4.75528,-2.93743,-5,-3
0.852,-4.77432,-2.97743,-5,-3
0.853,-4.79261,-3.01743,-5,-3
0.854,-4.81014,-3.05743,-5,-3
0.855,-4.82691,-3.09743,-5,-3
0.856,-4.84292,-3.13743,-5,-3
0.857,-4.85816,-3.17743,-5,-3
0.858,-4.87263,-3.21743,-5,-3
0.859,-4.88634,-3.25743,-5,-3
0.86,-4.89928,-3.29743,-5,-3.5
0.861,-4.91144,-3.33743,-5,-3.5
0.862,-4.92282,-3.37743,-5,-3.5
0.863,-4.93343,-3.41743,-5,-3.5
0.864,-4.94326,-3.45743,-5,-3.5
0.865,-4.95231,-3.49743,-5,-3.5
0.866,-4.96057,-3.53743,-5,-3.5
0.867,-4.96806,-3.57743,-5,-3.5
0.868,-4.97476,-3.61743,-5,-3.5
0.869,-4.98067,-3.65743,-5,-3.5
0.87,-4.98579,-3.69743,-5,-3.5
0.871,-4.99013,-3.73743,-5,-3.5
0.872,-4.99368,-3.77743,-5,-4
0.873,-4.99645,-3.81743,-5,-4
0.874,-4.99842,-3.85743,-5,-4
0.875,-4.99961,-3.89743,-5,-4
0.876,-5,-3.93743,-5,-4
0.877,-4.99961,-3.97743,-5,-4
0.878,-4.99842,-4.01743,-5,-4
0.879,-4.99645,-4.05743,-5,-4
0.88,-4.99368,-4.09743,-5,-4
0.881,-4.99013,-4.13743,-5,-4
0.882,-4.98579,-4.17743,-5,-4
0.883,-4.98067,-4.21743,-5,-4
0.884,-4.97476,-4.25743,-5,-4
0.885,-4.96806,-4.29743,-5,-4.5
0.886,-4.96057,-4.33743,-5,-4.5
0.887,-4.95231,-4.37743,-5,-4.5
0.888,-4.94326,-4.41743,-5,-4.5
0.889,-4.93343,-4.45743,-5,-4.5
0.89,-4.92282,-4.49743,-5,-4.5
0.891,-4.91144,-4.53743,-5,-4.5
0.892,-4.89928,-4.57743,-5,-4.5
0.893,-4.88634,-4.61743,-5,-4.5
0.894,-4.87263,-4.65743,-5,-4.5
0.895,-4.85816,-4.69743,-5,-4.5
0.896,-4.84292,-4.73743,-5,-4.5
0.897,-4.82691,-4.77743,-5,-5
0.898,-4.81014,-4.81014,-5,-5
0.899,-4.79261,-4.79261,-5,-5
0.9,-4.77432,-4.77432,-5,-5
0.901,-4.75528,-4.75528,-5,-5
0.902,-4.73549,-4.73549,-4.5,-4.5
0.903,-4.71495,-4.71495,-4.5,-4.5
0.904,-4.69367,-4.69367,-4.5,-4.5
0.905,-4.67164,-4.67164,-4.5,-4.5
0.906,-4.64888,-4.64888,-4.5,-4.5
0.907,-4.62539,-4.62539,-4.5,-4.5
0.908,-4.60116,-4.60116,-4.5,-4.5
0.909,-4.57621,-4.57621,-4.5,-4.5
0.91,-4.55053,-4.55053,-4.5,-4.5
0.911,-4.52414,-4.52414,-4.5,-4.5
0.912,-4.49703,-4.49703,-4.5,-4.5
0.913,-4.46921,-4.46921,-4.5,-4.5
0.914,-4.44068,-4.44068,-4.5,-4.5
0.915,-4.41146,-4.41146,-4.5,-4.5
0.916,-4.38153,-4.38153,-4.5,-4.5
0.917,-4.35092,-4.35153,-4.5,-4.5
0.918,-4.31962,-4.32092,-4.5,-4.5
0.919,-4.28763,-4.28962,-4.5,-4.5
0.92,-4.25497,-4.25763,-4.5,-4.5
0.921,-4.22164,-4.22497,-4,-4
0.922,-4.18764,-4.19164,-4,-4
0.923,-4.15298,-4.15764,-4,-4
0.924,-4.11766,-4.12298,-4,-4
0.925,-4.0817,-4.08766,-4,-4
0.926,-4.04508,-4.0517,-4,-4
0.927,-4.00783,-4.01508,-4,-4
0.928,-3.96995,-3.97783,-4,-4
0.929,-3.93144,-3.93995,-4,-4
0.93,-3.89231,-3.90144,-4,-4
0.931,-3.85257,-3.86231,-4,-4
0.932,-3.81221,-3.82257,-4,-4
0.933,-3.77126,-3.78257,-4,-4
0.934,-3.72971,-3.74257,-3.5,-4
0.935,-3.68757,-3.70257,-3.5,-3.5
0.936,-3.64484,-3.66257,-3.5,-3.5
0.937,-3.60155,-3.62257,-3.5,-3.5
0.938,-3.55768,-3.58257,-3.5,-3.5
0.939,-3.51325,-3.54257,-3.5,-3.5
0.94,-3.46827,-3.50257,-3.5,-3.5
0.941,-3.42274,-3.46257,-3.5,-3.5
0.942,-3.37666,-3.42257,-3.5,-3.5
0.943,-3.33006,-3.38257,-3.5,-3.5
0.944,-3.28293,-3.34257,-3.5,-3.5
0.945,-3.23528,-3.30257,-3,-3.5
0.946,-3.18712,-3.26257,-3,-3.5
0.947,-3.13846,-3.22257,-3,-3
0.948,-3.0893,-3.18257,-3,-3
0.949,-3.03965,-3.14257,-3,-3
0.95,-2.98952,-3.10257,-3,-3
0.951,-2.93893,-3.06257,-3,-3
0.952,-2.88786,-3.02257,-3,-3
0.953,-2.83634,-2.98257,-3,-3
0.954,-2.78438,-2.94257,-3,-3
0.955,-2.73197,-2.90257,-2.5,-3
0.956,-2.67913,-2.86257,-2.5,-3
0.957,-2.62587,-2.82257,-2.5,-3
0.958,-2.5722,-2.78257,-2.5,-3
0.959,-2.51812,-2.74257,-2.5,-3
0.96,-2.46364,-2.70257,-2.5,-2.5
0.961,-2.40877,-2.66257,-2.5,-2.5
0.962,-2.35352,-2.62257,-2.5,-2.5
0.963,-2.2979,-2.58257,-2.5,-2.5
0.964,-2.24192,-2.54257,-2,-2.5
0.965,-2.18558,-2.50257,-2,-2.5
0.966,-2.1289,-2.46257,-2,-2.5
0.967,-2.07188,-2.42257,-2,-2.5
0.968,-2.01453,-2.38257,-2,-2.5
0.969,-1.95687,-2.34257,-2,-2.5
0.97,-1.8989,-2.30257,-2,-2.5
0.971,-1.84062,-2.26257,-2,-2.5
0.972,-1.78206,-2.22257,-2,-2
0.973,-1.72321,-2.18257,-1.5,-2
0.974,-1.6641,-2.14257,-1.5,-2
0.975,-1.60472,-2.10257,-1.5,-2
0.976,-1.54508,-2.06257,-1.5,-2
0.977,-1.48521,-2.02257,-1.5,-2
0.978,-1.4251,-1.98257,-1.5,-2
0.979,-1.36476,-1.94257,-1.5,-2
0.98,-1.30421,-1.90257,-1.5,-2
0.981,-1.24345,-1.86257,-1,-2
0.982,-1.18249,-1.82257,-1,-2
0.983,-1.12135,-1.78257,-1,-2
0.984,-1.06004,-1.74257,-1,-2
0.985,-0.99855,-1.70257,-1,-1.5
0.986,-0.936907,-1.66257,-1,-1.5
0.987,-0.875115,-1.62257,-1,-1.5
0.988,-0.813186,-1.58257,-1,-1.5
0.989,-0.751128,-1.54257,-1,-1.5
0.99,-0.688951,-1.50257,-0.5,-1.5
0.991,-0.626666,-1.46257,-0.5,-1.5
0.992,-0.564282,-1.42257,-0.5,-1.5
0.993,-0.501809,-1.38257,-0.5,-1.5
0.994,-0.439256,-1.34257,-0.5,-1.5
0.995,-0.376634,-1.30257,-0.5,-1.5
0.996,-0.313953,-1.26257,-0.5,-1.5
0.997,-0.251222,-1.22257,-0.5,-1
0.998,-0.188451,-1.18257,-0,-1
0.999,-0.12565,-1.14257,-0,-1
1,-0.0628302,-1.10257,-0,-1
1.001,4.19596e-14,-1.06257,0,-1
1.002,0.0628302,-1.02257,0,-1
1.003,0.12565,-0.982566,0,-1
1.004,0.188451,-0.942566,0,-1
1.005,0.251222,-0.902566,0.5,-1
1.006,0.313953,-0.862566,0.5,-1
1.007,0.376634,-0.822566,0.5,-1
1.008,0.439256,-0.782566,0.5,-1
1.009,0.501809,-0.742566,0.5,-1
1.01,0.564282,-0.702566,0.5,-0.5
1.011,0.626666,-0.662566,0.5,-0.5
1.012,0.688951,-0.622566,0.5,-0.5
1.013,0.751128,-0.582566,1,-0.5
1.014,0.813186,-0.542566,1,-0.5
1.015,0.875115,-0.502566,1,-0.5
1.016,0.936907,-0.462566,1,-0.5
1.017,0.99855,-0.422566,1,-0.5
1.018,1.06004,-0.382566,1,-0.5
1.019,1.12135,-0.342566,1,-0.5
1.02,1.18249,-0.302566,1,-0.5
1.021,1.24345,-0.262566,1,-0.5
1.022,1.30421,-0.222566,1.5,-0
1.023,1.36476,-0.182566,1.5,-0
1.024,1.4251,-0.142566,1.5,-0
1.025,1.48521,-0.102566,1.5,-0
1.026,1.54508,-0.0625662,1.5,-0
1.027,1.60472,-0.0225662,1.5,-0
1.028,1.6641,0.0174338,1.5,0
1.029,1.72321,0.0574338,1.5,0
1.03,1.78206,0.0974338,2,0
1.031,1.84062,0.137434,2,0
1.032,1.8989,0.177434,2,0
1.033,1.95687,0.217434,2,0
1.034,2.01453,0.257434,2,0
1.035,2.07188,0.297434,2,0.5
1.036,2.1289,0.337434,2,0.5
1.037,2.18558,0.377434,2,0.5
1.038,2.24192,0.417434,2,0.5
1.039,2.2979,0.457434,2.5,0.5
1.04,2.35352,0.497434,2.5,0.5
1.041,2.40877,0.537434,2.5,0.5
1.042,2.46364,0.577434,2.5,0.5
1.043,2.51812,0.617434,2.5,0.5
1.044,2.5722,0.657434,2.5,0.5
1.045,2.62587,0.697434,2.5,0.5
1.046,2.67913,0.737434,2.5,0.5
1.047,2.73197,0.777434,2.5,1
1.048,2.78438,0.817434,3,1
1.049,2.83634,0.857434,3,1
1.05,2.88786,0.897434,3,1
1.051,2.93893,0.937434,3,1
1.052,2.98952,0.977434,3,1
1.053,3.03965,1.01743,3,1
1.054,3.0893,1.05743,3,1
1.055,3.13846,1.09743,3,1
1.056,3.18712,1.13743,3,1
1.057,3.23528,1.17743,3,1
1.058,3.28293,1.21743,3.5,1
1.059,3.33006,1.25743,3.5,1
1.06,3.37666,1.29743,3.5,1.5
1.061,3.42274,1.33743,3.5,1.5
1.062,3.46827,1.37743,3.5,1.5
1.063,3.51325,1.41743,3.5,1.5
1.064,3.55768,1.45743,3.5,1.5
1.065,3.60155,1.49743,3.5,1.5
1.066,3.64484,1.53743,3.5,1.5
1.067,3.68757,1.57743,3.5,1.5
1.068,3.72971,1.61743,3.5,1.5
1.069,3.77126,1.65743,4,1.5
1.07,3.81221,1.69743,4,1.5
1.071,3.85257,1.73743,4,1.5
1.072,3.89231,1.77743,4,2
1.073,3.93144,1.81743,4,2
1.074,3.96995,1.85743,4,2
1.075,4.00783,1.89743,4,2
1.076,4.04508,1.93743,4,2
1.077,4.0817,1.97743,4,2
1.078,4.11766,2.01743,4,2
1.079,4.15298,2.05743,4,2
1.08,4.18764,2.09743,4,2
1.081,4.22164,2.13743,4,2
1.082,4.25497,2.17743,4.5,2
1.083,4.28763,2.21743,4.5,2
1.084,4.31962,2.25743,4.5,2
1.085,4.35092,2.29743,4.5,2.5
1.086,4.38153,2.33743,4.5,2.5
1.087,4.41146,2.37743,4.5,2.5
1.088,4.44068,2.41743,4.5,2.5
1.089,4.46921,2.45743,4.5,2.5
1.09,4.49703,2.49743,4.5,2.5
1.091,4.52414,2.53743,4.5,2.5
1.092,4.55053,2.57743,4.5,2.5
1.093,4.57621,2.61743,4.5,2.5
1.094,4.60116,2.65743,4.5,2.5
1.095,4.62539,2.69743,4.5,2.5
1.096,4.64888,2.73743,4.5,2.5
1.097,4.67164,2.77743,4.5,3
1.098,4.69367,2.81743,4.5,3
1.099,4.71495,2.85743,4.5,3
1.1,4.73549,2.89743,4.5,3
1.101,4.75528,2.93743,5,3
1.102,4.77432,2.97743,5,3
1.103,4.79261,3.01743,5,3
1.104,4.81014,3.05743,5,3
1.105,4.82691,3.09743,5,3
1.106,4.84292,3.13743,5,3
1.107,4.85816,3.17743,5,3
1.108,4.87263,3.21743,5,3
1.109,4.88634,3.25743,5,3
1.11,4.89928,3.29743,5,3.5
1.111,4.91144,3.33743,5,3.5
1.112,4.92282,3.37743,5,3.5
1.113,4.93343,3.41743,5,3.5
1.114,4.94326,3.45743,5,3.5
1.115,4.95231,3.49743,5,3.5
1.116,4.96057,3.53743,5,3.5
1.117,4.96806,3.57743,5,3.5
1.118,4.97476,3.61743,5,3.5
1.119,4.98067,3.65743,5,3.5
1.12,4.98579,3.69743,5,3.5
1.121,4.99013,3.73743,5,3.5
1.122,4.99368,3.77743,5,4
1.123,4.99645,3.81743,5,4
1.124,4.99842,3.85743,5,4
1.125,4.99961,3.89743,5,4
1.126,5,3.93743,5,4
1.127,4.99961,3.97743,5,4
1.128,4.99842,4.01743,5,4
1.129,4.99645,4.05743,5,4
1.13,4.99368,4.09743,5,4
1.131,4.99013,4.13743,5,4
1.132,4.98579,4.17743,5,4
1.133,4.98067,4.21743,5,4
1.134,4.97476,4.25743,5,4
1.135,4.96806,4.29743,5,4.5
1.136,4.96057,4.33743,5,4.5
1.137,4.95231,4.37743,5,4.5
1.138,4.94326,4.41743,5,4.5
1.139,4.93343,4.45743,5,4.5
1.14,4.92282,4.49743,5,4.5
1.141,4.91144,4.53743,5,4.5
1.142,4.89928,4.57743,5,4.5
1.143,4.88634,4.61743,5,4.5
1.144,4.87263,4.65743,5,4.5
1.145,4.85816,4.69743,5,4.5
1.146,4.84292,4.73743,5,4.5
1.147,4.82691,4.77743,5,5
1.148,4.81014,4.81014,5,5
1.149,4.79261,4.79261,5,5
1.15,4.77432,4.77432,5,5
1.151,4.75528,4.75528,5,5
1.152,4.73549,4.73549,4.5,4.5
1.153,4.71495,4.71495,4.5,4.5
1.154,4.69367,4.69367,4.5,4.5
1.155,4.67164,4.67164,4.5,4.5
1.156,4.64888,4.64888,4.5,4.5
1.157,4.62539,4.62539,4.5,4.5
1.158,4.60116,4.60116,4.5,4.5
1.159,4.57621,4.57621,4.5,4.5
1.16,4.55053,4.55053,4.5,4.5
1.161,4.52414,4.52414,4.5,4.5
1.162,4.49703,4.49703,4.5,4.5
1.163,4.46921,4.46921,4.5,4.5
1.164,4.44068,4.44068,4.5,4.5
1.165,4.41146,4.41146,4.5,4.5
1.166,4.38153,4.38153,4.5,4.5
1.167,4.35092,4.35153,4.5,4.5
1.168,4.31962,4.32092,4.5,4.5
1.169,4.28763,4.28962,4.5,4.5
1.17,4.25497,4.25763,4.5,4.5
1.171,4.22164,4.22497,4,4
1.172,4.18764,4.19164,4,4
1.173,4.15298,4.15764,4,4
1.174,4.11766,4.12298,4,4
1.175,4.0817,4.08766,4,4
1.176,4.04508,4.0517,4,4
1.177,4.00783,4.01508,4,4
1.178,3.96995,3.97783,4,4
1.179,3.93144,3.93995,4,4
1.18,3.89231,3.90144,4,4
1.181,3.85257,3.86231,4,4
1.182,3.81221,3.82257,4,4
1.183,3.77126,3.78257,4,4
1.184,3.72971,3.74257,3.5,4
1.185,3.68757,3.70257,3.5,3.5
1.186,3.64484,3.66257,3.5,3.5
1.187,3.60155,3.62257,3.5,3.5
1.188,3.55768,3.58257,3.5,3.5
1.189,3.51325,3.54257,3.5,3.5
1.19,3.46827,3.50257,3.5,3.5
1.191,3.42274,3.46257,3.5,3.5
1.192,3.37666,3.42257,3.5,3.5
1.193,3.33006,3.38257,3.5,3.5
1.194,3.28293,3.34257,3.5,3.5
1.195,3.23528,3.30257,3,3.5
1.196,3.18712,3.26257,3,3.5
1.197,3.13846,3.22257,3,3
1.198,3.0893,3.18257,3,3
1.199,3.03965,3.14257,3,3
1.2,2.98952,3.10257,3,3
1.201,2.93893,3.06257,3,3
1.202,2.88786,3.02257,3,3
1.203,2.83634,2.98257,3,3
1.204,2.78438,2.94257,3,3
1.205,2.73197,2.90257,2.5,3
1.206,2.67913,2.86257,2.5,3
1.207,2.62587,2.82257,2.5,3
1.208,2.5722,2.78257,2.5,3
1.209,2.51812,2.74257,2.5,3
1.21,2.46364,2.70257,2.5,2.5
1.211,2.40877,2.66257,2.5,2.5
1.212,2.35352,2.62257,2.5,2.5
1.213,2.2979,2.58257,2.5,2.5
1.214,2.24192,2.54257,2,2.5
1.215,2.18558,2.50257,2,2.5
1.216,2.1289,2.46257,2,2.5
1.217,2.07188,2.42257,2,2.5
1.218,2.01453,2.38257,2,2.5
1.219,1.95687,2.34257,2,2.5
1.22,1.8989,2.30257,2,2.5
1.221,1.84062,2.26257,2,2.5
1.222,1.78206,2.22257,2,2
1.223,1.72321,2.18257,1.5,2
1.224,1.6641,2.14257,1.5,2
1.225,1.60472,2.10257,1.5,2
1.226,1.54508,2.06257,1.5,2
1.227,1.48521,2.02257,1.5,2
1.228,1.4251,1.98257,1.5,2
1.229,1.36476,1.94257,1.5,2
1.23,1.30421,1.90257,1.5,2
1.231,1.24345,1.86257,1,2
1.232,1.18249,1.82257,1,2
1.233,1.12135,1.78257,1,2
1.234,1.06004,1.74257,1,2
1.235,0.99855,1.70257,1,1.5
1.236,0.936907,1.66257,1,1.5
1.237,0.875115,1.62257,1,1.5
1.238,0.813186,1.58257,1,1.5
1.239,0.751128,1.54257,1,1.5
1.24,0.688951,1.50257,0.5,1.5
1.241,0.626666,1.46257,0.5,1.5
1.242,0.564282,1.42257,0.5,1.5
1.243,0.501809,1.38257,0.5,1.5
1.244,0.439256,1.34257,0.5,1.5
1.245,0.376634,1.30257,0.5,1.5
1.246,0.313953,1.26257,0.5,1.5
1.247,0.251222,1.22257,0.5,1
1.248,0.188451,1.18257,0,1
1.249,0.12565,1.14257,0,1
1.25,0.0628302,1.10257,0,1
1.251,1.6906e-12,1.06257,0,1
1.252,-0.0628302,1.02257,-0,1
1.253,-0.12565,0.982566,-0,1
1.254,-0.188451,0.942566,-0,1
1.255,-0.251222,0.902566,-0.5,1
1.256,-0.313953,0.862566,-0.5,1
1.257,-0.376634,0.822566,-0.5,1
1.258,-0.439256,0.782566,-0.5,1
1.259,-0.501809,0.742566,-0.5,1
1.26,-0.564282,0.702566,-0.5,0.5
1.261,-0.626666,0.662566,-0.5,0.5
1.262,-0.688951,0.622566,-0.5,0.5
1.263,-0.751128,0.582566,-1,0.5
1.264,-0.813186,0.542566,-1,0.5
1.265,-0.875115,0.502566,-1,0.5
1.266,-0.936907,0.462566,-1,0.5
1.267,-0.99855,0.422566,-1,0.5
1.268,-1.06004,0.382566,-1,0.5
1.269,-1.12135,0.342566,-1,0.5
1.27,-1.18249,0.302566,-1,0.5
1.271,-1.24345,0.262566,-1,0.5
1.272,-1.30421,0.222566,-1.5,0
1.273,-1.36476,0.182566,-1.5,0
1.274,-1.4251,0.142566,-1.5,0
1.275,-1.48521,0.102566,-1.5,0
1.276,-1.54508,0.0625662,-1.5,0
1.277,-1.60472,0.0225662,-1.5,0
1.278,-1.6641,-0.0174338,-1.5,-0
1.279,-1.72321,-0.0574338,-1.5,-0
1.28,-1.78206,-0.0974338,-2,-0
1.281,-1.84062,-0.137434,-2,-0
1.282,-1.8989,-0.177434,-2,-0
1.283,-1.95687,-0.217434,-2,-0
1.284,-2.01453,-0.257434,-2,-0
1.285,-2.07188,-0.297434,-2,-0.5
1.286,-2.1289,-0.337434,-2,-0.5
1.287,-2.18558,-0.377434,-2,-0.5
1.288,-2.24192,-0.417434,-2,-0.5
1.289,-2.2979,-0.457434,-2.5,-0.5
1.29,-2.35352,-0.497434,-2.5,-0.5
1.291,-2.40877,-0.537434,-2.5,-0.5
1.292,-2.46364,-0.577434,-2.5,-0.5
1.293,-2.51812,-0.617434,-2.5,-0.5
1.294,-2.5722,-0.657434,-2.5,-0.5
1.295,-2.62587,-0.697434,-2.5,-0.5
1.296,-2.67913,-0.737434,-2.5,-0.5
1.297,-2.73197,-0.777434,-2.5,-1
1.298,-2.78438,-0.817434,-3,-1
1.299,-2.83634,-0.857434,-3,-1
1.3,-2.88786,-0.897434,-3,-1
1.301,-2.93893,-0.937434,-3,-1
1.302,-2.98952,-0.977434,-3,-1
1.303,-3.03965,-1.01743,-3,-1
1.304,-3.0893,-1.05743,-3,-1
1.305,-3.13846,-1.09743,-3,-1
1.306,-3.18712,-1.13743,-3,-1
1.307,-3.23528,-1.17743,-3,-1
1.308,-3.28293,-1.21743,-3.5,-1
1.309,-3.33006,-1.25743,-3.5,-1
1.31,-3.37666,-1.29743,-3.5,-1.5
1.311,-3.42274,-1.33743,-3.5,-1.5
1.312,-3.46827,-1.37743,-3.5,-1.5
1.313,-3.51325,-1.41743,-3.5,-1.5
1.314,-3.55768,-1.45743,-3.5,-1.5
1.315,-3.60155,-1.49743,-3.5,-1.5
1.316,-3.64484,-1.53743,-3.5,-1.5
1.317,-3.68757,-1.57743,-3.5,-1.5
1.318,-3.72971,-1.61743,-3.5,-1.5
1.319,-3.77126,-1.65743,-4,-1.5
1.32,-3.81221,-1.69743,-4,-1.5
1.321,-3.85257,-1.73743,-4,-1.5
1.322,-3.89231,-1.77743,-4,-2
1.323,-3.93144,-1.81743,-4,-2
1.324,-3.96995,-1.85743,-4,-2
1.325,-4.00783,-1.89743,-4,-2
1.326,-4.04508,-1.93743,-4,-2
1.327,-4.0817,-1.97743,-4,-2
1.328,-4.11766,-2.01743,-4,-2
1.329,-4.15298,-2.05743,-4,-2
1.33,-4.18764,-2.09743,-4,-2
1.331,-4.22164,-2.13743,-4,-2
1.332,-4.25497,-2.17743,-4.5,-2
1.333,-4.28763,-2.21743,-4.5,-2
1.334,-4.31962,-2.25743,-4.5,-2
1.335,-4.35092,-2.29743,-4.5,-2.5
1.336,-4.38153,-2.33743,-4.5,-2.5
1.337,-4.41146,-2.37743,-4.5,-2.5
1.338,-4.44068,-2.41743,-4.5,-2.5
1.339,-4.46921,-2.45743,-4.5,-2.5
1.34,-4.49703,-2.49743,-4.5,-2.5
1.341,-4.52414,-2.53743,-4.5,-2.5
1.342,-4.55053,-2.57743,-4.5,-2.5
1.343,-4.57621,-2.61743,-4.5,-2.5
1.344,-4.60116,-2.65743,-4.5,-2.5
1.345,-4.62539,-2.69743,-4.5,-2.5
1.346,-4.64888,-2.73743,-4.5,-2.5
1.347,-4.67164,-2.77743,-4.5,-3
1.348,-4.69367,-2.81743,-4.5,-3
1.349,-4.71495,-2.85743,-4.5,-3
1.35,-4.73549,-2.89743,-4.5,-3
1.351,-4.75528,-2.93743,-5,-3
1.352,-4.77432,-2.97743,-5,-3
1.353,-4.79261,-3.01743,-5,-3
1.354,-4.81014,-3.05743,-5,-3
1.355,-4.82691,-3.09743,-5,-3
1.356,-4.84292,-3.13743,-5,-3
1.357,-4.85816,-3.17743,-5,-3
1.358,-4.87263,-3.21743,-5,-3
1.359,-4.88634,-3.25743,-5,-3
1.36,-4.89928,-3.29743,-5,-3.5
1.361,-4.91144,-3.33743,-5,-3.5
1.362,-4.92282,-3.37743,-5,-3.5
1.363,-4.93343,-3.41743,-5,-3.5
1.364,-4.94326,-3.45743,-5,-3.5
1.365,-4.95231,-3.49743,-5,-3.5
1.366,-4.96057,-3.53743,-5,-3.5
1.367,-4.96806,-3.57743,-5,-3.5
1.368,-4.97476,-3.61743,-5,-3.5
1.369,-4.98067,-3.65743,-5,-3.5
1.37,-4.98579,-3.69743,-5,-3.5
1.371,-4.99013,-3.73743,-5,-3.5
1.372,-4.99368,-3.77743,-5,-4
1.373,-4.99645,-3.81743,-5,-4
1.374,-4.99842,-3.85743,-5,-4
1.375,-4.99961,-3.89743,-5,-4
1.376,-5,-3.93743,-5,-4
1.377,-4.99961,-3.97743,-5,-4
1.378,-4.99842,-4.01743,-5,-4
1.379,-4.99645,-4.05743,-5,-4
1.38,-4.99368,-4.09743,-5,-4
1.381,-4.99013,-4.13743,-5,-4
1.382,-4.98579,-4.17743,-5,-4
1.383,-4.98067,-4.21743,-5,-4
1.384,-4.97476,-4.25743,-5,-4
1.385,-4.96806,-4.29743,-5,-4.5
1.386,-4.96057,-4.33743,-5,-4.5
1.387,-4.95231,-4.37743,-5,-4.5
1.388,-4.94326,-4.41743,-5,-4.5
1.389,-4.93343,-4.45743,-5,-4.5
1.39,-4.92282,-4.49743,-5,-4.5
1.391,-4.91144,-4.53743,-5,-4.5
1.392,-4.89928,-4.57743,-5,-4.5
1.393,-4.88634,-4.61743,-5,-4.5
1.394,-4.87263,-4.65743,-5,-4.5
1.395,-4.85816,-4.69743,-5,-4.5
1.396,-4.84292,-4.73743,-5,-4.5
1.397,-4.82691,-4.77743,-5,-5
1.398,-4.81014,-4.81014,-5,-5
1.399,-4.79261,-4.79261,-5,-5
1.4,-4.77432,-4.77432,-5,-5
1.401,-4.75528,-4.75528,-5,-5
1.402,-4.73549,-4.73549,-4.5,-4.5
1.403,-4.71495,-4.71495,-4.5,-4.5
1.404,-4.69367,-4.69367,-4.5,-4.5
1.405,-4.67164,-4.67164,-4.5,-4.5
1.406,-4.64888,-4.64888,-4.5,-4.5
1.407,-4.62539,-4.62539,-4.5,-4.5
1.408,-4.60116,-4.60116,-4.5,-4.5
1.409,-4.57621,-4.57621,-4.5,-4.5
1.41,-4.55053,-4.55053,-4.5,-4.5
1.411,-4.52414,-4.52414,-4.5,-4.5
1.412,-4.49703,-4.49703,-4.5,-4.5
1.413,-4.46921,-4.46921,-4.5,-4.5
1.414,-4.44068,-4.44068,-4.5,-4.5
1.415,-4.41146,-4.41146,-4.5,-4.5
1.416,-4.38153,-4.38153,-4.5,-4.5
1.417,-4.35092,-4.35153,-4.5,-4.5
1.418,-4.31962,-4.32092,-4.5,-4.5
1.419,-4.28763,-4.28962,-4.5,-4.5
1.42,-4.25497,-4.25763,-4.5,-4.5
1.421,-4.22164,-4.22497,-4,-4
1.422,-4.18764,-4.19164,-4,-4
1.423,-4.15298,-4.15764,-4,-4
1.424,-4.11766,-4.12298,-4,-4
1.425,-4.0817,-4.08766,-4,-4
1.426,-4.04508,-4.0517,-4,-4
1.427,-4.00783,-4.01508,-4,-4
1.428,-3.96995,-3.97783,-4,-4
1.429,-3.93144,-3.93995,-4,-4
1.43,-3.89231,-3.90144,-4,-4
1.431,-3.85257,-3.86231,-4,-4
1.432,-3.81221,-3.82257,-4,-4
1.433,-3.77126,-3.78257,-4,-4
1.434,-3.72971,-3.74257,-3.5,-4
1.435,-3.68757,-3.70257,-3.5,-3.5
1.436,-3.64484,-3.66257,-3.5,-3.5
1.437,-3.60155,-3.62257,-3.5,-3.5
1.438,-3.55768,-3.58257,-3.5,-3.5
1.439,-3.51325,-3.54257,-3.5,-3.5
1.44,-3.46827,-3.50257,-3.5,-3.5
1.441,-3.42274,-3.46257,-3.5,-3.5
1.442,-3.37666,-3.42257,-3.5,-3.5
1.443,-3.33006,-3.38257,-3.5,-3.5
1.444,-3.28293,-3.34257,-3.5,-3.5
1.445,-3.23528,-3.30257,-3,-3.5
1.446,-3.18712,-3.26257,-3,-3.5
1.447,-3.13846,-3.22257,-3,-3
1.448,-3.0893,-3.18257,-3,-3
1.449,-3.03965,-3.14257,-3,-3
1.45,-2.98952,-3.10257,-3,-3
1.451,-2.93893,-3.06257,-3,-3
1.452,-2.88786,-3.02257,-3,-3
1.453,-2.83634,-2.98257,-3,-3
1.454,-2.78438,-2.94257,-3,-3
1.455,-2.73197,-2.90257,-2.5,-3
1.456,-2.67913,-2.86257,-2.5,-3
1.457,-2.62587,-2.82257,-2.5,-3
1.458,-2.5722,-2.78257,-2.5,-3
1.459,-2.51812,-2.74257,-2.5,-3
1.46,-2.46364,-2.70257,-2.5,-2.5
1.461,-2.40877,-2.66257,-2.5,-2.5
1.462,-2.35352,-2.62257,-2.5,-2.5
1.463,-2.2979,-2.58257,-2.5,-2.5
1.464,-2.24192,-2.54257,-2,-2.5
1.465,-2.18558,-2.50257,-2,-2.5
1.466,-2.1289,-2.46257,-2,-2.5
1.467,-2.07188,-2.42257,-2,-2.5
1.468,-2.01453,-2.38257,-2,-2.5
1.469,-1.95687,-2.34257,-2,-2.5
1.47,-1.8989,-2.30257,-2,-2.5
1.471,-1.84062,-2.26257,-2,-2.5
1.472,-1.78206,-2.22257,-2,-2
1.473,-1.72321,-2.18257,-1.5,-2
1.474,-1.6641,-2.14257,-1.5,-2
1.475,-1.60472,-2.10257,-1.5,-2
1.476,-1.54508,-2.06257,-1.5,-2
1.477,-1.48521,-2.02257,-1.5,-2
1.478,-1.4251,-1.98257,-1.5,-2
1.479,-1.36476,-1.94257,-1.5,-2
1.48,-1.30421,-1.90257,-1.5,-2
1.481,-1.24345,-1.86257,-1,-2
1.482,-1.18249,-1.82257,-1,-2
1.483,-1.12135,-1.78257,-1,-2
1.484,-1.06004,-1.74257,-1,-2
1.485,-0.99855,-1.70257,-1,-1.5
1.486,-0.936907,-1.66257,-1,-1.5
1.487,-0.875115,-1.62257,-1,-1.5
1.488,-0.813186,-1.58257,-1,-1.5
1.489,-0.751128,-1.54257,-1,-1.5
1.49,-0.688951,-1.50257,-0.5,-1.5
1.491,-0.626666,-1.46257,-0.5,-1.5
1.492,-0.564282,-1.42257,-0.5,-1.5
1.493,-0.501809,-1.38257,-0.5,-1.5
1.494,-0.439256,-1.34257,-0.5,-1.5
1.495,-0.376634,-1.30257,-0.5,-1.5
1.496,-0.313953,-1.26257,-0.5,-1.5
1.497,-0.251222,-1.22257,-0.5,-1
1.498,-0.188451,-1.18257,-0,-1
1.499,-0.12565,-1.14257,-0,-1
1.5,-0.0628302,-1.10257,-0,-1
1.501,-3.41428e-12,-1.06257,-0,-1
1.502,0.0628302,-1.02257,0,-1
1.503,0.12565,-0.982566,0,-1
1.504,0.188451,-0.942566,0,-1
1.505,0.251222,-0.902566,0.5,-1
1.506,0.313953,-0.862566,0.5,-1
1.507,0.376634,-0.822566,0.5,-1
1.508,0.439256,-0.782566,0.5,-1
1.509,0.501809,-0.742566,0.5,-1
1.51,0.564282,-0.702566,0.5,-0.5
1.511,0.626666,-0.662566,0.5,-0.5
1.512,0.688951,-0.622566,0.5,-0.5
1.513,0.751128,-0.582566,1,-0.5
1.514,0.813186,-0.542566,1,-0.5
1.515,0.875115,-0.502566,1,-0.5
1.516,0.936907,-0.462566,1,-0.5
1.517,0.99855,-0.422566,1,-0.5
1.518,1.06004,-0.382566,1,-0.5
1.519,1.12135,-0.342566,1,-0.5
1.52,1.18249,-0.302566,1,-0.5
1.521,1.24345,-0.262566,1,-0.5
1.522,1.30421,-0.222566,1.5,-0
1.523,1.36476,-0.182566,1.5,-0
1.524,1.4251,-0.142566,1.5,-0
1.525,1.48521,-0.102566,1.5,-0
1.526,1.54508,-0.0625662,1.5,-0
1.527,1.60472,-0.0225662,1.5,-0
1.528,1.6641,0.0174338,1.5,0
1.529,1.72321,0.0574338,1.5,0
1.53,1.78206,0.0974338,2,0
1.531,1.84062,0.137434,2,0
1.532,1.8989,0.177434,2,0
1.533,1.95687,0.217434,2,0
1.534,2.01453,0.257434,2,0
1.535,2.07188,0.297434,2,0.5
1.536,2.1289,0.337434,2,0.5
1.537,2.18558,0.377434,2,0.5
1.538,2.24192,0.417434,2,0.5
1.539,2.2979,0.457434,2.5,0.5
1.54,2.35352,0.497434,2.5,0.5
1.541,2.40877,0.537434,2.5,0.5
1.542,2.46364,0.577434,2.5,0.5
1.543,2.51812,0.617434,2.5,0.5
1.544,2.5722,0.657434,2.5,0.5
1.545,2.62587,0.697434,2.5,0.5
1.546,2.67913,0.737434,2.5,0.5
1.547,2.73197,0.777434,2.5,1
1.548,2.78438,0.817434,3,1
1.549,2.83634,0.857434,3,1
1.55,2.88786,0.897434,3,1
1.551,2.93893,0.937434,3,1
1.552,2.98952,0.977434,3,1
1.553,3.03965,1.01743,3,1
1.554,3.0893,1.05743,3,1
1.555,3.13846,1.09743,3,1
1.556,3.18712,1.13743,3,1
1.557,3.23528,1.17743,3,1
1.558,3.28293,1.21743,3.5,1
1.559,3.33006,1.25743,3.5,1
1.56,3.37666,1.29743,3.5,1.5
1.561,3.42274,1.33743,3.5,1.5
1.562,3.46827,1.37743,3.5,1.5
1.563,3.51325,1.41743,3.5,1.5
1.564,3.55768,1.45743,3.5,1.5
1.565,3.60155,1.49743,3.5,1.5
1.566,3.64484,1.53743,3.5,1.5
1.567,3.68757,1.57743,3.5,1.5
1.568,3.72971,1.61743,3.5,1.5
1.569,3.77126,1.65743,4,1.5
1.57,3.81221,1.69743,4,1.5
1.571,3.85257,1.73743,4,1.5
1.572,3.89231,1.77743,4,2
1.573,3.93144,1.81743,4,2
1.574,3.96995,1.85743,4,2
1.575,4.00783,1.89743,4,2
1.576,4.04508,1.93743,4,2
1.577,4.0817,1.97743,4,2
1.578,4.11766,2.01743,4,2
1.579,4.15298,2.05743,4,2
1.58,4.18764,2.09743,4,2
1.581,4.22164,2.13743,4,2
1.582,4.25497,2.17743,4.5,2
1.583,4.28763,2.21743,4.5,2
1.584,4.31962,2.25743,4.5,2
1.585,4.35092,2.29743,4.5,2.5
1.586,4.38153,2.33743,4.5,2.5
1.587,4.41146,2.37743,4.5,2.5
1.588,4.44068,2.41743,4.5,2.5
1.589,4.46921,2.45743,4.5,2.5
1.59,4.49703,2.49743,4.5,2.5
1.591,4.52414,2.53743,4.5,2.5
1.592,4.55053,2.57743,4.5,2.5
1.593,4.57621,2.61743,4.5,2.5
1.594,4.60116,2.65743,4.5,2.5
1.595,4.62539,2.69743,4.5,2.5
1.596,4.64888,2.73743,4.5,2.5
1.597,4.67164,2.77743,4.5,3
1.598,4.69367,2.81743,4.5,3
1.599,4.71495,2.85743,4.5,3
1.6,4.73549,2.89743,4.5,3
1.601,4.75528,2.93743,5,3
1.602,4.77432,2.97743,5,3
1.603,4.79261,3.01743,5,3
1.604,4.81014,3.05743,5,3
1.605,4.82691,3.09743,5,3
1.606,4.84292,3.13743,5,3
1.607,4.85816,3.17743,5,3
1.608,4.87263,3.21743,5,3
1.609,4.88634,3.25743,5,3
1.61,4.89928,3.29743,5,3.5
1.611,4.91144,3.33743,5,3.5
1.612,4.92282,3.37743,5,3.5
1.613,4.93343,3.41743,5,3.5
1.614,4.94326,3.45743,5,3.5
1.615,4.95231,3.49743,5,3.5
1.616,4.96057,3.53743,5,3.5
1.617,4.96806,3.57743,5,3.5
1.618,4.97476,3.61743,5,3.5
1.619,4.98067,3.65743,5,3.5
1.62,4.98579,3.69743,5,3.5
1.621,4.99013,3.73743,5,3.5
1.622,4.99368,3.77743,5,4
1.623,4.99645,3.81743,5,4
1.624,4.99842,3.85743,5,4
1.625,4.99961,3.89743,5,4
1.626,5,3.93743,5,4
1.627,4.99961,3.97743,5,4
1.628,4.99842,4.01743,5,4
1.629,4.99645,4.05743,5,4
1.63,4.99368,4.09743,5,4
1.631,4.99013,4.13743,5,4
1.632,4.98579,4.17743,5,4
1.633,4.98067,4.21743,5,4
1.634,4.97476,4.25743,5,4
1.635,4.96806,4.29743,5,4.5
1.636,4.96057,4.33743,5,4.5
1.637,4.95231,4.37743,5,4.5
1.638,4.94326,4.41743,5,4.5
1.639,4.93343,4.45743,5,4.5
1.64,4.92282,4.49743,5,4.5
1.641,4.91144,4.53743,5,4.5
1.642,4.89928,4.57743,5,4.5
1.643,4.88634,4.61743,5,4.5
1.644,4.87263,4.65743,5,4.5
1.645,4.85816,4.69743,5,4.5
1.646,4.84292,4.73743,5,4.5
1.647,4.82691,4.77743,5,5
1.648,4.81014,4.81014,5,5
1.649,4.79261,4.79261,5,5
1.65,4.77432,4.77432,5,5
1.651,4.75528,4.75528,5,5
1.652,4.73549,4.73549,4.5,4.5
1.653,4.71495,4.71495,4.5,4.5
1.654,4.69367,4.69367,4.5,4.5
1.655,4.67164,4.67164,4.5,4.5
1.656,4.64888,4.64888,4.5,4.5
1.657,4.62539,4.62539,4.5,4.5
1.658,4.60116,4.60116,4.5,4.5
1.659,4.57621,4.57621,4.5,4.5
1.66,4.55053,4.55053,4.5,4.5
1.661,4.52414,4.52414,4.5,4.5
1.662,4.49703,4.49703,4.5,4.5
1.663,4.46921,4.46921,4.5,4.5
1.664,4.44068,4.44068,4.5,4.5
1.665,4.41146,4.41146,4.5,4.5
1.666,4.38153,4.38153,4.5,4.5
1.667,4.35092,4.35153,4.5,4.5
1.668,4.31962,4.32092,4.5,4.5
1.669,4.28763,4.28962,4.5,4.5
1.67,4.25497,4.25763,4.5,4.5
1.671,4.22164,4.22497,4,4
1.672,4.18764,4.19164,4,4
1.673,4.15298,4.15764,4,4
1.674,4.11766,4.12298,4,4
1.675,4.0817,4.08766,4,4
1.676,4.04508,4.0517,4,4
1.677,4.00783,4.01508,4,4
1.678,3.96995,3.97783,4,4
1.679,3.93144,3.93995,4,4
1.68,3.89231,3.90144,4,4
1.681,3.85257,3.86231,4,4
1.682,3.81221,3.82257,4,4
1.683,3.77126,3.78257,4,4
1.684,3.72971,3.74257,3.5,4
1.685,3.68757,3.70257,3.5,3.5
1.686,3.64484,3.66257,3.5,3.5
1.687,3.60155,3.62257,3.5,3.5
1.688,3.55768,3.58257,3.5,3.5
1.689,3.51325,3.54257,3.5,3.5
1.69,3.46827,3.50257,3.5,3.5
1.691,3.42274,3.46257,3.5,3.5
1.692,3.37666,3.42257,3.5,3.5
1.693,3.33006,3.38257,3.5,3.5
1.694,3.28293,3.34257,3.5,3.5
1.695,3.23528,3.30257,3,3.5
1.696,3.18712,3.26257,3,3.5
1.697,3.13846,3.22257,3,3
1.698,3.0893,3.18257,3,3
1.699,3.03965,3.14257,3,3
1.7,2.98952,3.10257,3,3
1.701,2.93893,3.06257,3,3
1.702,2.88786,3.02257,3,3
1.703,2.83634,2.98257,3,3
1.704,2.78438,2.94257,3,3
1.705,2.73197,2.90257,2.5,3
1.706,2.67913,2.86257,2.5,3
1.707,2.62587,2.82257,2.5,3
1.708,2.5722,2.78257,2.5,3
1.709,2.51812,2.74257,2.5,3
1.71,2.46364,2.70257,2.5,2.5
1.711,2.40877,2.66257,2.5,2.5
1.712,2.35352,2.62257,2.5,2.5
1.713,2.2979,2.58257,2.5,2.5
1.714,2.24192,2.54257,2,2.5
1.715,2.18558,2.50257,2,2.5
1.716,2.1289,2.46257,2,2.5
1.717,2.07188,2.42257,2,2.5
1.718,2.01453,2.38257,2,2.5
1.719,1.95687,2.34257,2,2.5
1.72,1.8989,2.30257,2,2.5
1.721,1.84062,2.26257,2,2.5
1.722,1.78206,2.22257,2,2
1.723,1.72321,2.18257,1.5,2
1.724,1.6641,2.14257,1.5,2
1.725,1.60472,2.10257,1.5,2
1.726,1.54508,2.06257,1.5,2
1.727,1.48521,2.02257,1.5,2
1.728,1.4251,1.98257,1.5,2
1.729,1.36476,1.94257,1.5,2
1.73,1.30421,1.90257,1.5,2
1.731,1.24345,1.86257,1,2
1.732,1.18249,1.82257,1,2
1.733,1.12135,1.78257,1,2
1.734,1.06004,1.74257,1,2
1.735,0.99855,1.70257,1,1.5
1.736,0.936907,1.66257,1,1.5
1.737,0.875115,1.62257,1,1.5
1.738,0.813186,1.58257,1,1.5
1.739,0.751128,1.54257,1,1.5
1.74,0.688951,1.50257,0.5,1.5
1.741,0.626666,1.46257,0.5,1.5
1.742,0.564282,1.42257,0.5,1.5
1.743,0.501809,1.38257,0.5,1.5
1.744,0.439256,1.34257,0.5,1.5
1.745,0.376634,1.30257,0.5,1.5
1.746,0.313953,1.26257,0.5,1.5
1.747,0.251222,1.22257,0.5,1
1.748,0.188451,1.18257,0,1
1.749,0.12565,1.14257,0,1
1.75,0.0628302,1.10257,0,1
1.751,5.15572e-12,1.06257,0,1
1.752,-0.0628302,1.02257,-0,1
1.753,-0.12565,0.982566,-0,1
1.754,-0.188451,0.942566,-0,1
1.755,-0.251222,0.902566,-0.5,1
1.756,-0.313953,0.862566,-0.5,1
1.757,-0.376634,0.822566,-0.5,1
1.758,-0.439256,0.782566,-0.5,1
1.759,-0.501809,0.742566,-0.5,1
1.76,-0.564282,0.702566,-0.5,0.5
1.761,-0.626666,0.662566,-0.5,0.5
1.762,-0.688951,0.622566,-0.5,0.5
1.763,-0.751128,0.582566,-1,0.5
1.764,-0.813186,0.542566,-1,0.5
1.765,-0.875115,0.502566,-1,0.5
1.766,-0.936907,0.462566,-1,0.5
1.767,-0.99855,0.422566,-1,0.5
1.768,-1.06004,0.382566,-1,0.5
1.769,-1.12135,0.342566,-1,0.5
1.77,-1.18249,0.302566,-1,0.5
1.771,-1.24345,0.262566,-1,0.5
1.772,-1.30421,0.222566,-1.5,0
1.773,-1.36476,0.182566,-1.5,0
1.774,-1.4251,0.142566,-1.5,0
1.775,-1.48521,0.102566,-1.5,0
1.776,-1.54508,0.0625662,-1.5,0
1.777,-1.60472,0.0225662,-1.5,0
1.778,-1.6641,-0.0174338,-1.5,-0
1.779,-1.72321,-0.0574338,-1.5,-0
1.78,-1.78206,-0.0974338,-2,-0
1.781,-1.84062,-0.137434,-2,-0
1.782,-1.8989,-0.177434,-2,-0
1.783,-1.95687,-0.217434,-2,-0
1.784,-2.01453,-0.257434,-2,-0
1.785,-2.07188,-0.297434,-2,-0.5
1.786,-2.1289,-0.337434,-2,-0.5
1.787,-2.18558,-0.377434,-2,-0.5
1.788,-2.24192,-0.417434,-2,-0.5
1.789,-2.2979,-0.457434,-2.5,-0.5
1.79,-2.35352,-0.497434,-2.5,-0.5
1.791,-2.40877,-0.537434,-2.5,-0.5
1.792,-2.46364,-0.577434,-2.5,-0.5
1.793,-2.51812,-0.617434,-2.5,-0.5
1.794,-2.5722,-0.657434,-2.5,-0.5
1.795,-2.62587,-0.697434,-2.5,-0.5
1.796,-2.67913,-0.737434,-2.5,-0.5
1.797,-2.73197,-0.777434,-2.5,-1
1.798,-2.78438,-0.817434,-3,-1
1.799,-2.83634,-0.857434,-3,-1
1.8,-2.88786,-0.897434,-3,-1
1.801,-2.93893,-0.937434,-3,-1
1.802,-2.98952,-0.977434,-3,-1
1.803,-3.03965,-1.01743,-3,-1
1.804,-3.0893,-1.05743,-3,-1
1.805,-3.13846,-1.09743,-3,-1
1.806,-3.18712,-1.13743,-3,-1
1.807,-3.23528,-1.17743,-3,-1
1.808,-3.28293,-1.21743,-3.5,-1
1.809,-3.33006,-1.25743,-3.5,-1
1.81,-3.37666,-1.29743,-3.5,-1.5
1.811,-3.42274,-1.33743,-3.5,-1.5
1.812,-3.46827,-1.37743,-3.5,-1.5
1.813,-3.51325,-1.41743,-3.5,-1.5
1.814,-3.55768,-1.45743,-3.5,-1.5
1.815,-3.60155,-1.49743,-3.5,-1.5
1.816,-3.64484,-1.53743,-3.5,-1.5
1.817,-3.68757,-1.57743,-3.5,-1.5
1.818,-3.72971,-1.61743,-3.5,-1.5
1.819,-3.77126,-1.65743,-4,-1.5
1.82,-3.81221,-1.69743,-4,-1.5
1.821,-3.85257,-1.73743,-4,-1.5
1.822,-3.89231,-1.77743,-4,-2
1.823,-3.93144,-1.81743,-4,-2
1.824,-3.96995,-1.85743,-4,-2
1.825,-4.00783,-1.89743,-4,-2
1.826,-4.04508,-1.93743,-4,-2
1.827,-4.0817,-1.97743,-4,-2
1.828,-4.11766,-2.01743,-4,-2
1.829,-4.15298,-2.05743,-4,-2
1.83,-4.18764,-2.09743,-4,-2
1.831,-4.22164,-2.13743,-4,-2
1.832,-4.25497,-2.17743,-4.5,-2
1.833,-4.28763,-2.21743,-4.5,-2
1.834,-4.31962,-2.25743,-4.5,-2
1.835,-4.35092,-2.29743,-4.5,-2.5
1.836,-4.38153,-2.33743,-4.5,-2.5
1.837,-4.41146,-2.37743,-4.5,-2.5
1.838,-4.44068,-2.41743,-4.5,-2.5
1.839,-4.46921,-2.45743,-4.5,-2.5
1.84,-4.49703,-2.49743,-4.5,-2.5
1.841,-4.52414,-2.53743,-4.5,-2.5
1.842,-4.55053,-2.57743,-4.5,-2.5
1.843,-4.57621,-2.61743,-4.5,-2.5
1.844,-4.60116,-2.65743,-4.5,-2.5
1.845,-4.62539,-2.69743,-4.5,-2.5
1.846,-4.64888,-2.73743,-4.5,-2.5
1.847,-4.67164,-2.77743,-4.5,-3
1.848,-4.69367,-2.81743,-4.5,-3
1.849,-4.71495,-2.85743,-4.5,-3
1.85,-4.73549,-2.89743,-4.5,-3
1.851,-4.75528,-2.93743,-5,-3
1.852,-4.77432,-2.97743,-5,-3
1.853,-4.79261,-3.01743,-5,-3
1.854,-4.81014,-3.05743,-5,-3
1.855,-4.82691,-3.09743,-5,-3
1.856,-4.84292,-3.13743,-5,-3
1.857,-4.85816,-3.17743,-5,-3
1.858,-4.87263,-3.21743,-5,-3
1.859,-4.88634,-3.25743,-5,-3
1.86,-4.89928,-3.29743,-5,-3.5
1.861,-4.91144,-3.33743,-5,-3.5
1.862,-4.92282,-3.37743,-5,-3.5
1.863,-4.93343,-3.41743,-5,-3.5
1.864,-4.94326,-3.45743,-5,-3.5
1.865,-4.95231,-3.49743,-5,-3.5
1.866,-4.96057,-3.53743,-5,-3.5
1.867,-4.96806,-3.57743,-5,-3.5
1.868,-4.97476,-3.61743,-5,-3.5
1.869,-4.98067,-3.65743,-5,-3.5
1.87,-4.98579,-3.69743,-5,-3.5
1.871,-4.99013,-3.73743,-5,-3.5
1.872,-4.99368,-3.77743,-5,-4
1.873,-4.99645,-3.81743,-5,-4
1.874,-4.99842,-3.85743,-5,-4
1.875,-4.99961,-3.89743,-5,-4
1.876,-5,-3.93743,-5,-4
1.877,-4.99961,-3.97743,-5,-4
1.878,-4.99842,-4.01743,-5,-4
1.879,-4.99645,-4.05743,-5,-4
1.88,-4.99368,-4.09743,-5,-4
1.881,-4.99013,-4.13743,-5,-4
1.882,-4.98579,-4.17743,-5,-4
1.883,-4.98067,-4.21743,-5,-4
1.884,-4.97476,-4.25743,-5,-4
1.885,-4.96806,-4.29743,-5,-4.5
1.886,-4.96057,-4.33743,-5,-4.5
1.887,-4.95231,-4.37743,-5,-4.5
1.888,-4.94326,-4.41743,-5,-4.5
1.889,-4.93343,-4.45743,-5,-4.5
1.89,-4.92282,-4.49743,-5,-4.5
1.891,-4.91144,-4.53743,-5,-4.5
1.892,-4.89928,-4.57743,-5,-4.5
1.893,-4.88634,-4.61743,-5,-4.5
1.894,-4.87263,-4.65743,-5,-4.5
1.895,-4.85816,-4.69743,-5,-4.5
1.896,-4.84292,-4.73743,-5,-4.5
1.897,-4.82691,-4.77743,-5,-5
1.898,-4.81014,-4.81014,-5,-5
1.899,-4.79261,-4.79261,-5,-5
1.9,-4.77432,-4.77432,-5,-5
1.901,-4.75528,-4.75528,-5,-5
1.902,-4.73549,-4.73549,-4.5,-4.5
1.903,-4.71495,-4.71495,-4.5,-4.5
1.904,-4.69367,-4.69367,-4.5,-4.5
1.905,-4.67164,-4.67164,-4.5,-4.5
1.906,-4.64888,-4.64888,-4.5,-4.5
1.907,-4.62539,-4.62539,-4.5,-4.5
1.908,-4.60116,-4.60116,-4.5,-4.5
1.909,-4.57621,-4.57621,-4.5,-4.5
1.91,-4.55053,-4.55053,-4.5,-4.5
1.911,-4.52414,-4.52414,-4.5,-4.5
1.912,-4.49703,-4.49703,-4.5,-4.5
1.913,-4.46921,-4.46921,-4.5,-4.5
1.914,-4.44068,-4.44068,-4.5,-4.5
1.915,-4.41146,-4.41146,-4.5,-4.5
1.916,-4.38153,-4.38153,-4.5,-4.5
1.917,-4.35092,-4.35153,-4.5,-4.5
1.918,-4.31962,-4.32092,-4.5,-4.5
1.919,-4.28763,-4.28962,-4.5,-4.5
1.92,-4.25497,-4.25763,-4.5,-4.5
1.921,-4.22164,-4.22497,-4,-4
1.922,-4.18764,-4.19164,-4,-4
1.923,-4.15298,-4.15764,-4,-4
1.924,-4.11766,-4.12298,-4,-4
1.925,-4.0817,-4.08766,-4,-4
1.926,-4.04508,-4.0517,-4,-4
1.927,-4.00783,-4.01508,-4,-4
1.928,-3.96995,-3.97783,-4,-4
1.929,-3.93144,-3.93995,-4,-4
1.93,-3.89231,-3.90144,-4,-4
1.931,-3.85257,-3.86231,-4,-4
1.932,-3.81221,-3.82257,-4,-4
1.933,-3.77126,-3.78257,-4,-4
1.934,-3.72971,-3.74257,-3.5,-4
1.935,-3.68757,-3.70257,-3.5,-3.5
1.936,-3.64484,-3.66257,-3.5,-3.5
1.937,-3.60155,-3.62257,-3.5,-3.5
1.938,-3.55768,-3.58257,-3.5,-3.5
1.939,-3.51325,-3.54257,-3.5,-3.5
1.94,-3.46827,-3.50257,-3.5,-3.5
1.941,-3.42274,-3.46257,-3.5,-3.5
1.942,-3.37666,-3.42257,-3.5,-3.5
1.943,-3.33006,-3.38257,-3.5,-3.5
1.944,-3.28293,-3.34257,-3.5,-3.5
1.945,-3.23528,-3.30257,-3,-3.5
1.946,-3.18712,-3.26257,-3,-3.5
1.947,-3.13846,-3.22257,-3,-3
1.948,-3.0893,-3.18257,-3,-3
1.949,-3.03965,-3.14257,-3,-3
1.95,-2.98952,-3.10257,-3,-3
1.951,-2.93893,-3.06257,-3,-3
1.952,-2.88786,-3.02257,-3,-3
1.953,-2.83634,-2.98257,-3,-3
1.954,-2.78438,-2.94257,-3,-3
1.955,-2.73197,-2.90257,-2.5,-3
1.956,-2.67913,-2.86257,-2.5,-3
1.957,-2.62587,-2.82257,-2.5,-3
1.958,-2.5722,-2.78257,-2.5,-3
1.959,-2.51812,-2.74257,-2.5,-3
1.96,-2.46364,-2.70257,-2.5,-2.5
1.961,-2.40877,-2.66257,-2.5,-2.5
1.962,-2.35352,-2.62257,-2.5,-2.5
1.963,-2.2979,-2.58257,-2.5,-2.5
1.964,-2.24192,-2.54257,-2,-2.5
1.965,-2.18558,-2.50257,-2,-2.5
1.966,-2.1289,-2.46257,-2,-2.5
1.967,-2.07188,-2.42257,-2,-2.5
1.968,-2.01453,-2.38257,-2,-2.5
1.969,-1.95687,-2.34257,-2,-2.5
1.97,-1.8989,-2.30257,-2,-2.5
1.971,-1.84062,-2.26257,-2,-2.5
1.972,-1.78206,-2.22257,-2,-2
1.973,-1.72321,-2.18257,-1.5,-2
1.974,-1.6641,-2.14257,-1.5,-2
1.975,-1.60472,-2.10257,-1.5,-2
1.976,-1.54508,-2.06257,-1.5,-2
1.977,-1.48521,-2.02257,-1.5,-2
1.978,-1.4251,-1.98257,-1.5,-2
1.979,-1.36476,-1.94257,-1.5,-2
1.98,-1.30421,-1.90257,-1.5,-2
1.981,-1.24345,-1.86257,-1,-2
1.982,-1.18249,-1.82257,-1,-2
1.983,-1.12135,-1.78257,-1,-2
1.984,-1.06004,-1.74257,-1,-2
1.985,-0.99855,-1.70257,-1,-1.5
1.986,-0.936907,-1.66257,-1,-1.5
1.987,-0.875115,-1.62257,-1,-1.5
1.988,-0.813186,-1.58257,-1,-1.5
1.989,-0.751128,-1.54257,-1,-1.5
1.99,-0.688951,-1.50257,-0.5,-1.5
1.991,-0.626666,-1.46257,-0.5,-1.5
1.992,-0.564282,-1.42257,-0.5,-1.5
1.993,-0.501809,-1.38257,-0.5,-1.5
1.994,-0.439256,-1.34257,-0.5,-1.5
1.995,-0.376634,-1.30257,-0.5,-1.5
1.996,-0.313953,-1.26257,-0.5,-1.5
1.997,-0.251222,-1.22257,-0.5,-1
1.998,-0.188451,-1.18257,-0,-1
1.999,-0.12565,-1.14257,-0,-1
2,-0.0628302,-1.10257,-0,-1
2.001,-6.8794e-12,-1.06257,-0,-1
2.002,0.0628302,-1.02257,0,-1
2.003,0.12565,-0.982566,0,-1
2.004,0.188451,-0.942566,0,-1
2.005,0.251222,-0.902566,0.5,-1
2.006,0.313953,-0.862566,0.5,-1
2.007,0.376634,-0.822566,0.5,-1
2.008,0.439256,-0.782566,0.5,-1
2.009,0.501809,-0.742566,0.5,-1
2.01,0.564282,-0.702566,0.5,-0.5
2.011,0.626666,-0.662566,0.5,-0.5
2.012,0.688951,-0.622566,0.5,-0.5
2.013,0.751128,-0.582566,1,-0.5
2.014,0.813186,-0.542566,1,-0.5
2.015,0.875115,-0.502566,1,-0.5
2.016,0.936907,-0.462566,1,-0.5
2.017,0.99855,-0.422566,1,-0.5
2.018,1.06004,-0.382566,1,-0.5
2.019,1.12135,-0.342566,1,-0.5
2.02,1.18249,-0.302566,1,-0.5
2.021,1.24345,-0.262566,1,-0.5
2.022,1.30421,-0.222566,1.5,-0
2.023,1.36476,-0.182566,1.5,-0
2.024,1.4251,-0.142566,1.5,-0
2.025,1.48521,-0.102566,1.5,-0
2.026,1.54508,-0.0625662,1.5,-0
2.027,1.60472,-0.0225662,1.5,-0
2.028,1.6641,0.0174338,1.5,0
2.029,1.72321,0.0574338,1.5,0
2.03,1.78206,0.0974338,2,0
2.031,1.84062,0.137434,2,0
2.032,1.8989,0.177434,2,0
2.033,1.95687,0.217434,2,0
2.034,2.01453,0.257434,2,0
2.035,2.07188,0.297434,2,0.5
2.036,2.1289,0.337434,2,0.5
2.037,2.18558,0.377434,2,0.5
2.038,2.24192,0.417434,2,0.5
2.039,2.2979,0.457434,2.5,0.5
2.04,2.35352,0.497434,2.5,0.5
2.041,2.40877,0.537434,2.5,0.5
2.042,2.46364,0.577434,2.5,0.5
2.043,2.51812,0.617434,2.5,0.5
2.044,2.5722,0.657434,2.5,0.5
2.045,2.62587,0.697434,2.5,0.5
2.046,2.67913,0.737434,2.5,0.5
2.047,2.73197,0.777434,2.5,1
2.048,2.78438,0.817434,3,1
2.049,2.83634,0.857434,3,1
2.05,2.88786,0.897434,3,1
2.051,2.93893,0.937434,3,1
2.052,2.98952,0.977434,3,1
2.053,3.03965,1.01743,3,1
2.054,3.0893,1.05743,3,1
2.055,3.13846,1.09743,3,1
2.056,3.18712,1.13743,3,1
2.057,3.23528,1.17743,3,1
2.058,3.28293,1.21743,3.5,1
2.059,3.33006,1.25743,3.5,1
2.06,3.37666,1.29743,3.5,1.5
2.061,3.42274,1.33743,3.5,1.5
2.062,3.46827,1.37743,3.5,1.5
2.063,3.51325,1.41743,3.5,1.5
2.064,3.55768,1.45743,3.5,1.5
2.065,3.60155,1.49743,3.5,1.5
2.066,3.64484,1.53743,3.5,1.5
2.067,3.68757,1.57743,3.5,1.5
2.068,3.72971,1.61743,3.5,1.5
2.069,3.77126,1.65743,4,1.5
2.07,3.81221,1.69743,4,1.5
2.071,3.85257,1.73743,4,1.5
2.072,3.89231,1.77743,4,2
2.073,3.93144,1.81743,4,2
2.074,3.96995,1.85743,4,2
2.075,4.00783,1.89743,4,2
2.076,4.04508,1.93743,4,2
2.077,4.0817,1.97743,4,2
2.078,4.11766,2.01743,4,2
2.079,4.15298,2.05743,4,2
2.08,4.18764,2.09743,4,2
2.081,4.22164,2.13743,4,2
2.082,4.25497,2.17743,4.5,2
2.083,4.28763,2.21743,4.5,2
2.084,4.31962,2.25743,4.5,2
2.085,4.35092,2.29743,4.5,2.5
2.086,4.38153,2.33743,4.5,2.5
2.087,4.41146,2.37743,4.5,2.5
2.088,4.44068,2.41743,4.5,2.5
2.089,4.46921,2.45743,4.5,2.5
2.09,4.49703,2.49743,4.5,2.5
2.091,4.52414,2.53743,4.5,2.5
2.092,4.55053,2.57743,4.5,2.5
2.093,4.57621,2.61743,4.5,2.5
2.094,4.60116,2.65743,4.5,2.5
2.095,4.62539,2.69743,4.5,2.5
2.096,4.64888,2.73743,4.5,2.5
2.097,4.67164,2.77743,4.5,3
2.098,4.69367,2.81743,4.5,3
2.099,4.71495,2.85743,4.5,3
2.1,4.73549,2.89743,4.5,3
2.101,4.75528,2.93743,5,3
2.102,4.77432,2.97743,5,3
2.103,4.79261,3.01743,5,3
2.104,4.81014,3.05743,5,3
2.105,4.82691,3.09743,5,3
2.106,4.84292,3.13743,5,3
2.107,4.85816,3.17743,5,3
2.108,4.87263,3.21743,5,3
2.109,4.88634,3.25743,5,3
2.11,4.89928,3.29743,5,3.5
2.111,4.91144,3.33743,5,3.5
2.112,4.92282,3.37743,5,3.5
2.113,4.93343,3.41743,5,3.5
2.114,4.94326,3.45743,5,3.5
2.115,4.95231,3.49743,5,3.5
2.116,4.96057,3.53743,5,3.5
2.117,4.96806,3.57743,5,3.5
2.118,4.97476,3.61743,5,3.5
2.119,4.98067,3.65743,5,3.5
2.12,4.98579,3.69743,5,3.5
2.121,4.99013,3.73743,5,3.5
2.122,4.99368,3.77743,5,4
2.123,4.99645,3.81743,5,4
2.124,4.99842,3.85743,5,4
2.125,4.99961,3.89743,5,4
2.126,5,3.93743,5,4
2.127,4.99961,3.97743,5,4
2.128,4.99842,4.01743,5,4
2.129,4.99645,4.05743,5,4
2.13,4.99368,4.09743,5,4
2.131,4.99013,4.13743,5,4
2.132,4.98579,4.17743,5,4
2.133,4.98067,4.21743,5,4
2.134,4.97476,4.25743,5,4
2.135,4.96806,4.29743,5,4.5
2.136,4.96057,4.33743,5,4.5
2.137,4.95231,4.37743,5,4.5
2.138,4.94326,4.41743,5,4.5
2.139,4.93343,4.45743,5,4.5
2.14,4.92282,4.49743,5,4.5
2.141,4.91144,4.53743,5,4.5
2.142,4.89928,4.57743,5,4.5
2.143,4.88634,4.61743,5,4.5
2.144,4.87263,4.65743,5,4.5
2.145,4.85816,4.69743,5,4.5
2.146,4.84292,4.73743,5,4.5
2.147,4.82691,4.77743,5,5
2.148,4.81014,4.81014,5,5
2.149,4.79261,4.79261,5,5
2.15,4.77432,4.77432,5,5
2.151,4.75528,4.75528,5,5
2.152,4.73549,4.73549,4.5,4.5
2.153,4.71495,4.71495,4.5,4.5
2.154,4.69367,4.69367,4.5,4.5
2.155,4.67164,4.67164,4.5,4.5
2.156,4.64888,4.64888,4.5,4.5
2.157,4.62539,4.62539,4.5,4.5
2.158,4.60116,4.60116,4.5,4.5
2.159,4.57621,4.57621,4.5,4.5
2.16,4.55053,4.55053,4.5,4.5
2.161,4.52414,4.52414,4.5,4.5
2.162,4.49703,4.49703,4.5,4.5
2.163,4.46921,4.46921,4.5,4.5
2.164,4.44068,4.44068,4.5,4.5
2.165,4.41146,4.41146,4.5,4.5
2.166,4.38153,4.38153,4.5,4.5
2.167,4.35092,4.35153,4.5,4.5
2.168,4.31962,4.32092,4.5,4.5
2.169,4.28763,4.28962,4.5,4.5
2.17,4.25497,4.25763,4.5,4.5
2.171,4.22164,4.22497,4,4
2.172,4.18764,4.19164,4,4
2.173,4.15298,4.15764,4,4
2.174,4.11766,4.12298,4,4
2.175,4.0817,4.08766,4,4
2.176,4.04508,4.0517,4,4
2.177,4.00783,4.01508,4,4
2.178,3.96995,3.97783,4,4
2.179,3.93144,3.93995,4,4
2.18,3.89231,3.90144,4,4
2.181,3.85257,3.86231,4,4
2.182,3.81221,3.82257,4,4
2.183,3.77126,3.78257,4,4
2.184,3.72971,3.74257,3.5,4
2.185,3.68757,3.70257,3.5,3.5
2.186,3.64484,3.66257,3.5,3.5
2.187,3.60155,3.62257,3.5,3.5
2.188,3.55768,3.58257,3.5,3.5
2.189,3.51325,3.54257,3.5,3.5
2.19,3.46827,3.50257,3.5,3.5
2.191,3.42274,3.46257,3.5,3.5
2.192,3.37666,3.42257,3.5,3.5
2.193,3.33006,3.38257,3.5,3.5
2.194,3.28293,3.34257,3.5,3.5
2.195,3.23528,3.30257,3,3.5
2.196,3.18712,3.26257,3,3.5
2.197,3.13846,3.22257,3,3
2.198,3.0893,3.18257,3,3
2.199,3.03965,3.14257,3,3
2.2,2.98952,3.10257,3,3
2.201,2.93893,3.06257,3,3
2.202,2.88786,3.02257,3,3
2.203,2.83634,2.98257,3,3
2.204,2.78438,2.94257,3,3
2.205,2.73197,2.90257,2.5,3
2.206,2.67913,2.86257,2.5,3
2.207,2.62587,2.82257,2.5,3
2.208,2.5722,2.78257,2.5,3
2.209,2.51812,2.74257,2.5,3
2.21,2.46364,2.70257,2.5,2.5
2.211,2.40877,2.66257,2.5,2.5
2.212,2.35352,2.62257,2.5,2.5
2.213,2.2979,2.58257,2.5,2.5
2.214,2.24192,2.54257,2,2.5
2.215,2.18558,2.50257,2,2.5
2.216,2.1289,2.46257,2,2.5
2.217,2.07188,2.42257,2,2.5
2.218,2.01453,2.38257,2,2.5
2.219,1.95687,2.34257,2,2.5
2.22,1.8989,2.30257,2,2.5
2.221,1.84062,2.26257,2,2.5
2.222,1.78206,2.22257,2,2
2.223,1.72321,2.18257,1.5,2
2.224,1.6641,2.14257,1.5,2
2.225,1.60472,2.10257,1.5,2
2.226,1.54508,2.06257,1.5,2
2.227,1.48521,2.02257,1.5,2
2.228,1.4251,1.98257,1.5,2
2.229,1.36476,1.94257,1.5,2
2.23,1.30421,1.90257,1.5,2
2.231,1.24345,1.86257,1,2
2.232,1.18249,1.82257,1,2
2.233,1.12135,1.78257,1,2
2.234,1.06004,1.74257,1,2
2.235,0.99855,1.70257,1,1.5
2.236,0.936907,1.66257,1,1.5
2.237,0.875115,1.62257,1,1.5
2.238,0.813186,1.58257,1,1.5
2.239,0.751128,1.54257,1,1.5
2.24,0.688951,1.50257,0.5,1.5
2.241,0.626666,1.46257,0.5,1.5
2.242,0.564282,1.42257,0.5,1.5
2.243,0.501809,1.38257,0.5,1.5
2.244,0.439256,1.34257,0.5,1.5
2.245,0.376634,1.30257,0.5,1.5
2.246,0.313953,1.26257,0.5,1.5
2.247,0.251222,1.22257,0.5,1
2.248,0.188451,1.18257,0,1
2.249,0.12565,1.14257,0,1
2.25,0.0628302,1.10257,0,1
2.251,8.60308e-12,1.06257,0,1
2.252,-0.0628302,1.02257,-0,1
2.253,-0.12565,0.982566,-0,1
2.254,-0.188451,0.942566,-0,1
2.255,-0.251222,0.902566,-0.5,1
2.256,-0.313953,0.862566,-0.5,1
2.257,-0.376634,0.822566,-0.5,1
2.258,-0.439256,0.782566,-0.5,1
2.259,-0.501809,0.742566,-0.5,1
2.26,-0.564282,0.702566,-0.5,0.5
2.261,-0.626666,0.662566,-0.5,0.5
2.262,-0.688951,0.622566,-0.5,0.5
2.263,-0.751128,0.582566,-1,0.5
2.264,-0.813186,0.542566,-1,0.5
2.265,-0.875115,0.502566,-1,0.5
2.266,-0.936907,0.462566,-1,0.5
2.267,-0.99855,0.422566,-1,0.5
2.268,-1.06004,0.382566,-1,0.5
2.269,-1.12135,0.342566,-1,0.5
2.27,-1.18249,0.302566,-1,0.5
2.271,-1.24345,0.262566,-1,0.5
2.272,-1.30421,0.222566,-1.5,0
2.273,-1.36476,0.182566,-1.5,0
2.274,-1.4251,0.142566,-1.5,0
2.275,-1.48521,0.102566,-1.5,0
2.276,-1.54508,0.0625662,-1.5,0
2.277,-1.60472,0.0225662,-1.5,0
2.278,-1.6641,-0.0174338,-1.5,-0
2.279,-1.72321,-0.0574338,-1.5,-0
2.28,-1.78206,-0.0974338,-2,-0
2.281,-1.84062,-0.137434,-2,-0
2.282,-1.8989,-0.177434,-2,-0
2.283,-1.95687,-0.217434,-2,-0
2.284,-2.01453,-0.257434,-2,-0
2.285,-2.07188,-0.297434,-2,-0.5
2.286,-2.1289,-0.337434,-2,-0.5
2.287,-2.18558,-0.377434,-2,-0.5
2.288,-2.24192,-0.417434,-2,-0.5
2.289,-2.2979,-0.457434,-2.5,-0.5
2.29,-2.35352,-0.497434,-2.5,-0.5
2.291,-2.40877,-0.537434,-2.5,-0.5
2.292,-2.46364,-0.577434,-2.5,-0.5
2.293,-2.51812,-0.617434,-2.5,-0.5
2.294,-2.5722,-0.657434,-2.5,-0.5
2.295,-2.62587,-0.697434,-2.5,-0.5
2.296,-2.67913,-0.737434,-2.5,-0.5
2.297,-2.73197,-0.777434,-2.5,-1
2.298,-2.78438,-0.817434,-3,-1
2.299,-2.83634,-0.857434,-3,-1
2.3,-2.88786,-0.897434,-3,-1
2.301,-2.93893,-0.937434,-3,-1
2.302,-2.98952,-0.977434,-3,-1
2.303,-3.03965,-1.01743,-3,-1
2.304,-3.0893,-1.05743,-3,-1
2.305,-3.13846,-1.09743,-3,-1
2.306,-3.18712,-1.13743,-3,-1
2.307,-3.23528,-1.17743,-3,-1
2.308,-3.28293,-1.21743,-3.5,-1
2.309,-3.33006,-1.25743,-3.5,-1
2.31,-3.37666,-1.29743,-3.5,-1.5
2.311,-3.42274,-1.33743,-3.5,-1.5
2.312,-3.46827,-1.37743,-3.5,-1.5
2.313,-3.51325,-1.41743,-3.5,-1.5
2.314,-3.55768,-1.45743,-3.5,-1.5
2.315,-3.60155,-1.49743,-3.5,-1.5
2.316,-3.64484,-1.53743,-3.5,-1.5
2.317,-3.68757,-1.57743,-3.5,-1.5
2.318,-3.72971,-1.61743,-3.5,-1.5
2.319,-3.77126,-1.65743,-4,-1.5
2.32,-3.81221,-1.69743,-4,-1.5
2.321,-3.85257,-1.73743,-4,-1.5
2.322,-3.89231,-1.77743,-4,-2
2.323,-3.93144,-1.81743,-4,-2
2.324,-3.96995,-1.85743,-4,-2
2.325,-4.00783,-1.89743,-4,-2
2.326,-4.04508,-1.93743,-4,-2
2.327,-4.0817,-1.97743,-4,-2
2.328,-4.11766,-2.01743,-4,-2
2.329,-4.15298,-2.05743,-4,-2
2.33,-4.18764,-2.09743,-4,-2
2.331,-4.22164,-2.13743,-4,-2
2.332,-4.25497,-2.17743,-4.5,-2
2.333,-4.28763,-2.21743,-4.5,-2
2.334,-4.31962,-2.25743,-4.5,-2
2.335,-4.35092,-2.29743,-4.5,-2.5
2.336,-4.38153,-2.33743,-4.5,-2.5
2.337,-4.41146,-2.37743,-4.5,-2.5
2.338,-4.44068,-2.41743,-4.5,-2.5
2.339,-4.46921,-2.45743,-4.5,-2.5
2.34,-4.49703,-2.49743,-4.5,-2.5
2.341,-4.52414,-2.53743,-4.5,-2.5
2.342,-4.55053,-2.57743,-4.5,-2.5
2.343,-4.57621,-2.61743,-4.5,-2.5
2.344,-4.60116,-2.65743,-4.5,-2.5
2.345,-4.62539,-2.69743,-4.5,-2.5
2.346,-4.64888,-2.73743,-4.5,-2.5
2.347,-4.67164,-2.77743,-4.5,-3
2.348,-4.69367,-2.81743,-4.5,-3
2.349,-4.71495,-2.85743,-4.5,-3
2.35,-4.73549,-2.89743,-4.5,-3
2.351,-4.75528,-2.93743,-5,-3
2.352,-4.77432,-2.97743,-5,-3
2.353,-4.79261,-3.01743,-5,-3
2.354,-4.81014,-3.05743,-5,-3
2.355,-4.82691,-3.09743,-5,-3
2.356,-4.84292,-3.13743,-5,-3
2.357,-4.85816,-3.17743,-5,-3
2.358,-4.87263,-3.21743,-5,-3
2.359,-4.88634,-3.25743,-5,-3
2.36,-4.89928,-3.29743,-5,-3.5
2.361,-4.91144,-3.33743,-5,-3.5
2.362,-4.92282,-3.37743,-5,-3.5
2.363,-4.93343,-3.41743,-5,-3.5
2.364,-4.94326,-3.45743,-5,-3.5
2.365,-4.95231,-3.49743,-5,-3.5
2.366,-4.96057,-3.53743,-5,-3.5
2.367,-4.96806,-3.57743,-5,-3.5
2.368,-4.97476,-3.61743,-5,-3.5
2.369,-4.98067,-3.65743,-5,-3.5
2.37,-4.98579,-3.69743,-5,-3.5
2.371,-4.99013,-3.73743,-5,-3.5
2.372,-4.99368,-3.77743,-5,-4
2.373,-4.99645,-3.81743,-5,-4
2.374,-4.99842,-3.85743,-5,-4
2.375,-4.99961,-3.89743,-5,-4
2.376,-5,-3.93743,-5,-4
2.377,-4.99961,-3.97743,-5,-4
2.378,-4.99842,-4.01743,-5,-4
2.379,-4.99645,-4.05743,-5,-4
2.38,-4.99368,-4.09743,-5,-4
2.381,-4.99013,-4.13743,-5,-4
2.382,-4.98579,-4.17743,-5,-4
2.383,-4.98067,-4.21743,-5,-4
2.384,-4.97476,-4.25743,-5,-4
2.385,-4.96806,-4.29743,-5,-4.5
2.386,-4.96057,-4.33743,-5,-4.5
2.387,-4.95231,-4.37743,-5,-4.5
2.388,-4.94326,-4.41743,-5,-4.5
2.389,-4.93343,-4.45743,-5,-4.5
2.39,-4.92282,-4.49743,-5,-4.5
2.391,-4.91144,-4.53743,-5,-4.5
2.392,-4.89928,-4.57743,-5,-4.5
2.393,-4.88634,-4.61743,-5,-4.5
2.394,-4.87263,-4.65743,-5,-4.5
2.395,-4.85816,-4.69743,-5,-4.5
2.396,-4.84292,-4.73743,-5,-4.5
2.397,-4.82691,-4.77743,-5,-5
2.398,-4.81014,-4.81014,-5,-5
2.399,-4.79261,-4.79261,-5,-5
2.4,-4.77432,-4.77432,-5,-5
2.401,-4.75528,-4.75528,-5,-5
2.402,-4.73549,-4.73549,-4.5,-4.5
2.403,-4.71495,-4.71495,-4.5,-4.5
2.404,-4.69367,-4.69367,-4.5,-4.5
2.405,-4.67164,-4.67164,-4.5,-4.5
2.406,-4.64888,-4.64888,-4.5,-4.5
2.407,-4.62539,-4.62539,-4.5,-4.5
2.408,-4.60116,-4.60116,-4.5,-4.5
2.409,-4.57621,-4.57621,-4.5,-4.5
2.41,-4.55053,-4.55053,-4.5,-4.5
2.411,-4.52414,-4.52414,-4.5,-4.5
2.412,-4.49703,-4.49703,-4.5,-4.5
2.413,-4.46921,-4.46921,-4.5,-4.5
2.414,-4.44068,-4.44068,-4.5,-4.5
2.415,-4.41146,-4.41146,-4.5,-4.5
2.416,-4.38153,-4.38153,-4.5,-4.5
2.417,-4.35092,-4.35153,-4.5,-4.5
2.418,-4.31962,-4.32092,-4.5,-4.5
2.419,-4.28763,-4.28962,-4.5,-4.5
2.42,-4.25497,-4.25763,-4.5,-4.5
2.421,-4.22164,-4.22497,-4,-4
2.422,-4.18764,-4.19164,-4,-4
2.423,-4.15298,-4.15764,-4,-4
2.424,-4.11766,-4.12298,-4,-4
2.425,-4.0817,-4.08766,-4,-4
2.426,-4.04508,-4.0517,-4,-4
2.427,-4.00783,-4.01508,-4,-4
2.428,-3.96995,-3.97783,-4,-4
2.429,-3.93144,-3.93995,-4,-4
2.43,-3.89231,-3.90144,-4,-4
2.431,-3.85257,-3.86231,-4,-4
2.432,-3.81221,-3.82257,-4,-4
2.433,-3.77126,-3.78257,-4,-4
2.434,-3.72971,-3.74257,-3.5,-4
2.435,-3.68757,-3.70257,-3.5,-3.5
2.436,-3.64484,-3.66257,-3.5,-3.5
2.437,-3.60155,-3.62257,-3.5,-3.5
2.438,-3.55768,-3.58257,-3.5,-3.5
2.439,-3.51325,-3.54257,-3.5,-3.5
2.44,-3.46827,-3.50257,-3.5,-3.5
2.441,-3.42274,-3.46257,-3.5,-3.5
2.442,-3.37666,-3.42257,-3.5,-3.5
2.443,-3.33006,-3.38257,-3.5,-3.5
2.444,-3.28293,-3.34257,-3.5,-3.5
2.445,-3.23528,-3.30257,-3,-3.5
2.446,-3.18712,-3.26257,-3,-3.5
2.447,-3.13846,-3.22257,-3,-3
2.448,-3.0893,-3.18257,-3,-3
2.449,-3.03965,-3.14257,-3,-3
2.45,-2.98952,-3.10257,-3,-3
2.451,-2.93893,-3.06257,-3,-3
2.452,-2.88786,-3.02257,-3,-3
2.453,-2.83634,-2.98257,-3,-3
2.454,-2.78438,-2.94257,-3,-3
2.455,-2.73197,-2.90257,-2.5,-3
2.456,-2.67913,-2.86257,-2.5,-3
2.457,-2.62587,-2.82257,-2.5,-3
2.458,-2.5722,-2.78257,-2.5,-3
2.459,-2.51812,-2.74257,-2.5,-3
2.46,-2.46364,-2.70257,-2.5,-2.5
2.461,-2.40877,-2.66257,-2.5,-2.5
2.462,-2.35352,-2.62257,-2.5,-2.5
2.463,-2.2979,-2.58257,-2.5,-2.5
2.464,-2.24192,-2.54257,-2,-2.5
2.465,-2.18558,-2.50257,-2,-2.5
2.466,-2.1289,-2.46257,-2,-2.5
2.467,-2.07188,-2.42257,-2,-2.5
2.468,-2.01453,-2.38257,-2,-2.5
2.469,-1.95687,-2.34257,-2,-2.5
2.47,-1.8989,-2.30257,-2,-2.5
2.471,-1.84062,-2.26257,-2,-2.5
2.472,-1.78206,-2.22257,-2,-2
2.473,-1.72321,-2.18257,-1.5,-2
2.474,-1.6641,-2.14257,-1.5,-2
2.475,-1.60472,-2.10257,-1.5,-2
2.476,-1.54508,-2.06257,-1.5,-2
2.477,-1.48521,-2.02257,-1.5,-2
2.478,-1.4251,-1.98257,-1.5,-2
2.479,-1.36476,-1.94257,-1.5,-2
2.48,-1.30421,-1.90257,-1.5,-2
2.481,-1.24345,-1.86257,-1,-2
2.482,-1.18249,-1.82257,-1,-2
2.483,-1.12135,-1.78257,-1,-2
2.484,-1.06004,-1.74257,-1,-2
2.485,-0.99855,-1.70257,-1,-1.5
2.486,-0.936907,-1.66257,-1,-1.5
2.487,-0.875115,-1.62257,-1,-1.5
2.488,-0.813186,-1.58257,-1,-1.5
2.489,-0.751128,-1.54257,-1,-1.5
2.49,-0.688951,-1.50257,-0.5,-1.5
2.491,-0.626666,-1.46257,-0.5,-1.5
2.492,-0.564282,-1.42257,-0.5,-1.5
2.493,-0.501809,-1.38257,-0.5,-1.5
2.494,-0.439256,-1.34257,-0.5,-1.5
2.495,-0.376634,-1.30257,-0.5,-1.5
2.496,-0.313953,-1.26257,-0.5,-1.5
2.497,-0.251222,-1.22257,-0.5,-1
2.498,-0.188451,-1.18257,-0,-1
2.499,-0.12565,-1.14257,-0,-1
2.5,-0.0628302,-1.10257,-0,-1
2.501,-1.03268e-11,-1.06257,-0,-1
2.502,0.0628302,-1.02257,0,-1
2.503,0.12565,-0.982566,0,-1
2.504,0.188451,-0.942566,0,-1
2.505,0.251222,-0.902566,0.5,-1
2.506,0.313953,-0.862566,0.5,-1
2.507,0.376634,-0.822566,0.5,-1
2.508,0.439256,-0.782566,0.5,-1
2.509,0.501809,-0.742566,0.5,-1
2.51,0.564282,-0.702566,0.5,-0.5
2.511,0.626666,-0.662566,0.5,-0.5
2.512,0.688951,-0.622566,0.5,-0.5
2.513,0.751128,-0.582566,1,-0.5
2.514,0.813186,-0.542566,1,-0.5
2.515,0.875115,-0.502566,1,-0.5
2.516,0.936907,-0.462566,1,-0.5
2.517,0.99855,-0.422566,1,-0.5
2.518,1.06004,-0.382566,1,-0.5
2.519,1.12135,-0.342566,1,-0.5
2.52,1.18249,-0.302566,1,-0.5
2.521,1.24345,-0.262566,1,-0.5
2.522,1.30421,-0.222566,1.5,-0
2.523,1.36476,-0.182566,1.5,-0
2.524,1.4251,-0.142566,1.5,-0
2.525,1.48521,-0.102566,1.5,-0
2.526,1.54508,-0.0625662,1.5,-0
2.527,1.60472,-0.0225662,1.5,-0
2.528,1.6641,0.0174338,1.5,0
2.529,1.72321,0.0574338,1.5,0
2.53,1.78206,0.0974338,2,0
2.531,1.84062,0.137434,2,0
2.532,1.8989,0.177434,2,0
2.533,1.95687,0.217434,2,0
2.534,2.01453,0.257434,2,0
2.535,2.07188,0.297434,2,0.5
2.536,2.1289,0.337434,2,0.5
2.537,2.18558,0.377434,2,0.5
2.538,2.24192,0.417434,2,0.5
2.539,2.2979,0.457434,2.5,0.5
2.54,2.35352,0.497434,2.5,0.5
2.541,2.40877,0.537434,2.5,0.5
2.542,2.46364,0.577434,2.5,0.5
2.543,2.51812,0.617434,2.5,0.5
2.544,2.5722,0.657434,2.5,0.5
2.545,2.62587,0.697434,2.5,0.5
2.546,2.67913,0.737434,2.5,0.5
2.547,2.73197,0.777434,2.5,1
2.548,2.78438,0.817434,3,1
2.549,2.83634,0.857434,3,1
2.55,2.88786,0.897434,3,1
2.551,2.93893,0.937434,3,1
2.552,2.98952,0.977434,3,1
2.553,3.03965,1.01743,3,1
2.554,3.0893,1.05743,3,1
2.555,3.13846,1.09743,3,1
2.556,3.18712,1.13743,3,1
2.557,3.23528,1.17743,3,1
2.558,3.28293,1.21743,3.5,1
2.559,3.33006,1.25743,3.5,1
2.56,3.37666,1.29743,3.5,1.5
2.561,3.42274,1.33743,3.5,1.5
2.562,3.46827,1.37743,3.5,1.5
2.563,3.51325,1.41743,3.5,1.5
2.564,3.55768,1.45743,3.5,1.5
2.565,3.60155,1.49743,3.5,1.5
2.566,3.64484,1.53743,3.5,1.5
2.567,3.68757,1.57743,3.5,1.5
2.568,3.72971,1.61743,3.5,1.5
2.569,3.77126,1.65743,4,1.5
2.57,3.81221,1.69743,4,1.5
2.571,3.85257,1.73743,4,1.5
2.572,3.89231,1.77743,4,2
2.573,3.93144,1.81743,4,2
2.574,3.96995,1.85743,4,2
2.575,4.00783,1.89743,4,2
2.576,4.04508,1.93743,4,2
2.577,4.0817,1.97743,4,2
2.578,4.11766,2.01743,4,2
2.579,4.15298,2.05743,4,2
2.58,4.18764,2.09743,4,2
2.581,4.22164,2.13743,4,2
2.582,4.25497,2.17743,4.5,2
2.583,4.28763,2.21743,4.5,2
2.584,4.31962,2.25743,4.5,2
2.585,4.35092,2.29743,4.5,2.5
2.586,4.38153,2.33743,4.5,2.5
2.587,4.41146,2.37743,4.5,2.5
2.588,4.44068,2.41743,4.5,2.5
2.589,4.46921,2.45743,4.5,2.5
2.59,4.49703,2.49743,4.5,2.5
2.591,4.52414,2.53743,4.5,2.5
2.592,4.55053,2.57743,4.5,2.5
2.593,4.57621,2.61743,4.5,2.5
2.594,4.60116,2.65743,4.5,2.5
2.595,4.62539,2.69743,4.5,2.5
2.596,4.64888,2.73743,4.5,2.5
2.597,4.67164,2.77743,4.5,3
2.598,4.69367,2.81743,4.5,3
2.599,4.71495,2.85743,4.5,3
2.6,4.73549,2.89743,4.5,3
2.601,4.75528,2.93743,5,3
2.602,4.77432,2.97743,5,3
2.603,4.79261,3.01743,5,3
2.604,4.81014,3.05743,5,3
2.605,4.82691,3.09743,5,3
2.606,4.84292,3.13743,5,3
2.607,4.85816,3.17743,5,3
2.608,4.87263,3.21743,5,3
2.609,4.88634,3.25743,5,3
2.61,4.89928,3.29743,5,3.5
2.611,4.91144,3.33743,5,3.5
2.612,4.92282,3.37743,5,3.5
2.613,4.93343,3.41743,5,3.5
2.614,4.94326,3.45743,5,3.5
2.615,4.95231,3.49743,5,3.5
2.616,4.96057,3.53743,5,3.5
2.617,4.96806,3.57743,5,3.5
2.618,4.97476,3.61743,5,3.5
2.619,4.98067,3.65743,5,3.5
2.62,4.98579,3.69743,5,3.5
2.621,4.99013,3.73743,5,3.5
2.622,4.99368,3.77743,5,4
2.623,4.99645,3.81743,5,4
2.624,4.99842,3.85743,5,4
2.625,4.99961,3.89743,5,4
2.626,5,3.93743,5,4
2.627,4.99961,3.97743,5,4
2.628,4.99842,4.01743,5,4
2.629,4.99645,4.05743,5,4
2.63,4.99368,4.09743,5,4
2.631,4.99013,4.13743,5,4
2.632,4.98579,4.17743,5,4
2.633,4.98067,4.21743,5,4
2.634,4.97476,4.25743,5,4
2.635,4.96806,4.29743,5,4.5
2.636,4.96057,4.33743,5,4.5
2.637,4.95231,4.37743,5,4.5
2.638,4.94326,4.41743,5,4.5
2.639,4.93343,4.45743,5,4.5
2.64,4.92282,4.49743,5,4.5
2.641,4.91144,4.53743,5,4.5
2.642,4.89928,4.57743,5,4.5
2.643,4.88634,4.61743,5,4.5
2.644,4.87263,4.65743,5,4.5
2.645,4.85816,4.69743,5,4.5
2.646,4.84292,4.73743,5,4.5
2.647,4.82691,4.77743,5,5
2.648,4.81014,4.81014,5,5
2.649,4.79261,4.79261,5,5
2.65,4.77432,4.77432,5,5
2.651,4.75528,4.75528,5,5
2.652,4.73549,4.73549,4.5,4.5
2.653,4.71495,4.71495,4.5,4.5
2.654,4.69367,4.69367,4.5,4.5
2.655,4.67164,4.67164,4.5,4.5
2.656,4.64888,4.64888,4.5,4.5
2.657,4.62539,4.62539,4.5,4.5
2.658,4.60116,4.60116,4.5,4.5
2.659,4.57621,4.57621,4.5,4.5
2.66,4.55053,4.55053,4.5,4.5
2.661,4.52414,4.52414,4.5,4.5
2.662,4.49703,4.49703,4.5,4.5
2.663,4.46921,4.46921,4.5,4.5
2.664,4.44068,4.44068,4.5,4.5
2.665,4.41146,4.41146,4.5,4.5
2.666,4.38153,4.38153,4.5,4.5
2.667,4.35092,4.35153,4.5,4.5
2.668,4.31962,4.32092,4.5,4.5
2.669,4.28763,4.28962,4.5,4.5
2.67,4.25497,4.25763,4.5,4.5
2.671,4.22164,4.22497,4,4
2.672,4.18764,4.19164,4,4
2.673,4.15298,4.15764,4,4
2.674,4.11766,4.12298,4,4
2.675,4.0817,4.08766,4,4
2.676,4.04508,4.0517,4,4
2.677,4.00783,4.01508,4,4
2.678,3.96995,3.97783,4,4
2.679,3.93144,3.93995,4,4
2.68,3.89231,3.90144,4,4
2.681,3.85257,3.86231,4,4
2.682,3.81221,3.82257,4,4
2.683,3.77126,3.78257,4,4
2.684,3.72971,3.74257,3.5,4
2.685,3.68757,3.70257,3.5,3.5
2.686,3.64484,3.66257,3.5,3.5
2.687,3.60155,3.62257,3.5,3.5
2.688,3.55768,3.58257,3.5,3.5
2.689,3.51325,3.54257,3.5,3.5
2.69,3.46827,3.50257,3.5,3.5
2.691,3.42274,3.46257,3.5,3.5
2.692,3.37666,3.42257,3.5,3.5
2.693,3.33006,3.38257,3.5,3.5
2.694,3.28293,3.34257,3.5,3.5
2.695,3.23528,3.30257,3,3.5
2.696,3.18712,3.26257,3,3.5
2.697,3.13846,3.22257,3,3
2.698,3.0893,3.18257,3,3
2.699,3.03965,3.14257,3,3
2.7,2.98952,3.10257,3,3
2.701,2.93893,3.06257,3,3
2.702,2.88786,3.02257,3,3
2.703,2.83634,2.98257,3,3
2.704,2.78438,2.94257,3,3
2.705,2.73197,2.90257,2.5,3
2.706,2.67913,2.86257,2.5,3
2.707,2.62587,2.82257,2.5,3
2.708,2.5722,2.78257,2.5,3
2.709,2.51812,2.74257,2.5,3
2.71,2.46364,2.70257,2.5,2.5
2.711,2.40877,2.66257,2.5,2.5
2.712,2.35352,2.62257,2.5,2.5
2.713,2.2979,2.58257,2.5,2.5
2.714,2.24192,2.54257,2,2.5
2.715,2.18558,2.50257,2,2.5
2.716,2.1289,2.46257,2,2.5
2.717,2.07188,2.42257,2,2.5
2.718,2.01453,2.38257,2,2.5
2.719,1.95687,2.34257,2,2.5
2.72,1.8989,2.30257,2,2.5
2.721,1.84062,2.26257,2,2.5
2.722,1.78206,2.22257,2,2
2.723,1.72321,2.18257,1.5,2
2.724,1.6641,2.14257,1.5,2
2.725,1.60472,2.10257,1.5,2
2.726,1.54508,2.06257,1.5,2
2.727,1.48521,2.02257,1.5,2
2.728,1.4251,1.98257,1.5,2
2.729,1.36476,1.94257,1.5,2
2.73,1.30421,1.90257,1.5,2
2.731,1.24345,1.86257,1,2
2.732,1.18249,1.82257,1,2
2.733,1.12135,1.78257,1,2
2.734,1.06004,1.74257,1,2
2.735,0.99855,1.70257,1,1.5
2.736,0.936907,1.66257,1,1.5
2.737,0.875115,1.62257,1,1.5
2.738,0.813186,1.58257,1,1.5
2.739,0.751128,1.54257,1,1.5
2.74,0.688951,1.50257,0.5,1.5
2.741,0.626666,1.46257,0.5,1.5
2.742,0.564282,1.42257,0.5,1.5
2.743,0.501809,1.38257,0.5,1.5
2.744,0.439256,1.34257,0.5,1.5
2.745,0.376634,1.30257,0.5,1.5
2.746,0.313953,1.26257,0.5,1.5
2.747,0.251222,1.22257,0.5,1
2.748,0.188451,1.18257,0,1
2.749,0.12565,1.14257,0,1
2.75,0.0628302,1.10257,0,1
2.751,1.20682e-11,1.06257,0,1
2.752,-0.0628302,1.02257,-0,1
2.753,-0.12565,0.982566,-0,1
2.754,-0.188451,0.942566,-0,1
2.755,-0.251222,0.902566,-0.5,1
2.756,-0.313953,0.862566,-0.5,1
2.757,-0.376634,0.822566,-0.5,1
2.758,-0.439256,0.782566,-0.5,1
2.759,-0.501809,0.742566,-0.5,1
2.76,-0.564282,0.702566,-0.5,0.5
2.761,-0.626666,0.662566,-0.5,0.5
2.762,-0.688951,0.622566,-0.5,0.5
2.763,-0.751128,0.582566,-1,0.5
2.764,-0.813186,0.542566,-1,0.5
2.765,-0.875115,0.502566,-1,0.5
2.766,-0.936907,0.462566,-1,0.5
2.767,-0.99855,0.422566,-1,0.5
2.768,-1.06004,0.382566,-1,0.5
2.769,-1.12135,0.342566,-1,0.5
2.77,-1.18249,0.302566,-1,0.5
2.771,-1.24345,0.262566,-1,0.5
2.772,-1.30421,0.222566,-1.5,0
2.773,-1.36476,0.182566,-1.5,0
2.774,-1.4251,0.142566,-1.5,0
2.775,-1.48521,0.102566,-1.5,0
2.776,-1.54508,0.0625662,-1.5,0
2.777,-1.60472,0.0225662,-1.5,0
2.778,-1.6641,-0.0174338,-1.5,-0
2.779,-1.72321,-0.0574338,-1.5,-0
2.78,-1.78206,-0.0974338,-2,-0
2.781,-1.84062,-0.137434,-2,-0
2.782,-1.8989,-0.177434,-2,-0
2.783,-1.95687,-0.217434,-2,-0
2.784,-2.01453,-0.257434,-2,-0
2.785,-2.07188,-0.297434,-2,-0.5
2.786,-2.1289,-0.337434,-2,-0.5
2.787,-2.18558,-0.377434,-2,-0.5
2.788,-2.24192,-0.417434,-2,-0.5
2.789,-2.2979,-0.457434,-2.5,-0.5
2.79,-2.35352,-0.497434,-2.5,-0.5
2.791,-2.40877,-0.537434,-2.5,-0.5
2.792,-2.46364,-0.577434,-2.5,-0.5
2.793,-2.51812,-0.617434,-2.5,-0.5
2.794,-2.5722,-0.657434,-2.5,-0.5
2.795,-2.62587,-0.697434,-2.5,-0.5
2.796,-2.67913,-0.737434,-2.5,-0.5
2.797,-2.73197,-0.777434,-2.5,-1
2.798,-2.78438,-0.817434,-3,-1
2.799,-2.83634,-0.857434,-3,-1
2.8,-2.88786,-0.897434,-3,-1
2.801,-2.93893,-0.937434,-3,-1
2.802,-2.98952,-0.977434,-3,-1
2.803,-3.03965,-1.01743,-3,-1
2.804,-3.0893,-1.05743,-3,-1
2.805,-3.13846,-1.09743,-3,-1
2.806,-3.18712,-1.13743,-3,-1
2.807,-3.23528,-1.17743,-3,-1
2.808,-3.28293,-1.21743,-3.5,-1
2.809,-3.33006,-1.25743,-3.5,-1
2.81,-3.37666,-1.29743,-3.5,-1.5
2.811,-3.42274,-1.33743,-3.5,-1.5
2.812,-3.46827,-1.37743,-3.5,-1.5
2.813,-3.51325,-1.41743,-3.5,-1.5
2.814,-3.55768,-1.45743,-3.5,-1.5
2.815,-3.60155,-1.49743,-3.5,-1.5
2.816,-3.64484,-1.53743,-3.5,-1.5
2.817,-3.68757,-1.57743,-3.5,-1.5
2.818,-3.72971,-1.61743,-3.5,-1.5
2.819,-3.77126,-1.65743,-4,-1.5
2.82,-3.81221,-1.69743,-4,-1.5
2.821,-3.85257,-1.73743,-4,-1.5
2.822,-3.89231,-1.77743,-4,-2
2.823,-3.93144,-1.81743,-4,-2
2.824,-3.96995,-1.85743,-4,-2
2.825,-4.00783,-1.89743,-4,-2
2.826,-4.04508,-1.93743,-4,-2
2.827,-4.0817,-1.97743,-4,-2
2.828,-4.11766,-2.01743,-4,-2
2.829,-4.15298,-2.05743,-4,-2
2.83,-4.18764,-2.09743,-4,-2
2.831,-4.22164,-2.13743,-4,-2
2.832,-4.25497,-2.17743,-4.5,-2
2.833,-4.28763,-2.21743,-4.5,-2
2.834,-4.31962,-2.25743,-4.5,-2
2.835,-4.35092,-2.29743,-4.5,-2.5
2.836,-4.38153,-2.33743,-4.5,-2.5
2.837,-4.41146,-2.37743,-4.5,-2.5
2.838,-4.44068,-2.41743,-4.5,-2.5
2.839,-4.46921,-2.45743,-4.5,-2.5
2.84,-4.49703,-2.49743,-4.5,-2.5
2.841,-4.52414,-2.53743,-4.5,-2.5
2.842,-4.55053,-2.57743,-4.5,-2.5
2.843,-4.57621,-2.61743,-4.5,-2.5
2.844,-4.60116,-2.65743,-4.5,-2.5
2.845,-4.62539,-2.69743,-4.5,-2.5
2.846,-4.64888,-2.73743,-4.5,-2.5
2.847,-4.67164,-2.77743,-4.5,-3
2.848,-4.69367,-2.81743,-4.5,-3
2.849,-4.71495,-2.85743,-4.5,-3
2.85,-4.73549,-2.89743,-4.5,-3
2.851,-4.75528,-2.93743,-5,-3
2.852,-4.77432,-2.97743,-5,-3
2.853,-4.79261,-3.01743,-5,-3
2.854,-4.81014,-3.05743,-5,-3
2.855,-4.82691,-3.09743,-5,-3
2.856,-4.84292,-3.13743,-5,-3
2.857,-4.85816,-3.17743,-5,-3
2.858,-4.87263,-3.21743,-5,-3
2.859,-4.88634,-3.25743,-5,-3
2.86,-4.89928,-3.29743,-5,-3.5
2.861,-4.91144,-3.33743,-5,-3.5
2.862,-4.92282,-3.37743,-5,-3.5
2.863,-4.93343,-3.41743,-5,-3.5
2.864,-4.94326,-3.45743,-5,-3.5
2.865,-4.95231,-3.49743,-5,-3.5
2.866,-4.96057,-3.53743,-5,-3.5
2.867,-4.96806,-3.57743,-5,-3.5
2.868,-4.97476,-3.61743,-5,-3.5
2.869,-4.98067,-3.65743,-5,-3.5
2.87,-4.98579,-3.69743,-5,-3.5
2.871,-4.99013,-3.73743,-5,-3.5
2.872,-4.99368,-3.77743,-5,-4
2.873,-4.99645,-3.81743,-5,-4
2.874,-4.99842,-3.85743,-5,-4
2.875,-4.99961,-3.89743,-5,-4
2.876,-5,-3.93743,-5,-4
2.877,-4.99961,-3.97743,-5,-4
2.878,-4.99842,-4.01743,-5,-4
2.879,-4.99645,-4.05743,-5,-4
2.88,-4.99368,-4.09743,-5,-4
2.881,-4.99013,-4.13743,-5,-4
2.882,-4.98579,-4.17743,-5,-4
2.883,-4.98067,-4.21743,-5,-4
2.884,-4.97476,-4.25743,-5,-4
2.885,-4.96806,-4.29743,-5,-4.5
2.886,-4.96057,-4.33743,-5,-4.5
2.887,-4.95231,-4.37743,-5,-4.5
2.888,-4.94326,-4.41743,-5,-4.5
2.889,-4.93343,-4.45743,-5,-4.5
2.89,-4.92282,-4.49743,-5,-4.5
2.891,-4.91144,-4.53743,-5,-4.5
2.892,-4.89928,-4.57743,-5,-4.5
2.893,-4.88634,-4.61743,-5,-4.5
2.894,-4.87263,-4.65743,-5,-4.5
2.895,-4.85816,-4.69743,-5,-4.5
2.896,-4.84292,-4.73743,-5,-4.5
2.897,-4.82691,-4.77743,-5,-5
2.898,-4.81014,-4.81014,-5,-5
2.899,-4.79261,-4.79261,-5,-5
2.9,-4.77432,-4.77432,-5,-5
2.901,-4.75528,-4.75528,-5,-5
2.902,-4.73549,-4.73549,-4.5,-4.5
2.903,-4.71495,-4.71495,-4.5,-4.5
2.904,-4.69367,-4.69367,-4.5,-4.5
2.905,-4.67164,-4.67164,-4.5,-4.5
2.906,-4.64888,-4.64888,-4.5,-4.5
2.907,-4.62539,-4.62539,-4.5,-4.5
2.908,-4.60116,-4.60116,-4.5,-4.5
2.909,-4.57621,-4.57621,-4.5,-4.5
2.91,-4.55053,-4.55053,-4.5,-4.5
2.911,-4.52414,-4.52414,-4.5,-4.5
2.912,-4.49703,-4.49703,-4.5,-4.5
2.913,-4.46921,-4.46921,-4.5,-4.5
2.914,-4.44068,-4.44068,-4.5,-4.5
2.915,-4.41146,-4.41146,-4.5,-4.5
2.916,-4.38153,-4.38153,-4.5,-4.5
2.917,-4.35092,-4.35153,-4.5,-4.5
2.918,-4.31962,-4.32092,-4.5,-4.5
2.919,-4.28763,-4.28962,-4.5,-4.5
2.92,-4.25497,-4.25763,-4.5,-4.5
2.921,-4.22164,-4.22497,-4,-4
2.922,-4.18764,-4.19164,-4,-4
2.923,-4.15298,-4.15764,-4,-4
2.924,-4.11766,-4.12298,-4,-4
2.925,-4.0817,-4.08766,-4,-4
2.926,-4.04508,-4.0517,-4,-4
2.927,-4.00783,-4.01508,-4,-4
2.928,-3.96995,-3.97783,-4,-4
2.929,-3.93144,-3.93995,-4,-4
2.93,-3.89231,-3.90144,-4,-4
2.931,-3.85257,-3.86231,-4,-4
2.932,-3.81221,-3.82257,-4,-4
2.933,-3.77126,-3.78257,-4,-4
2.934,-3.72971,-3.74257,-3.5,-4
2.935,-3.68757,-3.70257,-3.5,-3.5
2.936,-3.64484,-3.66257,-3.5,-3.5
2.937,-3.60155,-3.62257,-3.5,-3.5
2.938,-3.55768,-3.58257,-3.5,-3.5
2.939,-3.51325,-3.54257,-3.5,-3.5
2.94,-3.46827,-3.50257,-3.5,-3.5
2.941,-3.42274,-3.46257,-3.5,-3.5
2.942,-3.37666,-3.42257,-3.5,-3.5
2.943,-3.33006,-3.38257,-3.5,-3.5
2.944,-3.28293,-3.34257,-3.5,-3.5
2.945,-3.23528,-3.30257,-3,-3.5
2.946,-3.18712,-3.26257,-3,-3.5
2.947,-3.13846,-3.22257,-3,-3
2.948,-3.0893,-3.18257,-3,-3
2.949,-3.03965,-3.14257,-3,-3
2.95,-2.98952,-3.10257,-3,-3
2.951,-2.93893,-3.06257,-3,-3
2.952,-2.88786,-3.02257,-3,-3
2.953,-2.83634,-2.98257,-3,-3
2.954,-2.78438,-2.94257,-3,-3
2.955,-2.73197,-2.90257,-2.5,-3
2.956,-2.67913,-2.86257,-2.5,-3
2.957,-2.62587,-2.82257,-2.5,-3
2.958,-2.5722,-2.78257,-2.5,-3
2.959,-2.51812,-2.74257,-2.5,-3
2.96,-2.46364,-2.70257,-2.5,-2.5
2.961,-2.40877,-2.66257,-2.5,-2.5
2.962,-2.35352,-2.62257,-2.5,-2.5
2.963,-2.2979,-2.58257,-2.5,-2.5
2.964,-2.24192,-2.54257,-2,-2.5
2.965,-2.18558,-2.50257,-2,-2.5
2.966,-2.1289,-2.46257,-2,-2.5
2.967,-2.07188,-2.42257,-2,-2.5
2.968,-2.01453,-2.38257,-2,-2.5
2.969,-1.95687,-2.34257,-2,-2.5
2.97,-1.8989,-2.30257,-2,-2.5
2.971,-1.84062,-2.26257,-2,-2.5
2.972,-1.78206,-2.22257,-2,-2
2.973,-1.72321,-2.18257,-1.5,-2
2.974,-1.6641,-2.14257,-1.5,-2
2.975,-1.60472,-2.10257,-1.5,-2
2.976,-1.54508,-2.06257,-1.5,-2
2.977,-1.48521,-2.02257,-1.5,-2
2.978,-1.4251,-1.98257,-1.5,-2
2.979,-1.36476,-1.94257,-1.5,-2
2.98,-1.30421,-1.90257,-1.5,-2
2.981,-1.24345,-1.86257,-1,-2
2.982,-1.18249,-1.82257,-1,-2
2.983,-1.12135,-1.78257,-1,-2
2.984,-1.06004,-1.74257,-1,-2
2.985,-0.99855,-1.70257,-1,-1.5
2.986,-0.936907,-1.66257,-1,-1.5
2.987,-0.875115,-1.62257,-1,-1.5
2.988,-0.813186,-1.58257,-1,-1.5
2.989,-0.751128,-1.54257,-1,-1.5
2.99,-0.688951,-1.50257,-0.5,-1.5
2.991,-0.626666,-1.46257,-0.5,-1.5
2.992,-0.564282,-1.42257,-0.5,-1.5
2.993,-0.501809,-1.38257,-0.5,-1.5
2.994,-0.439256,-1.34257,-0.5,-1.5
2.995,-0.376634,-1.30257,-0.5,-1.5
2.996,-0.313953,-1.26257,-0.5,-1.5
2.997,-0.251222,-1.22257,-0.5,-1
2.998,-0.188451,-1.18257,-0,-1
2.999,-0.12565,-1.14257,-0,-1
3,-0.0628302,-1.10257,-0,-1
