time,Large_Setpoint,Plant__AW_,Plant__Std_,Anti_Windup_PID,Standard_PID
0,0,0,0,0,0
0.01,0,0,0,0,0
0.02,0,0,0,0,0
0.03,0,0,0,0,0
0.04,0,0,0,0,0
0.05,0,0,0,0,0
0.06,0,0,0,0,0
0.07,0,0,0,0,0
0.08,0,0,0,0,0
0.09,0,0,0,0,0
0.1,0,0,0,0,0
0.11,0,0,0,0,0
0.12,0,0,0,0,0
0.13,0,0,0,0,0
0.14,0,0,0,0,0
0.15,0,0,0,0,0
0.16,0,0,0,0,0
0.17,0,0,0,0,0
0.18,0,0,0,0,0
0.19,0,0,0,0,0
0.2,0,0,0,0,0
0.21,0,0,0,0,0
0.22,0,0,0,0,0
0.23,0,0,0,0,0
0.24,0,0,0,0,0
0.25,0,0,0,0,0
0.26,0,0,0,0,0
0.27,0,0,0,0,0
0.28,0,0,0,0,0
0.29,0,0,0,0,0
0.3,0,0,0,0,0
0.31,0,0,0,0,0
0.32,0,0,0,0,0
0.33,0,0,0,0,0
0.34,0,0,0,0,0
0.35,0,0,0,0,0
0.36,0,0,0,0,0
0.37,0,0,0,0,0
0.38,0,0,0,0,0
0.39,0,0,0,0,0
0.4,0,0,0,0,0
0.41,0,0,0,0,0
0.42,0,0,0,0,0
0.43,0,0,0,0,0
0.44,0,0,0,0,0
0.45,0,0,0,0,0
0.46,0,0,0,0,0
0.47,0,0,0,0,0
0.48,0,0,0,0,0
0.49,0,0,0,0,0
0.5,0,0,0,0,0
0.51,0,0,0,0,0
0.52,0,0,0,0,0
0.53,0,0,0,0,0
0.54,0,0,0,0,0
0.55,0,0,0,0,0
0.56,0,0,0,0,0
0.57,0,0,0,0,0
0.58,0,0,0,0,0
0.59,0,0,0,0,0
0.6,0,0,0,0,0
0.61,0,0,0,0,0
0.62,0,0,0,0,0
0.63,0,0,0,0,0
0.64,0,0,0,0,0
0.65,0,0,0,0,0
0.66,0,0,0,0,0
0.67,0,0,0,0,0
0.68,0,0,0,0,0
0.69,0,0,0,0,0
0.7,0,0,0,0,0
0.71,0,0,0,0,0
0.72,0,0,0,0,0
0.73,0,0,0,0,0
0.74,0,0,0,0,0
0.75,0,0,0,0,0
0.76,0,0,0,0,0
0.77,0,0,0,0,0
0.78,0,0,0,0,0
0.79,0,0,0,0,0
0.8,0,0,0,0,0
0.81,0,0,0,0,0
0.82,0,0,0,0,0
0.83,0,0,0,0,0
0.84,0,0,0,0,0
0.85,0,0,0,0,0
0.86,0,0,0,0,0
0.87,0,0,0,0,0
0.88,0,0,0,0,0
0.89,0,0,0,0,0
0.9,0,0,0,0,0
0.91,0,0,0,0,0
0.92,0,0,0,0,0
0.93,0,0,0,0,0
0.94,0,0,0,0,0
0.95,0,0,0,0,0
0.96,0,0,0,0,0
0.97,0,0,0,0,0
0.98,0,0,0,0,0
0.99,0,0,0,0,0
1,0,0,0,0,0
1.01,1,0,0,55,5.02
1.02,1,0.638018,0.00995025,34.8585,13.0883
1.03,1,0.820698,0.0198014,10.9584,7.67662
1.04,1,0.985864,0.0295545,2.91359,5.65298
1.05,1,0.982319,0.0392106,0.322779,4.87907
1.06,1,0.99301,0.0487707,0.559243,4.57396
1.07,1,0.982736,0.0582355,0.736447,4.4448
1.08,1,0.983666,0.0676063,0.94814,4.38177
1.09,1,0.981641,0.0768837,0.973,4.34368
1.1,1,0.982277,0.0860689,0.992542,4.31509
1.11,1,0.981986,0.0951627,0.983839,4.2902
1.12,1,0.982182,0.104166,0.984281,4.26684
1.13,1,0.982116,0.11308,0.981868,4.2442
1.14,1,0.982156,0.121905,0.982307,4.22196
1.15,1,0.982138,0.130642,0.98198,4.20001
1.16,1,0.982146,0.139292,0.982171,4.1783
1.17,1,0.982142,0.147856,0.982112,4.15682
1.18,1,0.982144,0.156335,0.982155,4.13556
1.19,1,0.982143,0.16473,0.982138,4.11451
1.2,1,0.982143,0.173041,0.982146,4.09366
1.21,1,0.982143,0.181269,0.982142,4.07303
1.22,1,0.982143,0.189416,0.982144,4.0526
1.23,1,0.982143,0.197481,0.982143,4.03238
1.24,1,0.982143,0.205466,0.982143,4.01235
1.25,1,0.982143,0.213372,0.982143,3.99253
1.26,1,0.982143,0.221199,0.982143,3.9729
1.27,1,0.982143,0.228948,0.982143,3.95347
1.28,1,0.982143,0.236621,0.982143,3.93423
1.29,1,0.982143,0.244216,0.982143,3.91519
1.3,1,0.982143,0.251736,0.982143,3.89633
1.31,1,0.982143,0.259182,0.982143,3.87766
1.32,1,0.982143,0.266553,0.982143,3.85918
1.33,1,0.982143,0.273851,0.982143,3.84088
1.34,1,0.982143,0.281076,0.982143,3.82276
1.35,1,0.982143,0.28823,0.982143,3.80482
1.36,1,0.982143,0.295312,0.982143,3.78706
1.37,1,0.982143,0.302324,0.982143,3.76948
1.38,1,0.982143,0.309266,0.982143,3.75207
1.39,1,0.982143,0.316139,0.982143,3.73484
1.4,1,0.982143,0.322943,0.982143,3.71777
1.41,1,0.982143,0.32968,0.982143,3.70088
1.42,1,0.982143,0.33635,0.982143,3.68416
1.43,1,0.982143,0.342953,0.982143,3.6676
1.44,1,0.982143,0.349491,0.982143,3.6512
1.45,1,0.982143,0.355964,0.982143,3.63497
1.46,1,0.982143,0.362372,0.982143,3.6189
1.47,1,0.982143,0.368716,0.982143,3.60299
1.48,1,0.982143,0.374998,0.982143,3.58724
1.49,1,0.982143,0.381217,0.982143,3.57165
1.5,1,0.982143,0.387374,0.982143,3.55621
1.51,1,0.982143,0.393469,0.982143,3.54092
1.52,1,0.982143,0.399504,0.982143,3.52579
1.53,1,0.982143,0.40548,0.982143,3.51081
1.54,1,0.982143,0.411395,0.982143,3.49598
1.55,1,0.982143,0.417252,0.982143,3.48129
1.56,1,0.982143,0.42305,0.982143,3.46675
1.57,1,0.982143,0.428791,0.982143,3.45235
1.58,1,0.982143,0.434475,0.982143,3.4381
1.59,1,0.982143,0.440102,0.982143,3.42399
1.6,1,0.982143,0.445673,0.982143,3.41002
1.61,1,0.982143,0.451188,0.982143,3.39619
1.62,1,0.982143,0.456649,0.982143,3.3825
1.63,1,0.982143,0.462056,0.982143,3.36894
1.64,1,0.982143,0.467408,0.982143,3.35552
1.65,1,0.982143,0.472708,0.982143,3.34223
1.66,1,0.982143,0.477954,0.982143,3.32907
1.67,1,0.982143,0.483149,0.982143,3.31605
1.68,1,0.982143,0.488291,0.982143,3.30315
1.69,1,0.982143,0.493383,0.982143,3.29038
1.7,1,0.982143,0.498424,0.982143,3.27774
1.71,1,0.982143,0.503415,0.982143,3.26523
1.72,1,0.982143,0.508356,0.982143,3.25284
1.73,1,0.982143,0.513248,0.982143,3.24057
1.74,1,0.982143,0.518091,0.982143,3.22843
1.75,1,0.982143,0.522886,0.982143,3.2164
1.76,1,0.982143,0.527633,0.982143,3.2045
1.77,1,0.982143,0.532334,0.982143,3.19271
1.78,1,0.982143,0.536987,0.982143,3.18104
1.79,1,0.982143,0.541594,0.982143,3.16949
1.8,1,0.982143,0.546155,0.982143,3.15805
1.81,1,0.982143,0.550671,0.982143,3.14673
1.82,1,0.982143,0.555142,0.982143,3.13552
1.83,1,0.982143,0.559568,0.982143,3.12442
1.84,1,0.982143,0.563951,0.982143,3.11343
1.85,1,0.982143,0.56829,0.982143,3.10255
1.86,1,0.982143,0.572585,0.982143,3.09178
1.87,1,0.982143,0.576838,0.982143,3.08112
1.88,1,0.982143,0.581048,0.982143,3.07056
1.89,1,0.982143,0.585217,0.982143,3.0601
1.9,1,0.982143,0.589344,0.982143,3.04976
1.91,1,0.982143,0.59343,0.982143,3.03951
1.92,1,0.982143,0.597476,0.982143,3.02936
1.93,1,0.982143,0.601481,0.982143,3.01932
1.94,1,0.982143,0.605446,0.982143,3.00938
1.95,1,0.982143,0.609372,0.982143,2.99953
1.96,1,0.982143,0.613259,0.982143,2.98979
1.97,1,0.982143,0.617107,0.982143,2.98014
1.98,1,0.982143,0.620917,0.982143,2.97058
1.99,1,0.982143,0.624689,0.982143,2.96113
2,1,0.982143,0.628423,0.982143,2.95176
2.01,1,0.982143,0.632121,0.982143,2.94249
2.02,1,0.982143,0.635781,0.982143,2.93331
2.03,1,0.982143,0.639405,0.982143,2.92422
2.04,1,0.982143,0.642993,0.982143,2.91523
2.05,1,0.982143,0.646545,0.982143,2.90632
2.06,1,0.982143,0.650062,0.982143,2.8975
2.07,1,0.982143,0.653544,0.982143,2.88877
2.08,1,0.982143,0.656992,0.982143,2.88013
2.09,1,0.982143,0.660405,0.982143,2.87157
2.1,1,0.982143,0.663784,0.982143,2.86309
2.11,1,0.982143,0.667129,0.982143,2.85471
2.12,1,0.982143,0.670441,0.982143,2.8464
2.13,1,0.982143,0.67372,0.982143,2.83818
2.14,1,0.982143,0.676967,0.982143,2.83004
2.15,1,0.982143,0.680181,0.982143,2.82198
2.16,1,0.982143,0.683363,0.982143,2.814
2.17,1,0.982143,0.686514,0.982143,2.8061
2.18,1,0.982143,0.689633,0.982143,2.79827
2.19,1,0.982143,0.692721,0.982143,2.79053
2.2,1,0.982143,0.695779,0.982143,2.78286
2.21,1,0.982143,0.698806,0.982143,2.77527
2.22,1,0.982143,0.701803,0.982143,2.76776
2.23,1,0.982143,0.70477,0.982143,2.76032
2.24,1,0.982143,0.707707,0.982143,2.75295
2.25,1,0.982143,0.710616,0.982143,2.74566
2.26,1,0.982143,0.713495,0.982143,2.73844
2.27,1,0.982143,0.716346,0.982143,2.73129
2.28,1,0.982143,0.719168,0.982143,2.72421
2.29,1,0.982143,0.721963,0.982143,2.71721
2.3,1,0.982143,0.724729,0.982143,2.71027
2.31,1,0.982143,0.727468,0.982143,2.7034
2.32,1,0.982143,0.73018,0.982143,2.6966
2.33,1,0.982143,0.732865,0.982143,2.68987
2.34,1,0.982143,0.735523,0.982143,2.6832
2.35,1,0.982143,0.738154,0.982143,2.6766
2.36,1,0.982143,0.74076,0.982143,2.67007
2.37,1,0.982143,0.743339,0.982143,2.6636
2.38,1,0.982143,0.745893,0.982143,2.6572
2.39,1,0.982143,0.748421,0.982143,2.65086
2.4,1,0.982143,0.750925,0.982143,2.64458
2.41,1,0.982143,0.753403,0.982143,2.63837
2.42,1,0.982143,0.755857,0.982143,2.63221
2.43,1,0.982143,0.758286,0.982143,2.62612
2.44,1,0.982143,0.760691,0.982143,2.62009
2.45,1,0.982143,0.763072,0.982143,2.61412
2.46,1,0.982143,0.76543,0.982143,2.60821
2.47,1,0.982143,0.767764,0.982143,2.60236
2.48,1,0.982143,0.770075,0.982143,2.59656
2.49,1,0.982143,0.772362,0.982143,2.59083
2.5,1,0.982143,0.774627,0.982143,2.58515
2.51,1,0.982143,0.77687,0.982143,2.57952
2.52,1,0.982143,0.77909,0.982143,2.57395
2.53,1,0.982143,0.781288,0.982143,2.56844
2.54,1,0.982143,0.783464,0.982143,2.56299
2.55,1,0.982143,0.785619,0.982143,2.55758
2.56,1,0.982143,0.787752,0.982143,2.55223
2.57,1,0.982143,0.789864,0.982143,2.54694
2.58,1,0.982143,0.791955,0.982143,2.5417
2.59,1,0.982143,0.794025,0.982143,2.5365
2.6,1,0.982143,0.796074,0.982143,2.53137
2.61,1,0.982143,0.798103,0.982143,2.52628
2.62,1,0.982143,0.800112,0.982143,2.52124
2.63,1,0.982143,0.802101,0.982143,2.51625
2.64,1,0.982143,0.80407,0.982143,2.51131
2.65,1,0.982143,0.80602,0.982143,2.50643
2.66,1,0.982143,0.80795,0.982143,2.50159
2.67,1,0.982143,0.809861,0.982143,2.49679
2.68,1,0.982143,0.811753,0.982143,2.49205
2.69,1,0.982143,0.813626,0.982143,2.48735
2.7,1,0.982143,0.81548,0.982143,2.4827
2.71,1,0.982143,0.817316,0.982143,2.4781
2.72,1,0.982143,0.819134,0.982143,2.47354
2.73,1,0.982143,0.820934,0.982143,2.46903
2.74,1,0.982143,0.822716,0.982143,2.46456
2.75,1,0.982143,0.82448,0.982143,2.46014
2.76,1,0.982143,0.826226,0.982143,2.45576
2.77,1,0.982143,0.827955,0.982143,2.45142
2.78,1,0.982143,0.829667,0.982143,2.44713
2.79,1,0.982143,0.831362,0.982143,2.44288
2.8,1,0.982143,0.83304,0.982143,2.43867
2.81,1,0.982143,0.834701,0.982143,2.43451
2.82,1,0.982143,0.836346,0.982143,2.43038
2.83,1,0.982143,0.837974,0.982143,2.4263
2.84,1,0.982143,0.839586,0.982143,2.42226
2.85,1,0.982143,0.841183,0.982143,2.41825
2.86,1,0.982143,0.842763,0.982143,2.41429
2.87,1,0.982143,0.844327,0.982143,2.41037
2.88,1,0.982143,0.845876,0.982143,2.40648
2.89,1,0.982143,0.84741,0.982143,2.40264
2.9,1,0.982143,0.848928,0.982143,2.39883
2.91,1,0.982143,0.850431,0.982143,2.39506
2.92,1,0.982143,0.85192,0.982143,2.39133
2.93,1,0.982143,0.853393,0.982143,2.38764
2.94,1,0.982143,0.854852,0.982143,2.38398
2.95,1,0.982143,0.856296,0.982143,2.38036
2.96,1,0.982143,0.857726,0.982143,2.37677
2.97,1,0.982143,0.859142,0.982143,2.37322
2.98,1,0.982143,0.860543,0.982143,2.36971
2.99,1,0.982143,0.861931,0.982143,2.36623
3,1,0.982143,0.863305,0.982143,2.36278
3.01,1,0.982143,0.864665,0.982143,2.35937
3.02,1,0.982143,0.866011,0.982143,2.35599
3.03,1,0.982143,0.867345,0.982143,2.35265
3.04,1,0.982143,0.868664,0.982143,2.34934
3.05,1,0.982143,0.869971,0.982143,2.34606
3.06,1,0.982143,0.871265,0.982143,2.34282
3.07,1,0.982143,0.872546,0.982143,2.33961
3.08,1,0.982143,0.873814,0.982143,2.33643
3.09,1,0.982143,0.87507,0.982143,2.33328
3.1,1,0.982143,0.876313,0.982143,2.33016
3.11,1,0.982143,0.877544,0.982143,2.32708
3.12,1,0.982143,0.878762,0.982143,2.32402
3.13,1,0.982143,0.879968,0.982143,2.321
3.14,1,0.982143,0.881163,0.982143,2.318
3.15,1,0.982143,0.882345,0.982143,2.31504
3.16,1,0.982143,0.883516,0.982143,2.3121
3.17,1,0.982143,0.884675,0.982143,2.30919
3.18,1,0.982143,0.885822,0.982143,2.30632
3.19,1,0.982143,0.886958,0.982143,2.30347
3.2,1,0.982143,0.888083,0.982143,2.30065
3.21,1,0.982143,0.889197,0.982143,2.29785
3.22,1,0.982143,0.890299,0.982143,2.29509
3.23,1,0.982143,0.891391,0.982143,2.29235
3.24,1,0.982143,0.892472,0.982143,2.28964
3.25,1,0.982143,0.893542,0.982143,2.28696
3.26,1,0.982143,0.894601,0.982143,2.2843
3.27,1,0.982143,0.89565,0.982143,2.28167
3.28,1,0.982143,0.896688,0.982143,2.27907
3.29,1,0.982143,0.897716,0.982143,2.27649
3.3,1,0.982143,0.898734,0.982143,2.27394
3.31,1,0.982143,0.899741,0.982143,2.27141
3.32,1,0.982143,0.900739,0.982143,2.26891
3.33,1,0.982143,0.901726,0.982143,2.26644
3.34,1,0.982143,0.902704,0.982143,2.26398
3.35,1,0.982143,0.903672,0.982143,2.26156
3.36,1,0.982143,0.904631,0.982143,2.25915
3.37,1,0.982143,0.90558,0.982143,2.25677
3.38,1,0.982143,0.906519,0.982143,2.25442
3.39,1,0.982143,0.907449,0.982143,2.25209
3.4,1,0.982143,0.90837,0.982143,2.24978
3.41,1,0.982143,0.909282,0.982143,2.24749
3.42,1,0.982143,0.910185,0.982143,2.24523
3.43,1,0.982143,0.911078,0.982143,2.24299
3.44,1,0.982143,0.911963,0.982143,2.24077
3.45,1,0.982143,0.912839,0.982143,2.23857
3.46,1,0.982143,0.913706,0.982143,2.2364
3.47,1,0.982143,0.914565,0.982143,2.23424
3.48,1,0.982143,0.915415,0.982143,2.23211
3.49,1,0.982143,0.916257,0.982143,2.23
3.5,1,0.982143,0.91709,0.982143,2.22791
3.51,1,0.982143,0.917915,0.982143,2.22584
3.52,1,0.982143,0.918732,0.982143,2.22379
3.53,1,0.982143,0.91954,0.982143,2.22177
3.54,1,0.982143,0.920341,0.982143,2.21976
3.55,1,0.982143,0.921134,0.982143,2.21777
3.56,1,0.982143,0.921918,0.982143,2.2158
3.57,1,0.982143,0.922695,0.982143,2.21386
3.58,1,0.982143,0.923464,0.982143,2.21193
3.59,1,0.982143,0.924226,0.982143,2.21002
3.6,1,0.982143,0.92498,0.982143,2.20813
3.61,1,0.982143,0.925726,0.982143,2.20625
3.62,1,0.982143,0.926465,0.982143,2.2044
3.63,1,0.982143,0.927197,0.982143,2.20257
3.64,1,0.982143,0.927922,0.982143,2.20075
3.65,1,0.982143,0.928639,0.982143,2.19895
3.66,1,0.982143,0.929349,0.982143,2.19717
3.67,1,0.982143,0.930052,0.982143,2.19541
3.68,1,0.982143,0.930748,0.982143,2.19366
3.69,1,0.982143,0.931437,0.982143,2.19194
3.7,1,0.982143,0.932119,0.982143,2.19022
3.71,1,0.982143,0.932794,0.982143,2.18853
3.72,1,0.982143,0.933463,0.982143,2.18685
3.73,1,0.982143,0.934125,0.982143,2.18519
3.74,1,0.982143,0.934781,0.982143,2.18355
3.75,1,0.982143,0.93543,0.982143,2.18192
3.76,1,0.982143,0.936072,0.982143,2.18031
3.77,1,0.982143,0.936708,0.982143,2.17872
3.78,1,0.982143,0.937338,0.982143,2.17714
3.79,1,0.982143,0.937961,0.982143,2.17557
3.8,1,0.982143,0.938579,0.982143,2.17403
3.81,1,0.982143,0.93919,0.982143,2.17249
3.82,1,0.982143,0.939795,0.982143,2.17098
3.83,1,0.982143,0.940394,0.982143,2.16947
3.84,1,0.982143,0.940987,0.982143,2.16799
3.85,1,0.982143,0.941574,0.982143,2.16651
3.86,1,0.982143,0.942156,0.982143,2.16506
3.87,1,0.982143,0.942731,0.982143,2.16361
3.88,1,0.982143,0.943301,0.982143,2.16218
3.89,1,0.982143,0.943865,0.982143,2.16077
3.9,1,0.982143,0.944424,0.982143,2.15937
3.91,1,0.982143,0.944977,0.982143,2.15798
3.92,1,0.982143,0.945524,0.982143,2.15661
3.93,1,0.982143,0.946066,0.982143,2.15525
3.94,1,0.982143,0.946603,0.982143,2.1539
3.95,1,0.982143,0.947134,0.982143,2.15257
3.96,1,0.982143,0.94766,0.982143,2.15125
3.97,1,0.982143,0.948181,0.982143,2.14995
3.98,1,0.982143,0.948697,0.982143,2.14865
3.99,1,0.982143,0.949207,0.982143,2.14737
4,1,0.982143,0.949713,0.982143,2.14611
4.01,1,0.982143,0.950213,0.982143,2.14485
4.02,1,0.982143,0.950708,0.982143,2.14361
4.03,1,0.982143,0.951199,0.982143,2.14238
4.04,1,0.982143,0.951684,0.982143,2.14116
4.05,1,0.982143,0.952165,0.982143,2.13996
4.06,1,0.982143,0.952641,0.982143,2.13876
4.07,1,0.982143,0.953112,0.982143,2.13758
4.08,1,0.982143,0.953579,0.982143,2.13641
4.09,1,0.982143,0.954041,0.982143,2.13525
4.1,1,0.982143,0.954498,0.982143,2.13411
4.11,1,0.982143,0.954951,0.982143,2.13297
4.12,1,0.982143,0.955399,0.982143,2.13185
4.13,1,0.982143,0.955843,0.982143,2.13074
4.14,1,0.982143,0.956282,0.982143,2.12963
4.15,1,0.982143,0.956717,0.982143,2.12854
4.16,1,0.982143,0.957148,0.982143,2.12746
4.17,1,0.982143,0.957574,0.982143,2.12639
4.18,1,0.982143,0.957996,0.982143,2.12534
4.19,1,0.982143,0.958414,0.982143,2.12429
4.2,1,0.982143,0.958828,0.982143,2.12325
4.21,1,0.982143,0.959238,0.982143,2.12222
4.22,1,0.982143,0.959643,0.982143,2.12121
4.23,1,0.982143,0.960045,0.982143,2.1202
4.24,1,0.982143,0.960443,0.982143,2.1192
4.25,1,0.982143,0.960836,0.982143,2.11821
4.26,1,0.982143,0.961226,0.982143,2.11724
4.27,1,0.982143,0.961612,0.982143,2.11627
4.28,1,0.982143,0.961994,0.982143,2.11531
4.29,1,0.982143,0.962372,0.982143,2.11436
4.3,1,0.982143,0.962746,0.982143,2.11342
4.31,1,0.982143,0.963117,0.982143,2.1125
4.32,1,0.982143,0.963484,0.982143,2.11158
4.33,1,0.982143,0.963847,0.982143,2.11066
4.34,1,0.982143,0.964207,0.982143,2.10976
4.35,1,0.982143,0.964563,0.982143,2.10887
4.36,1,0.982143,0.964916,0.982143,2.10798
4.37,1,0.982143,0.965265,0.982143,2.10711
4.38,1,0.982143,0.96561,0.982143,2.10624
4.39,1,0.982143,0.965953,0.982143,2.10538
4.4,1,0.982143,0.966291,0.982143,2.10454
4.41,1,0.982143,0.966627,0.982143,2.10369
4.42,1,0.982143,0.966959,0.982143,2.10286
4.43,1,0.982143,0.967288,0.982143,2.10204
4.44,1,0.982143,0.967613,0.982143,2.10122
4.45,1,0.982143,0.967935,0.982143,2.10041
4.46,1,0.982143,0.968254,0.982143,2.09961
4.47,1,0.982143,0.96857,0.982143,2.09882
4.48,1,0.982143,0.968883,0.982143,2.09804
4.49,1,0.982143,0.969193,0.982143,2.09726
4.5,1,0.982143,0.969499,0.982143,2.09649
4.51,1,0.982143,0.969803,0.982143,2.09573
4.52,1,0.982143,0.970103,0.982143,2.09498
4.53,1,0.982143,0.970401,0.982143,2.09423
4.54,1,0.982143,0.970695,0.982143,2.09349
4.55,1,0.982143,0.970987,0.982143,2.09276
4.56,1,0.982143,0.971275,0.982143,2.09204
4.57,1,0.982143,0.971561,0.982143,2.09132
4.58,1,0.982143,0.971844,0.982143,2.09061
4.59,1,0.982143,0.972124,0.982143,2.08991
4.6,1,0.982143,0.972402,0.982143,2.08921
4.61,1,0.982143,0.972676,0.982143,2.08852
4.62,1,0.982143,0.972948,0.982143,2.08784
4.63,1,0.982143,0.973217,0.982143,2.08717
4.64,1,0.982143,0.973484,0.982143,2.0865
4.65,1,0.982143,0.973748,0.982143,2.08584
4.66,1,0.982143,0.974009,0.982143,2.08518
4.67,1,0.982143,0.974267,0.982143,2.08453
4.68,1,0.982143,0.974524,0.982143,2.08389
4.69,1,0.982143,0.974777,0.982143,2.08326
4.7,1,0.982143,0.975028,0.982143,2.08263
4.71,1,0.982143,0.975276,0.982143,2.082
4.72,1,0.982143,0.975522,0.982143,2.08139
4.73,1,0.982143,0.975766,0.982143,2.08078
4.74,1,0.982143,0.976007,0.982143,2.08017
4.75,1,0.982143,0.976246,0.982143,2.07957
4.76,1,0.982143,0.976482,0.982143,2.07898
4.77,1,0.982143,0.976716,0.982143,2.07839
4.78,1,0.982143,0.976948,0.982143,2.07781
4.79,1,0.982143,0.977177,0.982143,2.07724
4.8,1,0.982143,0.977404,0.982143,2.07667
4.81,1,0.982143,0.977629,0.982143,2.0761
4.82,1,0.982143,0.977852,0.982143,2.07555
4.83,1,0.982143,0.978072,0.982143,2.07499
4.84,1,0.982143,0.97829,0.982143,2.07445
4.85,1,0.982143,0.978506,0.982143,2.0739
4.86,1,0.982143,0.97872,0.982143,2.07337
4.87,1,0.982143,0.978932,0.982143,2.07284
4.88,1,0.982143,0.979142,0.982143,2.07231
4.89,1,0.982143,0.979349,0.982143,2.07179
4.9,1,0.982143,0.979555,0.982143,2.07128
4.91,1,0.982143,0.979758,0.982143,2.07077
4.92,1,0.982143,0.97996,0.982143,2.07026
4.93,1,0.982143,0.980159,0.982143,2.06976
4.94,1,0.982143,0.980356,0.982143,2.06927
4.95,1,0.982143,0.980552,0.982143,2.06878
4.96,1,0.982143,0.980745,0.982143,2.06829
4.97,1,0.982143,0.980937,0.982143,2.06781
4.98,1,0.982143,0.981127,0.982143,2.06733
4.99,1,0.982143,0.981314,0.982143,2.06686
5,1,0.982143,0.9815,0.982143,2.0664
5.01,1,0.982143,0.981684,0.982143,2.06594
5.02,1,0.982143,0.981867,0.982143,2.06548
5.03,1,0.982143,0.982047,0.982143,2.06503
5.04,1,0.982143,0.982226,0.982143,2.06458
5.05,1,0.982143,0.982403,0.982143,2.06414
5.06,1,0.982143,0.982578,0.982143,2.0637
5.07,1,0.982143,0.982751,0.982143,2.06326
5.08,1,0.982143,0.982923,0.982143,2.06283
5.09,1,0.982143,0.983093,0.982143,2.0624
5.1,1,0.982143,0.983261,0.982143,2.06198
5.11,1,0.982143,0.983427,0.982143,2.06157
5.12,1,0.982143,0.983592,0.982143,2.06115
5.13,1,0.982143,0.983755,0.982143,2.06074
5.14,1,0.982143,0.983917,0.982143,2.06034
5.15,1,0.982143,0.984077,0.982143,2.05994
5.16,1,0.982143,0.984236,0.982143,2.05954
5.17,1,0.982143,0.984392,0.982143,2.05915
5.18,1,0.982143,0.984548,0.982143,2.05876
5.19,1,0.982143,0.984701,0.982143,2.05837
5.2,1,0.982143,0.984854,0.982143,2.05799
5.21,1,0.982143,0.985004,0.982143,2.05761
5.22,1,0.982143,0.985154,0.982143,2.05724
5.23,1,0.982143,0.985301,0.982143,2.05687
5.24,1,0.982143,0.985448,0.982143,2.0565
5.25,1,0.982143,0.985592,0.982143,2.05614
5.26,1,0.982143,0.985736,0.982143,2.05578
5.27,1,0.982143,0.985878,0.982143,2.05542
5.28,1,0.982143,0.986018,0.982143,2.05507
5.29,1,0.982143,0.986157,0.982143,2.05472
5.3,1,0.982143,0.986295,0.982143,2.05437
5.31,1,0.982143,0.986431,0.982143,2.05403
5.32,1,0.982143,0.986566,0.982143,2.05369
5.33,1,0.982143,0.9867,0.982143,2.05336
5.34,1,0.982143,0.986832,0.982143,2.05303
5.35,1,0.982143,0.986963,0.982143,2.0527
5.36,1,0.982143,0.987093,0.982143,2.05237
5.37,1,0.982143,0.987222,0.982143,2.05205
5.38,1,0.982143,0.987349,0.982143,2.05173
5.39,1,0.982143,0.987475,0.982143,2.05142
5.4,1,0.982143,0.987599,0.982143,2.0511
5.41,1,0.982143,0.987723,0.982143,2.05079
5.42,1,0.982143,0.987845,0.982143,2.05049
5.43,1,0.982143,0.987966,0.982143,2.05018
5.44,1,0.982143,0.988086,0.982143,2.04988
5.45,1,0.982143,0.988204,0.982143,2.04959
5.46,1,0.982143,0.988321,0.982143,2.04929
5.47,1,0.982143,0.988438,0.982143,2.049
5.48,1,0.982143,0.988553,0.982143,2.04871
5.49,1,0.982143,0.988667,0.982143,2.04843
5.5,1,0.982143,0.988779,0.982143,2.04814
5.51,1,0.982143,0.988891,0.982143,2.04786
5.52,1,0.982143,0.989002,0.982143,2.04759
5.53,1,0.982143,0.989111,0.982143,2.04731
5.54,1,0.982143,0.989219,0.982143,2.04704
5.55,1,0.982143,0.989327,0.982143,2.04677
5.56,1,0.982143,0.989433,0.982143,2.04651
5.57,1,0.982143,0.989538,0.982143,2.04624
5.58,1,0.982143,0.989642,0.982143,2.04598
5.59,1,0.982143,0.989745,0.982143,2.04572
5.6,1,0.982143,0.989847,0.982143,2.04547
5.61,1,0.982143,0.989948,0.982143,2.04521
5.62,1,0.982143,0.990048,0.982143,2.04496
5.63,1,0.982143,0.990147,0.982143,2.04471
5.64,1,0.982143,0.990245,0.982143,2.04447
5.65,1,0.982143,0.990342,0.982143,2.04423
5.66,1,0.982143,0.990438,0.982143,2.04398
5.67,1,0.982143,0.990534,0.982143,2.04375
5.68,1,0.982143,0.990628,0.982143,2.04351
5.69,1,0.982143,0.990721,0.982143,2.04328
5.7,1,0.982143,0.990813,0.982143,2.04304
5.71,1,0.982143,0.990905,0.982143,2.04282
5.72,1,0.982143,0.990995,0.982143,2.04259
5.73,1,0.982143,0.991085,0.982143,2.04236
5.74,1,0.982143,0.991174,0.982143,2.04214
5.75,1,0.982143,0.991261,0.982143,2.04192
5.76,1,0.982143,0.991348,0.982143,2.0417
5.77,1,0.982143,0.991434,0.982143,2.04149
5.78,1,0.982143,0.99152,0.982143,2.04127
5.79,1,0.982143,0.991604,0.982143,2.04106
5.8,1,0.982143,0.991688,0.982143,2.04085
5.81,1,0.982143,0.99177,0.982143,2.04064
5.82,1,0.982143,0.991852,0.982143,2.04044
5.83,1,0.982143,0.991933,0.982143,2.04024
5.84,1,0.982143,0.992013,0.982143,2.04004
5.85,1,0.982143,0.992093,0.982143,2.03984
5.86,1,0.982143,0.992172,0.982143,2.03964
5.87,1,0.982143,0.99225,0.982143,2.03944
5.88,1,0.982143,0.992327,0.982143,2.03925
5.89,1,0.982143,0.992403,0.982143,2.03906
5.9,1,0.982143,0.992479,0.982143,2.03887
5.91,1,0.982143,0.992553,0.982143,2.03868
5.92,1,0.982143,0.992628,0.982143,2.0385
5.93,1,0.982143,0.992701,0.982143,2.03831
5.94,1,0.982143,0.992773,0.982143,2.03813
5.95,1,0.982143,0.992845,0.982143,2.03795
5.96,1,0.982143,0.992917,0.982143,2.03777
5.97,1,0.982143,0.992987,0.982143,2.03759
5.98,1,0.982143,0.993057,0.982143,2.03742
5.99,1,0.982143,0.993126,0.982143,2.03725
6,1,0.982143,0.993194,0.982143,2.03707
6.01,1,0.982143,0.993262,0.982143,2.0369
6.02,1,0.982143,0.993329,0.982143,2.03674
6.03,1,0.982143,0.993395,0.982143,2.03657
6.04,1,0.982143,0.993461,0.982143,2.0364
6.05,1,0.982143,0.993526,0.982143,2.03624
6.06,1,0.982143,0.993591,0.982143,2.03608
6.07,1,0.982143,0.993654,0.982143,2.03592
6.08,1,0.982143,0.993718,0.982143,2.03576
6.09,1,0.982143,0.99378,0.982143,2.03561
6.1,1,0.982143,0.993842,0.982143,2.03545
6.11,1,0.982143,0.993903,0.982143,2.0353
6.12,1,0.982143,0.993964,0.982143,2.03514
6.13,1,0.982143,0.994024,0.982143,2.03499
6.14,1,0.982143,0.994083,0.982143,2.03484
6.15,1,0.982143,0.994142,0.982143,2.0347
6.16,1,0.982143,0.994201,0.982143,2.03455
6.17,1,0.982143,0.994258,0.982143,2.03441
6.18,1,0.982143,0.994315,0.982143,2.03426
6.19,1,0.982143,0.994372,0.982143,2.03412
6.2,1,0.982143,0.994428,0.982143,2.03398
6.21,1,0.982143,0.994483,0.982143,2.03384
6.22,1,0.982143,0.994538,0.982143,2.0337
6.23,1,0.982143,0.994593,0.982143,2.03357
6.24,1,0.982143,0.994646,0.982143,2.03343
6.25,1,0.982143,0.9947,0.982143,2.0333
6.26,1,0.982143,0.994752,0.982143,2.03317
6.27,1,0.982143,0.994805,0.982143,2.03304
6.28,1,0.982143,0.994856,0.982143,2.03291
6.29,1,0.982143,0.994908,0.982143,2.03278
6.3,1,0.982143,0.994958,0.982143,2.03265
6.31,1,0.982143,0.995008,0.982143,2.03253
6.32,1,0.982143,0.995058,0.982143,2.0324
6.33,1,0.982143,0.995107,0.982143,2.03228
6.34,1,0.982143,0.995156,0.982143,2.03216
6.35,1,0.982143,0.995204,0.982143,2.03203
6.36,1,0.982143,0.995252,0.982143,2.03191
6.37,1,0.982143,0.995299,0.982143,2.0318
6.38,1,0.982143,0.995346,0.982143,2.03168
6.39,1,0.982143,0.995392,0.982143,2.03156
6.4,1,0.982143,0.995438,0.982143,2.03145
6.41,1,0.982143,0.995483,0.982143,2.03133
6.42,1,0.982143,0.995528,0.982143,2.03122
6.43,1,0.982143,0.995573,0.982143,2.03111
6.44,1,0.982143,0.995617,0.982143,2.031
6.45,1,0.982143,0.995661,0.982143,2.03089
6.46,1,0.982143,0.995704,0.982143,2.03078
6.47,1,0.982143,0.995746,0.982143,2.03067
6.48,1,0.982143,0.995789,0.982143,2.03057
6.49,1,0.982143,0.995831,0.982143,2.03046
6.5,1,0.982143,0.995872,0.982143,2.03036
6.51,1,0.982143,0.995913,0.982143,2.03026
6.52,1,0.982143,0.995954,0.982143,2.03015
6.53,1,0.982143,0.995994,0.982143,2.03005
6.54,1,0.982143,0.996034,0.982143,2.02995
6.55,1,0.982143,0.996073,0.982143,2.02985
6.56,1,0.982143,0.996113,0.982143,2.02976
6.57,1,0.982143,0.996151,0.982143,2.02966
6.58,1,0.982143,0.99619,0.982143,2.02956
6.59,1,0.982143,0.996227,0.982143,2.02947
6.6,1,0.982143,0.996265,0.982143,2.02937
6.61,1,0.982143,0.996302,0.982143,2.02928
6.62,1,0.982143,0.996339,0.982143,2.02919
6.63,1,0.982143,0.996375,0.982143,2.0291
6.64,1,0.982143,0.996411,0.982143,2.02901
6.65,1,0.982143,0.996447,0.982143,2.02892
6.66,1,0.982143,0.996482,0.982143,2.02883
6.67,1,0.982143,0.996517,0.982143,2.02874
6.68,1,0.982143,0.996552,0.982143,2.02865
6.69,1,0.982143,0.996586,0.982143,2.02857
6.7,1,0.982143,0.99662,0.982143,2.02848
6.71,1,0.982143,0.996654,0.982143,2.0284
6.72,1,0.982143,0.996687,0.982143,2.02832
6.73,1,0.982143,0.99672,0.982143,2.02823
6.74,1,0.982143,0.996753,0.982143,2.02815
6.75,1,0.982143,0.996785,0.982143,2.02807
6.76,1,0.982143,0.996817,0.982143,2.02799
6.77,1,0.982143,0.996849,0.982143,2.02791
6.78,1,0.982143,0.99688,0.982143,2.02783
6.79,1,0.982143,0.996911,0.982143,2.02775
6.8,1,0.982143,0.996942,0.982143,2.02768
6.81,1,0.982143,0.996972,0.982143,2.0276
6.82,1,0.982143,0.997003,0.982143,2.02752
6.83,1,0.982143,0.997032,0.982143,2.02745
6.84,1,0.982143,0.997062,0.982143,2.02738
6.85,1,0.982143,0.997091,0.982143,2.0273
6.86,1,0.982143,0.99712,0.982143,2.02723
6.87,1,0.982143,0.997149,0.982143,2.02716
6.88,1,0.982143,0.997177,0.982143,2.02709
6.89,1,0.982143,0.997205,0.982143,2.02702
6.9,1,0.982143,0.997233,0.982143,2.02695
6.91,1,0.982143,0.997261,0.982143,2.02688
6.92,1,0.982143,0.997288,0.982143,2.02681
6.93,1,0.982143,0.997315,0.982143,2.02674
6.94,1,0.982143,0.997342,0.982143,2.02667
6.95,1,0.982143,0.997368,0.982143,2.02661
6.96,1,0.982143,0.997394,0.982143,2.02654
6.97,1,0.982143,0.99742,0.982143,2.02648
6.98,1,0.982143,0.997446,0.982143,2.02641
6.99,1,0.982143,0.997471,0.982143,2.02635
7,1,0.982143,0.997496,0.982143,2.02629
7.01,1,0.982143,0.997521,0.982143,2.02622
7.02,1,0.982143,0.997546,0.982143,2.02616
7.03,1,0.982143,0.99757,0.982143,2.0261
7.04,1,0.982143,0.997595,0.982143,2.02604
7.05,1,0.982143,0.997618,0.982143,2.02598
7.06,1,0.982143,0.997642,0.982143,2.02592
7.07,1,0.982143,0.997666,0.982143,2.02586
7.08,1,0.982143,0.997689,0.982143,2.0258
7.09,1,0.982143,0.997712,0.982143,2.02575
7.1,1,0.982143,0.997735,0.982143,2.02569
7.11,1,0.982143,0.997757,0.982143,2.02563
7.12,1,0.982143,0.997779,0.982143,2.02558
7.13,1,0.982143,0.997802,0.982143,2.02552
7.14,1,0.982143,0.997823,0.982143,2.02547
7.15,1,0.982143,0.997845,0.982143,2.02541
7.16,1,0.982143,0.997867,0.982143,2.02536
7.17,1,0.982143,0.997888,0.982143,2.0253
7.18,1,0.982143,0.997909,0.982143,2.02525
7.19,1,0.982143,0.99793,0.982143,2.0252
7.2,1,0.982143,0.99795,0.982143,2.02515
7.21,1,0.982143,0.997971,0.982143,2.0251
7.22,1,0.982143,0.997991,0.982143,2.02505
7.23,1,0.982143,0.998011,0.982143,2.025
7.24,1,0.982143,0.998031,0.982143,2.02495
7.25,1,0.982143,0.99805,0.982143,2.0249
7.26,1,0.982143,0.99807,0.982143,2.02485
7.27,1,0.982143,0.998089,0.982143,2.0248
7.28,1,0.982143,0.998108,0.982143,2.02475
7.29,1,0.982143,0.998127,0.982143,2.02471
7.3,1,0.982143,0.998145,0.982143,2.02466
7.31,1,0.982143,0.998164,0.982143,2.02461
7.32,1,0.982143,0.998182,0.982143,2.02457
7.33,1,0.982143,0.9982,0.982143,2.02452
7.34,1,0.982143,0.998218,0.982143,2.02448
7.35,1,0.982143,0.998236,0.982143,2.02443
7.36,1,0.982143,0.998253,0.982143,2.02439
7.37,1,0.982143,0.998271,0.982143,2.02434
7.38,1,0.982143,0.998288,0.982143,2.0243
7.39,1,0.982143,0.998305,0.982143,2.02426
7.4,1,0.982143,0.998322,0.982143,2.02422
7.41,1,0.982143,0.998338,0.982143,2.02417
7.42,1,0.982143,0.998355,0.982143,2.02413
7.43,1,0.982143,0.998371,0.982143,2.02409
7.44,1,0.982143,0.998388,0.982143,2.02405
7.45,1,0.982143,0.998404,0.982143,2.02401
7.46,1,0.982143,0.998419,0.982143,2.02397
7.47,1,0.982143,0.998435,0.982143,2.02393
7.48,1,0.982143,0.998451,0.982143,2.02389
7.49,1,0.982143,0.998466,0.982143,2.02385
7.5,1,0.982143,0.998481,0.982143,2.02382
7.51,1,0.982143,0.998497,0.982143,2.02378
7.52,1,0.982143,0.998512,0.982143,2.02374
7.53,1,0.982143,0.998526,0.982143,2.0237
7.54,1,0.982143,0.998541,0.982143,2.02367
7.55,1,0.982143,0.998556,0.982143,2.02363
7.56,1,0.982143,0.99857,0.982143,2.02359
7.57,1,0.982143,0.998584,0.982143,2.02356
7.58,1,0.982143,0.998598,0.982143,2.02352
7.59,1,0.982143,0.998612,0.982143,2.02349
7.6,1,0.982143,0.998626,0.982143,2.02345
7.61,1,0.982143,0.99864,0.982143,2.02342
7.62,1,0.982143,0.998653,0.982143,2.02339
7.63,1,0.982143,0.998667,0.982143,2.02335
7.64,1,0.982143,0.99868,0.982143,2.02332
7.65,1,0.982143,0.998693,0.982143,2.02329
7.66,1,0.982143,0.998706,0.982143,2.02325
7.67,1,0.982143,0.998719,0.982143,2.02322
7.68,1,0.982143,0.998732,0.982143,2.02319
7.69,1,0.982143,0.998744,0.982143,2.02316
7.7,1,0.982143,0.998757,0.982143,2.02313
7.71,1,0.982143,0.998769,0.982143,2.02309
7.72,1,0.982143,0.998781,0.982143,2.02306
7.73,1,0.982143,0.998793,0.982143,2.02303
7.74,1,0.982143,0.998805,0.982143,2.023
7.75,1,0.982143,0.998817,0.982143,2.02297
7.76,1,0.982143,0.998829,0.982143,2.02294
7.77,1,0.982143,0.998841,0.982143,2.02292
7.78,1,0.982143,0.998852,0.982143,2.02289
7.79,1,0.982143,0.998864,0.982143,2.02286
7.8,1,0.982143,0.998875,0.982143,2.02283
7.81,1,0.982143,0.998886,0.982143,2.0228
7.82,1,0.982143,0.998897,0.982143,2.02277
7.83,1,0.982143,0.998908,0.982143,2.02275
7.84,1,0.982143,0.998919,0.982143,2.02272
7.85,1,0.982143,0.99893,0.982143,2.02269
7.86,1,0.982143,0.998941,0.982143,2.02266
7.87,1,0.982143,0.998951,0.982143,2.02264
7.88,1,0.982143,0.998962,0.982143,2.02261
7.89,1,0.982143,0.998972,0.982143,2.02259
7.9,1,0.982143,0.998982,0.982143,2.02256
7.91,1,0.982143,0.998992,0.982143,2.02254
7.92,1,0.982143,0.999002,0.982143,2.02251
7.93,1,0.982143,0.999012,0.982143,2.02249
7.94,1,0.982143,0.999022,0.982143,2.02246
7.95,1,0.982143,0.999032,0.982143,2.02244
7.96,1,0.982143,0.999041,0.982143,2.02241
7.97,1,0.982143,0.999051,0.982143,2.02239
7.98,1,0.982143,0.99906,0.982143,2.02236
7.99,1,0.982143,0.99907,0.982143,2.02234
8,1,0.982143,0.999079,0.982143,2.02232
8.01,1,0.982143,0.999088,0.982143,2.02229
8.02,1,0.982143,0.999097,0.982143,2.02227
8.03,1,0.982143,0.999106,0.982143,2.02225
8.04,1,0.982143,0.999115,0.982143,2.02223
8.05,1,0.982143,0.999124,0.982143,2.02221
8.06,1,0.982143,0.999133,0.982143,2.02218
8.07,1,0.982143,0.999141,0.982143,2.02216
8.08,1,0.982143,0.99915,0.982143,2.02214
8.09,1,0.982143,0.999158,0.982143,2.02212
8.1,1,0.982143,0.999167,0.982143,2.0221
8.11,1,0.982143,0.999175,0.982143,2.02208
8.12,1,0.982143,0.999183,0.982143,2.02206
8.13,1,0.982143,0.999191,0.982143,2.02204
8.14,1,0.982143,0.999199,0.982143,2.02202
8.15,1,0.982143,0.999207,0.982143,2.022
8.16,1,0.982143,0.999215,0.982143,2.02198
8.17,1,0.982143,0.999223,0.982143,2.02196
8.18,1,0.982143,0.999231,0.982143,2.02194
8.19,1,0.982143,0.999238,0.982143,2.02192
8.2,1,0.982143,0.999246,0.982143,2.0219
8.21,1,0.982143,0.999253,0.982143,2.02188
8.22,1,0.982143,0.999261,0.982143,2.02186
8.23,1,0.982143,0.999268,0.982143,2.02184
8.24,1,0.982143,0.999275,0.982143,2.02183
8.25,1,0.982143,0.999283,0.982143,2.02181
8.26,1,0.982143,0.99929,0.982143,2.02179
8.27,1,0.982143,0.999297,0.982143,2.02177
8.28,1,0.982143,0.999304,0.982143,2.02175
8.29,1,0.982143,0.999311,0.982143,2.02174
8.3,1,0.982143,0.999318,0.982143,2.02172
8.31,1,0.982143,0.999324,0.982143,2.0217
8.32,1,0.982143,0.999331,0.982143,2.02169
8.33,1,0.982143,0.999338,0.982143,2.02167
8.34,1,0.982143,0.999344,0.982143,2.02165
8.35,1,0.982143,0.999351,0.982143,2.02164
8.36,1,0.982143,0.999357,0.982143,2.02162
8.37,1,0.982143,0.999364,0.982143,2.0216
8.38,1,0.982143,0.99937,0.982143,2.02159
8.39,1,0.982143,0.999376,0.982143,2.02157
8.4,1,0.982143,0.999383,0.982143,2.02156
8.41,1,0.982143,0.999389,0.982143,2.02154
8.42,1,0.982143,0.999395,0.982143,2.02153
8.43,1,0.982143,0.999401,0.982143,2.02151
8.44,1,0.982143,0.999407,0.982143,2.0215
8.45,1,0.982143,0.999413,0.982143,2.02148
8.46,1,0.982143,0.999419,0.982143,2.02147
8.47,1,0.982143,0.999424,0.982143,2.02145
8.48,1,0.982143,0.99943,0.982143,2.02144
8.49,1,0.982143,0.999436,0.982143,2.02142
8.5,1,0.982143,0.999441,0.982143,2.02141
8.51,1,0.982143,0.999447,0.982143,2.0214
8.52,1,0.982143,0.999452,0.982143,2.02138
8.53,1,0.982143,0.999458,0.982143,2.02137
8.54,1,0.982143,0.999463,0.982143,2.02135
8.55,1,0.982143,0.999469,0.982143,2.02134
8.56,1,0.982143,0.999474,0.982143,2.02133
8.57,1,0.982143,0.999479,0.982143,2.02131
8.58,1,0.982143,0.999484,0.982143,2.0213
8.59,1,0.982143,0.999489,0.982143,2.02129
8.6,1,0.982143,0.999495,0.982143,2.02128
8.61,1,0.982143,0.9995,0.982143,2.02126
8.62,1,0.982143,0.999505,0.982143,2.02125
8.63,1,0.982143,0.999509,0.982143,2.02124
8.64,1,0.982143,0.999514,0.982143,2.02123
8.65,1,0.982143,0.999519,0.982143,2.02121
8.66,1,0.982143,0.999524,0.982143,2.0212
8.67,1,0.982143,0.999529,0.982143,2.02119
8.68,1,0.982143,0.999533,0.982143,2.02118
8.69,1,0.982143,0.999538,0.982143,2.02117
8.7,1,0.982143,0.999543,0.982143,2.02116
8.71,1,0.982143,0.999547,0.982143,2.02114
8.72,1,0.982143,0.999552,0.982143,2.02113
8.73,1,0.982143,0.999556,0.982143,2.02112
8.74,1,0.982143,0.999561,0.982143,2.02111
8.75,1,0.982143,0.999565,0.982143,2.0211
8.76,1,0.982143,0.999569,0.982143,2.02109
8.77,1,0.982143,0.999574,0.982143,2.02108
8.78,1,0.982143,0.999578,0.982143,2.02107
8.79,1,0.982143,0.999582,0.982143,2.02106
8.8,1,0.982143,0.999586,0.982143,2.02105
8.81,1,0.982143,0.99959,0.982143,2.02104
8.82,1,0.982143,0.999594,0.982143,2.02103
8.83,1,0.982143,0.999598,0.982143,2.02102
8.84,1,0.982143,0.999602,0.982143,2.02101
8.85,1,0.982143,0.999606,0.982143,2.021
8.86,1,0.982143,0.99961,0.982143,2.02099
8.87,1,0.982143,0.999614,0.982143,2.02098
8.88,1,0.982143,0.999618,0.982143,2.02097
8.89,1,0.982143,0.999622,0.982143,2.02096
8.9,1,0.982143,0.999626,0.982143,2.02095
8.91,1,0.982143,0.999629,0.982143,2.02094
8.92,1,0.982143,0.999633,0.982143,2.02093
8.93,1,0.982143,0.999637,0.982143,2.02092
8.94,1,0.982143,0.99964,0.982143,2.02091
8.95,1,0.982143,0.999644,0.982143,2.0209
8.96,1,0.982143,0.999647,0.982143,2.02089
8.97,1,0.982143,0.999651,0.982143,2.02088
8.98,1,0.982143,0.999654,0.982143,2.02088
8.99,1,0.982143,0.999658,0.982143,2.02087
9,1,0.982143,0.999661,0.982143,2.02086
9.01,1,0.982143,0.999665,0.982143,2.02085
9.02,1,0.982143,0.999668,0.982143,2.02084
9.03,1,0.982143,0.999671,0.982143,2.02083
9.04,1,0.982143,0.999674,0.982143,2.02082
9.05,1,0.982143,0.999678,0.982143,2.02082
9.06,1,0.982143,0.999681,0.982143,2.02081
9.07,1,0.982143,0.999684,0.982143,2.0208
9.08,1,0.982143,0.999687,0.982143,2.02079
9.09,1,0.982143,0.99969,0.982143,2.02078
9.1,1,0.982143,0.999693,0.982143,2.02078
9.11,1,0.982143,0.999696,0.982143,2.02077
9.12,1,0.982143,0.999699,0.982143,2.02076
9.13,1,0.982143,0.999702,0.982143,2.02075
9.14,1,0.982143,0.999705,0.982143,2.02075
9.15,1,0.982143,0.999708,0.982143,2.02074
9.16,1,0.982143,0.999711,0.982143,2.02073
9.17,1,0.982143,0.999714,0.982143,2.02073
9.18,1,0.982143,0.999717,0.982143,2.02072
9.19,1,0.982143,0.99972,0.982143,2.02071
9.2,1,0.982143,0.999723,0.982143,2.0207
9.21,1,0.982143,0.999725,0.982143,2.0207
9.22,1,0.982143,0.999728,0.982143,2.02069
9.23,1,0.982143,0.999731,0.982143,2.02068
9.24,1,0.982143,0.999733,0.982143,2.02068
9.25,1,0.982143,0.999736,0.982143,2.02067
9.26,1,0.982143,0.999739,0.982143,2.02066
9.27,1,0.982143,0.999741,0.982143,2.02066
9.28,1,0.982143,0.999744,0.982143,2.02065
9.29,1,0.982143,0.999746,0.982143,2.02064
9.3,1,0.982143,0.999749,0.982143,2.02064
9.31,1,0.982143,0.999751,0.982143,2.02063
9.32,1,0.982143,0.999754,0.982143,2.02063
9.33,1,0.982143,0.999756,0.982143,2.02062
9.34,1,0.982143,0.999759,0.982143,2.02061
9.35,1,0.982143,0.999761,0.982143,2.02061
9.36,1,0.982143,0.999764,0.982143,2.0206
9.37,1,0.982143,0.999766,0.982143,2.0206
9.38,1,0.982143,0.999768,0.982143,2.02059
9.39,1,0.982143,0.999771,0.982143,2.02058
9.4,1,0.982143,0.999773,0.982143,2.02058
9.41,1,0.982143,0.999775,0.982143,2.02057
9.42,1,0.982143,0.999777,0.982143,2.02057
9.43,1,0.982143,0.99978,0.982143,2.02056
9.44,1,0.982143,0.999782,0.982143,2.02056
9.45,1,0.982143,0.999784,0.982143,2.02055
9.46,1,0.982143,0.999786,0.982143,2.02054
9.47,1,0.982143,0.999788,0.982143,2.02054
9.48,1,0.982143,0.99979,0.982143,2.02053
9.49,1,0.982143,0.999792,0.982143,2.02053
9.5,1,0.982143,0.999794,0.982143,2.02052
9.51,1,0.982143,0.999797,0.982143,2.02052
9.52,1,0.982143,0.999799,0.982143,2.02051
9.53,1,0.982143,0.999801,0.982143,2.02051
9.54,1,0.982143,0.999803,0.982143,2.0205
9.55,1,0.982143,0.999805,0.982143,2.0205
9.56,1,0.982143,0.999806,0.982143,2.02049
9.57,1,0.982143,0.999808,0.982143,2.02049
9.58,1,0.982143,0.99981,0.982143,2.02048
9.59,1,0.982143,0.999812,0.982143,2.02048
9.6,1,0.982143,0.999814,0.982143,2.02047
9.61,1,0.982143,0.999816,0.982143,2.02047
9.62,1,0.982143,0.999818,0.982143,2.02047
9.63,1,0.982143,0.99982,0.982143,2.02046
9.64,1,0.982143,0.999821,0.982143,2.02046
9.65,1,0.982143,0.999823,0.982143,2.02045
9.66,1,0.982143,0.999825,0.982143,2.02045
9.67,1,0.982143,0.999827,0.982143,2.02044
9.68,1,0.982143,0.999828,0.982143,2.02044
9.69,1,0.982143,0.99983,0.982143,2.02043
9.7,1,0.982143,0.999832,0.982143,2.02043
9.71,1,0.982143,0.999833,0.982143,2.02043
9.72,1,0.982143,0.999835,0.982143,2.02042
9.73,1,0.982143,0.999837,0.982143,2.02042
9.74,1,0.982143,0.999838,0.982143,2.02041
9.75,1,0.982143,0.99984,0.982143,2.02041
9.76,1,0.982143,0.999842,0.982143,2.02041
9.77,1,0.982143,0.999843,0.982143,2.0204
9.78,1,0.982143,0.999845,0.982143,2.0204
9.79,1,0.982143,0.999846,0.982143,2.02039
9.8,1,0.982143,0.999848,0.982143,2.02039
9.81,1,0.982143,0.999849,0.982143,2.02039
9.82,1,0.982143,0.999851,0.982143,2.02038
9.83,1,0.982143,0.999852,0.982143,2.02038
9.84,1,0.982143,0.999854,0.982143,2.02038
9.85,1,0.982143,0.999855,0.982143,2.02037
9.86,1,0.982143,0.999857,0.982143,2.02037
9.87,1,0.982143,0.999858,0.982143,2.02036
9.88,1,0.982143,0.999859,0.982143,2.02036
9.89,1,0.982143,0.999861,0.982143,2.02036
9.9,1,0.982143,0.999862,0.982143,2.02035
9.91,1,0.982143,0.999864,0.982143,2.02035
9.92,1,0.982143,0.999865,0.982143,2.02035
9.93,1,0.982143,0.999866,0.982143,2.02034
9.94,1,0.982143,0.999868,0.982143,2.02034
9.95,1,0.982143,0.999869,0.982143,2.02034
9.96,1,0.982143,0.99987,0.982143,2.02033
9.97,1,0.982143,0.999872,0.982143,2.02033
9.98,1,0.982143,0.999873,0.982143,2.02033
9.99,1,0.982143,0.999874,0.982143,2.02032
10,1,0.982143,0.999875,0.982143,2.02032
10.01,1,0.982143,0.999877,0.982143,2.02032
10.02,1,0.982143,0.999878,0.982143,2.02031
10.03,1,0.982143,0.999879,0.982143,2.02031
10.04,1,0.982143,0.99988,0.982143,2.02031
10.05,1,0.982143,0.999881,0.982143,2.02031
10.06,1,0.982143,0.999883,0.982143,2.0203
10.07,1,0.982143,0.999884,0.982143,2.0203
10.08,1,0.982143,0.999885,0.982143,2.0203
10.09,1,0.982143,0.999886,0.982143,2.02029
10.1,1,0.982143,0.999887,0.982143,2.02029
10.11,1,0.982143,0.999888,0.982143,2.02029
10.12,1,0.982143,0.999889,0.982143,2.02029
10.13,1,0.982143,0.999891,0.982143,2.02028
10.14,1,0.982143,0.999892,0.982143,2.02028
10.15,1,0.982143,0.999893,0.982143,2.02028
10.16,1,0.982143,0.999894,0.982143,2.02027
10.17,1,0.982143,0.999895,0.982143,2.02027
10.18,1,0.982143,0.999896,0.982143,2.02027
10.19,1,0.982143,0.999897,0.982143,2.02027
10.2,1,0.982143,0.999898,0.982143,2.02026
10.21,1,0.982143,0.999899,0.982143,2.02026
10.22,1,0.982143,0.9999,0.982143,2.02026
10.23,1,0.982143,0.999901,0.982143,2.02026
10.24,1,0.982143,0.999902,0.982143,2.02025
10.25,1,0.982143,0.999903,0.982143,2.02025
10.26,1,0.982143,0.999904,0.982143,2.02025
10.27,1,0.982143,0.999905,0.982143,2.02025
10.28,1,0.982143,0.999906,0.982143,2.02024
10.29,1,0.982143,0.999907,0.982143,2.02024
10.3,1,0.982143,0.999908,0.982143,2.02024
10.31,1,0.982143,0.999909,0.982143,2.02024
10.32,1,0.982143,0.999909,0.982143,2.02024
10.33,1,0.982143,0.99991,0.982143,2.02023
10.34,1,0.982143,0.999911,0.982143,2.02023
10.35,1,0.982143,0.999912,0.982143,2.02023
10.36,1,0.982143,0.999913,0.982143,2.02023
10.37,1,0.982143,0.999914,0.982143,2.02022
10.38,1,0.982143,0.999915,0.982143,2.02022
10.39,1,0.982143,0.999916,0.982143,2.02022
10.4,1,0.982143,0.999916,0.982143,2.02022
10.41,1,0.982143,0.999917,0.982143,2.02022
10.42,1,0.982143,0.999918,0.982143,2.02021
10.43,1,0.982143,0.999919,0.982143,2.02021
10.44,1,0.982143,0.99992,0.982143,2.02021
10.45,1,0.982143,0.999921,0.982143,2.02021
10.46,1,0.982143,0.999921,0.982143,2.02021
10.47,1,0.982143,0.999922,0.982143,2.0202
10.48,1,0.982143,0.999923,0.982143,2.0202
10.49,1,0.982143,0.999924,0.982143,2.0202
10.5,1,0.982143,0.999924,0.982143,2.0202
10.51,1,0.982143,0.999925,0.982143,2.0202
10.52,1,0.982143,0.999926,0.982143,2.02019
10.53,1,0.982143,0.999927,0.982143,2.02019
10.54,1,0.982143,0.999927,0.982143,2.02019
10.55,1,0.982143,0.999928,0.982143,2.02019
10.56,1,0.982143,0.999929,0.982143,2.02019
10.57,1,0.982143,0.99993,0.982143,2.02019
10.58,1,0.982143,0.99993,0.982143,2.02018
10.59,1,0.982143,0.999931,0.982143,2.02018
10.6,1,0.982143,0.999932,0.982143,2.02018
10.61,1,0.982143,0.999932,0.982143,2.02018
10.62,1,0.982143,0.999933,0.982143,2.02018
10.63,1,0.982143,0.999934,0.982143,2.02017
10.64,1,0.982143,0.999934,0.982143,2.02017
10.65,1,0.982143,0.999935,0.982143,2.02017
10.66,1,0.982143,0.999936,0.982143,2.02017
10.67,1,0.982143,0.999936,0.982143,2.02017
10.68,1,0.982143,0.999937,0.982143,2.02017
10.69,1,0.982143,0.999937,0.982143,2.02017
10.7,1,0.982143,0.999938,0.982143,2.02016
10.71,1,0.982143,0.999939,0.982143,2.02016
10.72,1,0.982143,0.999939,0.982143,2.02016
10.73,1,0.982143,0.99994,0.982143,2.02016
10.74,1,0.982143,0.999941,0.982143,2.02016
10.75,1,0.982143,0.999941,0.982143,2.02016
10.76,1,0.982143,0.999942,0.982143,2.02015
10.77,1,0.982143,0.999942,0.982143,2.02015
10.78,1,0.982143,0.999943,0.982143,2.02015
10.79,1,0.982143,0.999943,0.982143,2.02015
10.8,1,0.982143,0.999944,0.982143,2.02015
10.81,1,0.982143,0.999945,0.982143,2.02015
10.82,1,0.982143,0.999945,0.982143,2.02015
10.83,1,0.982143,0.999946,0.982143,2.02014
10.84,1,0.982143,0.999946,0.982143,2.02014
10.85,1,0.982143,0.999947,0.982143,2.02014
10.86,1,0.982143,0.999947,0.982143,2.02014
10.87,1,0.982143,0.999948,0.982143,2.02014
10.88,1,0.982143,0.999948,0.982143,2.02014
10.89,1,0.982143,0.999949,0.982143,2.02014
10.9,1,0.982143,0.999949,0.982143,2.02014
10.91,1,0.982143,0.99995,0.982143,2.02013
10.92,1,0.982143,0.99995,0.982143,2.02013
10.93,1,0.982143,0.999951,0.982143,2.02013
10.94,1,0.982143,0.999951,0.982143,2.02013
10.95,1,0.982143,0.999952,0.982143,2.02013
10.96,1,0.982143,0.999952,0.982143,2.02013
10.97,1,0.982143,0.999953,0.982143,2.02013
10.98,1,0.982143,0.999953,0.982143,2.02013
10.99,1,0.982143,0.999954,0.982143,2.02012
11,1,0.982143,0.999954,0.982143,2.02012
11.01,1,0.982143,0.999955,0.982143,2.02012
11.02,1,0.982143,0.999955,0.982143,2.02012
11.03,1,0.982143,0.999955,0.982143,2.02012
11.04,1,0.982143,0.999956,0.982143,2.02012
11.05,1,0.982143,0.999956,0.982143,2.02012
11.06,1,0.982143,0.999957,0.982143,2.02012
11.07,1,0.982143,0.999957,0.982143,2.02012
11.08,1,0.982143,0.999958,0.982143,2.02011
11.09,1,0.982143,0.999958,0.982143,2.02011
11.1,1,0.982143,0.999959,0.982143,2.02011
11.11,1,0.982143,0.999959,0.982143,2.02011
11.12,1,0.982143,0.999959,0.982143,2.02011
11.13,1,0.982143,0.99996,0.982143,2.02011
11.14,1,0.982143,0.99996,0.982143,2.02011
11.15,1,0.982143,0.999961,0.982143,2.02011
11.16,1,0.982143,0.999961,0.982143,2.02011
11.17,1,0.982143,0.999961,0.982143,2.02011
11.18,1,0.982143,0.999962,0.982143,2.0201
11.19,1,0.982143,0.999962,0.982143,2.0201
11.2,1,0.982143,0.999962,0.982143,2.0201
11.21,1,0.982143,0.999963,0.982143,2.0201
11.22,1,0.982143,0.999963,0.982143,2.0201
11.23,1,0.982143,0.999964,0.982143,2.0201
11.24,1,0.982143,0.999964,0.982143,2.0201
11.25,1,0.982143,0.999964,0.982143,2.0201
11.26,1,0.982143,0.999965,0.982143,2.0201
11.27,1,0.982143,0.999965,0.982143,2.0201
11.28,1,0.982143,0.999965,0.982143,2.0201
11.29,1,0.982143,0.999966,0.982143,2.02009
11.3,1,0.982143,0.999966,0.982143,2.02009
11.31,1,0.982143,0.999966,0.982143,2.02009
11.32,1,0.982143,0.999967,0.982143,2.02009
11.33,1,0.982143,0.999967,0.982143,2.02009
11.34,1,0.982143,0.999967,0.982143,2.02009
11.35,1,0.982143,0.999968,0.982143,2.02009
11.36,1,0.982143,0.999968,0.982143,2.02009
11.37,1,0.982143,0.999968,0.982143,2.02009
11.38,1,0.982143,0.999969,0.982143,2.02009
11.39,1,0.982143,0.999969,0.982143,2.02009
11.4,1,0.982143,0.999969,0.982143,2.02009
11.41,1,0.982143,0.99997,0.982143,2.02008
11.42,1,0.982143,0.99997,0.982143,2.02008
11.43,1,0.982143,0.99997,0.982143,2.02008
11.44,1,0.982143,0.99997,0.982143,2.02008
11.45,1,0.982143,0.999971,0.982143,2.02008
11.46,1,0.982143,0.999971,0.982143,2.02008
11.47,1,0.982143,0.999971,0.982143,2.02008
11.48,1,0.982143,0.999972,0.982143,2.02008
11.49,1,0.982143,0.999972,0.982143,2.02008
11.5,1,0.982143,0.999972,0.982143,2.02008
11.51,1,0.982143,0.999972,0.982143,2.02008
11.52,1,0.982143,0.999973,0.982143,2.02008
11.53,1,0.982143,0.999973,0.982143,2.02008
11.54,1,0.982143,0.999973,0.982143,2.02008
11.55,1,0.982143,0.999974,0.982143,2.02007
11.56,1,0.982143,0.999974,0.982143,2.02007
11.57,1,0.982143,0.999974,0.982143,2.02007
11.58,1,0.982143,0.999974,0.982143,2.02007
11.59,1,0.982143,0.999975,0.982143,2.02007
11.6,1,0.982143,0.999975,0.982143,2.02007
11.61,1,0.982143,0.999975,0.982143,2.02007
11.62,1,0.982143,0.999975,0.982143,2.02007
11.63,1,0.982143,0.999976,0.982143,2.02007
11.64,1,0.982143,0.999976,0.982143,2.02007
11.65,1,0.982143,0.999976,0.982143,2.02007
11.66,1,0.982143,0.999976,0.982143,2.02007
11.67,1,0.982143,0.999977,0.982143,2.02007
11.68,1,0.982143,0.999977,0.982143,2.02007
11.69,1,0.982143,0.999977,0.982143,2.02007
11.7,1,0.982143,0.999977,0.982143,2.02007
11.71,1,0.982143,0.999977,0.982143,2.02006
11.72,1,0.982143,0.999978,0.982143,2.02006
11.73,1,0.982143,0.999978,0.982143,2.02006
11.74,1,0.982143,0.999978,0.982143,2.02006
11.75,1,0.982143,0.999978,0.982143,2.02006
11.76,1,0.982143,0.999979,0.982143,2.02006
11.77,1,0.982143,0.999979,0.982143,2.02006
11.78,1,0.982143,0.999979,0.982143,2.02006
11.79,1,0.982143,0.999979,0.982143,2.02006
11.8,1,0.982143,0.999979,0.982143,2.02006
11.81,1,0.982143,0.99998,0.982143,2.02006
11.82,1,0.982143,0.99998,0.982143,2.02006
11.83,1,0.982143,0.99998,0.982143,2.02006
11.84,1,0.982143,0.99998,0.982143,2.02006
11.85,1,0.982143,0.99998,0.982143,2.02006
11.86,1,0.982143,0.999981,0.982143,2.02006
11.87,1,0.982143,0.999981,0.982143,2.02006
11.88,1,0.982143,0.999981,0.982143,2.02006
11.89,1,0.982143,0.999981,0.982143,2.02006
11.9,1,0.982143,0.999981,0.982143,2.02006
11.91,1,0.982143,0.999982,0.982143,2.02005
11.92,1,0.982143,0.999982,0.982143,2.02005
11.93,1,0.982143,0.999982,0.982143,2.02005
11.94,1,0.982143,0.999982,0.982143,2.02005
11.95,1,0.982143,0.999982,0.982143,2.02005
11.96,1,0.982143,0.999982,0.982143,2.02005
11.97,1,0.982143,0.999983,0.982143,2.02005
11.98,1,0.982143,0.999983,0.982143,2.02005
11.99,1,0.982143,0.999983,0.982143,2.02005
12,1,0.982143,0.999983,0.982143,2.02005
12.01,1,0.982143,0.999983,0.982143,2.02005
12.02,1,0.982143,0.999983,0.982143,2.02005
12.03,1,0.982143,0.999984,0.982143,2.02005
12.04,1,0.982143,0.999984,0.982143,2.02005
12.05,1,0.982143,0.999984,0.982143,2.02005
12.06,1,0.982143,0.999984,0.982143,2.02005
12.07,1,0.982143,0.999984,0.982143,2.02005
12.08,1,0.982143,0.999984,0.982143,2.02005
12.09,1,0.982143,0.999985,0.982143,2.02005
12.1,1,0.982143,0.999985,0.982143,2.02005
12.11,1,0.982143,0.999985,0.982143,2.02005
12.12,1,0.982143,0.999985,0.982143,2.02005
12.13,1,0.982143,0.999985,0.982143,2.02005
12.14,1,0.982143,0.999985,0.982143,2.02005
12.15,1,0.982143,0.999985,0.982143,2.02004
12.16,1,0.982143,0.999986,0.982143,2.02004
12.17,1,0.982143,0.999986,0.982143,2.02004
12.18,1,0.982143,0.999986,0.982143,2.02004
12.19,1,0.982143,0.999986,0.982143,2.02004
12.2,1,0.982143,0.999986,0.982143,2.02004
12.21,1,0.982143,0.999986,0.982143,2.02004
12.22,1,0.982143,0.999986,0.982143,2.02004
12.23,1,0.982143,0.999987,0.982143,2.02004
12.24,1,0.982143,0.999987,0.982143,2.02004
12.25,1,0.982143,0.999987,0.982143,2.02004
12.26,1,0.982143,0.999987,0.982143,2.02004
12.27,1,0.982143,0.999987,0.982143,2.02004
12.28,1,0.982143,0.999987,0.982143,2.02004
12.29,1,0.982143,0.999987,0.982143,2.02004
12.3,1,0.982143,0.999988,0.982143,2.02004
12.31,1,0.982143,0.999988,0.982143,2.02004
12.32,1,0.982143,0.999988,0.982143,2.02004
12.33,1,0.982143,0.999988,0.982143,2.02004
12.34,1,0.982143,0.999988,0.982143,2.02004
12.35,1,0.982143,0.999988,0.982143,2.02004
12.36,1,0.982143,0.999988,0.982143,2.02004
12.37,1,0.982143,0.999988,0.982143,2.02004
12.38,1,0.982143,0.999988,0.982143,2.02004
12.39,1,0.982143,0.999989,0.982143,2.02004
12.4,1,0.982143,0.999989,0.982143,2.02004
12.41,1,0.982143,0.999989,0.982143,2.02004
12.42,1,0.982143,0.999989,0.982143,2.02004
12.43,1,0.982143,0.999989,0.982143,2.02004
12.44,1,0.982143,0.999989,0.982143,2.02004
12.45,1,0.982143,0.999989,0.982143,2.02004
12.46,1,0.982143,0.999989,0.982143,2.02003
12.47,1,0.982143,0.999989,0.982143,2.02003
12.48,1,0.982143,0.99999,0.982143,2.02003
12.49,1,0.982143,0.99999,0.982143,2.02003
12.5,1,0.982143,0.99999,0.982143,2.02003
12.51,1,0.982143,0.99999,0.982143,2.02003
12.52,1,0.982143,0.99999,0.982143,2.02003
12.53,1,0.982143,0.99999,0.982143,2.02003
12.54,1,0.982143,0.99999,0.982143,2.02003
12.55,1,0.982143,0.99999,0.982143,2.02003
12.56,1,0.982143,0.99999,0.982143,2.02003
12.57,1,0.982143,0.99999,0.982143,2.02003
12.58,1,0.982143,0.999991,0.982143,2.02003
12.59,1,0.982143,0.999991,0.982143,2.02003
12.6,1,0.982143,0.999991,0.982143,2.02003
12.61,1,0.982143,0.999991,0.982143,2.02003
12.62,1,0.982143,0.999991,0.982143,2.02003
12.63,1,0.982143,0.999991,0.982143,2.02003
12.64,1,0.982143,0.999991,0.982143,2.02003
12.65,1,0.982143,0.999991,0.982143,2.02003
12.66,1,0.982143,0.999991,0.982143,2.02003
12.67,1,0.982143,0.999991,0.982143,2.02003
12.68,1,0.982143,0.999991,0.982143,2.02003
12.69,1,0.982143,0.999992,0.982143,2.02003
12.7,1,0.982143,0.999992,0.982143,2.02003
12.71,1,0.982143,0.999992,0.982143,2.02003
12.72,1,0.982143,0.999992,0.982143,2.02003
12.73,1,0.982143,0.999992,0.982143,2.02003
12.74,1,0.982143,0.999992,0.982143,2.02003
12.75,1,0.982143,0.999992,0.982143,2.02003
12.76,1,0.982143,0.999992,0.982143,2.02003
12.77,1,0.982143,0.999992,0.982143,2.02003
12.78,1,0.982143,0.999992,0.982143,2.02003
12.79,1,0.982143,0.999992,0.982143,2.02003
12.8,1,0.982143,0.999992,0.982143,2.02003
12.81,1,0.982143,0.999992,0.982143,2.02003
12.82,1,0.982143,0.999993,0.982143,2.02003
12.83,1,0.982143,0.999993,0.982143,2.02003
12.84,1,0.982143,0.999993,0.982143,2.02003
12.85,1,0.982143,0.999993,0.982143,2.02003
12.86,1,0.982143,0.999993,0.982143,2.02003
12.87,1,0.982143,0.999993,0.982143,2.02003
12.88,1,0.982143,0.999993,0.982143,2.02003
12.89,1,0.982143,0.999993,0.982143,2.02003
12.9,1,0.982143,0.999993,0.982143,2.02003
12.91,1,0.982143,0.999993,0.982143,2.02003
12.92,1,0.982143,0.999993,0.982143,2.02003
12.93,1,0.982143,0.999993,0.982143,2.02002
12.94,1,0.982143,0.999993,0.982143,2.02002
12.95,1,0.982143,0.999993,0.982143,2.02002
12.96,1,0.982143,0.999994,0.982143,2.02002
12.97,1,0.982143,0.999994,0.982143,2.02002
12.98,1,0.982143,0.999994,0.982143,2.02002
12.99,1,0.982143,0.999994,0.982143,2.02002
13,1,0.982143,0.999994,0.982143,2.02002
13.01,1,0.982143,0.999994,0.982143,2.02002
13.02,1,0.982143,0.999994,0.982143,2.02002
13.03,1,0.982143,0.999994,0.982143,2.02002
13.04,1,0.982143,0.999994,0.982143,2.02002
13.05,1,0.982143,0.999994,0.982143,2.02002
13.06,1,0.982143,0.999994,0.982143,2.02002
13.07,1,0.982143,0.999994,0.982143,2.02002
13.08,1,0.982143,0.999994,0.982143,2.02002
13.09,1,0.982143,0.999994,0.982143,2.02002
13.1,1,0.982143,0.999994,0.982143,2.02002
13.11,1,0.982143,0.999994,0.982143,2.02002
13.12,1,0.982143,0.999994,0.982143,2.02002
13.13,1,0.982143,0.999995,0.982143,2.02002
13.14,1,0.982143,0.999995,0.982143,2.02002
13.15,1,0.982143,0.999995,0.982143,2.02002
13.16,1,0.982143,0.999995,0.982143,2.02002
13.17,1,0.982143,0.999995,0.982143,2.02002
13.18,1,0.982143,0.999995,0.982143,2.02002
13.19,1,0.982143,0.999995,0.982143,2.02002
13.2,1,0.982143,0.999995,0.982143,2.02002
13.21,1,0.982143,0.999995,0.982143,2.02002
13.22,1,0.982143,0.999995,0.982143,2.02002
13.23,1,0.982143,0.999995,0.982143,2.02002
13.24,1,0.982143,0.999995,0.982143,2.02002
13.25,1,0.982143,0.999995,0.982143,2.02002
13.26,1,0.982143,0.999995,0.982143,2.02002
13.27,1,0.982143,0.999995,0.982143,2.02002
13.28,1,0.982143,0.999995,0.982143,2.02002
13.29,1,0.982143,0.999995,0.982143,2.02002
13.3,1,0.982143,0.999995,0.982143,2.02002
13.31,1,0.982143,0.999995,0.982143,2.02002
13.32,1,0.982143,0.999995,0.982143,2.02002
13.33,1,0.982143,0.999996,0.982143,2.02002
13.34,1,0.982143,0.999996,0.982143,2.02002
13.35,1,0.982143,0.999996,0.982143,2.02002
13.36,1,0.982143,0.999996,0.982143,2.02002
13.37,1,0.982143,0.999996,0.982143,2.02002
13.38,1,0.982143,0.999996,0.982143,2.02002
13.39,1,0.982143,0.999996,0.982143,2.02002
13.4,1,0.982143,0.999996,0.982143,2.02002
13.41,1,0.982143,0.999996,0.982143,2.02002
13.42,1,0.982143,0.999996,0.982143,2.02002
13.43,1,0.982143,0.999996,0.982143,2.02002
13.44,1,0.982143,0.999996,0.982143,2.02002
13.45,1,0.982143,0.999996,0.982143,2.02002
13.46,1,0.982143,0.999996,0.982143,2.02002
13.47,1,0.982143,0.999996,0.982143,2.02002
13.48,1,0.982143,0.999996,0.982143,2.02002
13.49,1,0.982143,0.999996,0.982143,2.02002
13.5,1,0.982143,0.999996,0.982143,2.02002
13.51,1,0.982143,0.999996,0.982143,2.02002
13.52,1,0.982143,0.999996,0.982143,2.02002
13.53,1,0.982143,0.999996,0.982143,2.02002
13.54,1,0.982143,0.999996,0.982143,2.02002
13.55,1,0.982143,0.999996,0.982143,2.02002
13.56,1,0.982143,0.999996,0.982143,2.02002
13.57,1,0.982143,0.999996,0.982143,2.02002
13.58,1,0.982143,0.999997,0.982143,2.02002
13.59,1,0.982143,0.999997,0.982143,2.02002
13.6,1,0.982143,0.999997,0.982143,2.02002
13.61,1,0.982143,0.999997,0.982143,2.02002
13.62,1,0.982143,0.999997,0.982143,2.02002
13.63,1,0.982143,0.999997,0.982143,2.02002
13.64,1,0.982143,0.999997,0.982143,2.02002
13.65,1,0.982143,0.999997,0.982143,2.02002
13.66,1,0.982143,0.999997,0.982143,2.02002
13.67,1,0.982143,0.999997,0.982143,2.02002
13.68,1,0.982143,0.999997,0.982143,2.02002
13.69,1,0.982143,0.999997,0.982143,2.02002
13.7,1,0.982143,0.999997,0.982143,2.02002
13.71,1,0.982143,0.999997,0.982143,2.02002
13.72,1,0.982143,0.999997,0.982143,2.02002
13.73,1,0.982143,0.999997,0.982143,2.02002
13.74,1,0.982143,0.999997,0.982143,2.02002
13.75,1,0.982143,0.999997,0.982143,2.02002
13.76,1,0.982143,0.999997,0.982143,2.02002
13.77,1,0.982143,0.999997,0.982143,2.02002
13.78,1,0.982143,0.999997,0.982143,2.02002
13.79,1,0.982143,0.999997,0.982143,2.02002
13.8,1,0.982143,0.999997,0.982143,2.02002
13.81,1,0.982143,0.999997,0.982143,2.02002
13.82,1,0.982143,0.999997,0.982143,2.02002
13.83,1,0.982143,0.999997,0.982143,2.02002
13.84,1,0.982143,0.999997,0.982143,2.02002
13.85,1,0.982143,0.999997,0.982143,2.02001
13.86,1,0.982143,0.999997,0.982143,2.02001
13.87,1,0.982143,0.999997,0.982143,2.02001
13.88,1,0.982143,0.999997,0.982143,2.02001
13.89,1,0.982143,0.999997,0.982143,2.02001
13.9,1,0.982143,0.999997,0.982143,2.02001
13.91,1,0.982143,0.999998,0.982143,2.02001
13.92,1,0.982143,0.999998,0.982143,2.02001
13.93,1,0.982143,0.999998,0.982143,2.02001
13.94,1,0.982143,0.999998,0.982143,2.02001
13.95,1,0.982143,0.999998,0.982143,2.02001
13.96,1,0.982143,0.999998,0.982143,2.02001
13.97,1,0.982143,0.999998,0.982143,2.02001
13.98,1,0.982143,0.999998,0.982143,2.02001
13.99,1,0.982143,0.999998,0.982143,2.02001
14,1,0.982143,0.999998,0.982143,2.02001
14.01,1,0.982143,0.999998,0.982143,2.02001
14.02,1,0.982143,0.999998,0.982143,2.02001
14.03,1,0.982143,0.999998,0.982143,2.02001
14.04,1,0.982143,0.999998,0.982143,2.02001
14.05,1,0.982143,0.999998,0.982143,2.02001
14.06,1,0.982143,0.999998,0.982143,2.02001
14.07,1,0.982143,0.999998,0.982143,2.02001
14.08,1,0.982143,0.999998,0.982143,2.02001
14.09,1,0.982143,0.999998,0.982143,2.02001
14.1,1,0.982143,0.999998,0.982143,2.02001
14.11,1,0.982143,0.999998,0.982143,2.02001
14.12,1,0.982143,0.999998,0.982143,2.02001
14.13,1,0.982143,0.999998,0.982143,2.02001
14.14,1,0.982143,0.999998,0.982143,2.02001
14.15,1,0.982143,0.999998,0.982143,2.02001
14.16,1,0.982143,0.999998,0.982143,2.02001
14.17,1,0.982143,0.999998,0.982143,2.02001
14.18,1,0.982143,0.999998,0.982143,2.02001
14.19,1,0.982143,0.999998,0.982143,2.02001
14.2,1,0.982143,0.999998,0.982143,2.02001
14.21,1,0.982143,0.999998,0.982143,2.02001
14.22,1,0.982143,0.999998,0.982143,2.02001
14.23,1,0.982143,0.999998,0.982143,2.02001
14.24,1,0.982143,0.999998,0.982143,2.02001
14.25,1,0.982143,0.999998,0.982143,2.02001
14.26,1,0.982143,0.999998,0.982143,2.02001
14.27,1,0.982143,0.999998,0.982143,2.02001
14.28,1,0.982143,0.999998,0.982143,2.02001
14.29,1,0.982143,0.999998,0.982143,2.02001
14.3,1,0.982143,0.999998,0.982143,2.02001
14.31,1,0.982143,0.999998,0.982143,2.02001
14.32,1,0.982143,0.999998,0.982143,2.02001
14.33,1,0.982143,0.999998,0.982143,2.02001
14.34,1,0.982143,0.999998,0.982143,2.02001
14.35,1,0.982143,0.999998,0.982143,2.02001
14.36,1,0.982143,0.999998,0.982143,2.02001
14.37,1,0.982143,0.999998,0.982143,2.02001
14.38,1,0.982143,0.999998,0.982143,2.02001
14.39,1,0.982143,0.999998,0.982143,2.02001
14.4,1,0.982143,0.999998,0.982143,2.02001
14.41,1,0.982143,0.999998,0.982143,2.02001
14.42,1,0.982143,0.999998,0.982143,2.02001
14.43,1,0.982143,0.999999,0.982143,2.02001
14.44,1,0.982143,0.999999,0.982143,2.02001
14.45,1,0.982143,0.999999,0.982143,2.02001
14.46,1,0.982143,0.999999,0.982143,2.02001
14.47,1,0.982143,0.999999,0.982143,2.02001
14.48,1,0.982143,0.999999,0.982143,2.02001
14.49,1,0.982143,0.999999,0.982143,2.02001
14.5,1,0.982143,0.999999,0.982143,2.02001
14.51,1,0.982143,0.999999,0.982143,2.02001
14.52,1,0.982143,0.999999,0.982143,2.02001
14.53,1,0.982143,0.999999,0.982143,2.02001
14.54,1,0.982143,0.999999,0.982143,2.02001
14.55,1,0.982143,0.999999,0.982143,2.02001
14.56,1,0.982143,0.999999,0.982143,2.02001
14.57,1,0.982143,0.999999,0.982143,2.02001
14.58,1,0.982143,0.999999,0.982143,2.02001
14.59,1,0.982143,0.999999,0.982143,2.02001
14.6,1,0.982143,0.999999,0.982143,2.02001
14.61,1,0.982143,0.999999,0.982143,2.02001
14.62,1,0.982143,0.999999,0.982143,2.02001
14.63,1,0.982143,0.999999,0.982143,2.02001
14.64,1,0.982143,0.999999,0.982143,2.02001
14.65,1,0.982143,0.999999,0.982143,2.02001
14.66,1,0.982143,0.999999,0.982143,2.02001
14.67,1,0.982143,0.999999,0.982143,2.02001
14.68,1,0.982143,0.999999,0.982143,2.02001
14.69,1,0.982143,0.999999,0.982143,2.02001
14.7,1,0.982143,0.999999,0.982143,2.02001
14.71,1,0.982143,0.999999,0.982143,2.02001
14.72,1,0.982143,0.999999,0.982143,2.02001
14.73,1,0.982143,0.999999,0.982143,2.02001
14.74,1,0.982143,0.999999,0.982143,2.02001
14.75,1,0.982143,0.999999,0.982143,2.02001
14.76,1,0.982143,0.999999,0.982143,2.02001
14.77,1,0.982143,0.999999,0.982143,2.02001
14.78,1,0.982143,0.999999,0.982143,2.02001
14.79,1,0.982143,0.999999,0.982143,2.02001
14.8,1,0.982143,0.999999,0.982143,2.02001
14.81,1,0.982143,0.999999,0.982143,2.02001
14.82,1,0.982143,0.999999,0.982143,2.02001
14.83,1,0.982143,0.999999,0.982143,2.02001
14.84,1,0.982143,0.999999,0.982143,2.02001
14.85,1,0.982143,0.999999,0.982143,2.02001
14.86,1,0.982143,0.999999,0.982143,2.02001
14.87,1,0.982143,0.999999,0.982143,2.02001
14.88,1,0.982143,0.999999,0.982143,2.02001
14.89,1,0.982143,0.999999,0.982143,2.02001
14.9,1,0.982143,0.999999,0.982143,2.02001
14.91,1,0.982143,0.999999,0.982143,2.02001
14.92,1,0.982143,0.999999,0.982143,2.02001
14.93,1,0.982143,0.999999,0.982143,2.02001
14.94,1,0.982143,0.999999,0.982143,2.02001
14.95,1,0.982143,0.999999,0.982143,2.02001
14.96,1,0.982143,0.999999,0.982143,2.02001
14.97,1,0.982143,0.999999,0.982143,2.02001
14.98,1,0.982143,0.999999,0.982143,2.02001
14.99,1,0.982143,0.999999,0.982143,2.02001
15,1,0.982143,0.999999,0.982143,2.02001
