time,States_x1__x2,Control_u
0,0,0
0.01,0,0
0.02,0,0
0.03,0,0
0.04,0,0
0.05,0,0
0.06,0,0
0.07,0,0
0.08,0,0
0.09,0,0
0.1,0,0
0.11,0,0
0.12,0,0
0.13,0,0
0.14,0,0
0.15,0,0
0.16,0,0
0.17,0,0
0.18,0,0
0.19,0,0
0.2,0,0
0.21,0,0
0.22,0,0
0.23,0,0
0.24,0,0
0.25,0,0
0.26,0,0
0.27,0,0
0.28,0,0
0.29,0,0
0.3,0,0
0.31,0,0
0.32,0,0
0.33,0,0
0.34,0,0
0.35,0,0
0.36,0,0
0.37,0,0
0.38,0,0
0.39,0,0
0.4,0,0
0.41,0,0
0.42,0,0
0.43,0,0
0.44,0,0
0.45,0,0
0.46,0,0
0.47,0,0
0.48,0,0
0.49,0,0
0.5,0,0
0.51,0,0
0.52,0,0
0.53,0,0
0.54,0,0
0.55,0,0
0.56,0,0
0.57,0,0
0.58,0,0
0.59,0,0
0.6,0,0
0.61,0,0
0.62,0,0
0.63,0,0
0.64,0,0
0.65,0,0
0.66,0,0
0.67,0,0
0.68,0,0
0.69,0,0
0.7,0,0
0.71,0,0
0.72,0,0
0.73,0,0
0.74,0,0
0.75,0,0
0.76,0,0
0.77,0,0
0.78,0,0
0.79,0,0
0.8,0,0
0.81,0,0
0.82,0,0
0.83,0,0
0.84,0,0
0.85,0,0
0.86,0,0
0.87,0,0
0.88,0,0
0.89,0,0
0.9,0,0
0.91,0,0
0.92,0,0
0.93,0,0
0.94,0,0
0.95,0,0
0.96,0,0
0.97,0,0
0.98,0,0
0.99,0,0
1,0,0
1.01,0,0
1.02,0.01,0
1.03,0.02,0
1.04,0.03,0
1.05,0.04,0
1.06,0.05,0
1.07,0.06,0
1.08,0.07,0
1.09,0.08,0
1.1,0.09,0
1.11,0.1,0
1.12,0.11,0
1.13,0.12,0
1.14,0.13,0
1.15,0.14,0
1.16,0.15,0
1.17,0.16,0
1.18,0.17,0
1.19,0.18,0
1.2,0.19,0
1.21,0.2,0
1.22,0.21,0
1.23,0.22,0
1.24,0.23,0
1.25,0.24,0
1.26,0.25,0
1.27,0.26,0
1.28,0.27,0
1.29,0.28,0
1.3,0.29,0
1.31,0.3,0
1.32,0.31,0
1.33,0.32,0
1.34,0.33,0
1.35,0.34,0
1.36,0.35,0
1.37,0.36,0
1.38,0.37,0
1.39,0.38,0
1.4,0.39,0
1.41,0.4,0
1.42,0.41,0
1.43,0.42,0
1.44,0.43,0
1.45,0.44,0
1.46,0.45,0
1.47,0.46,0
1.48,0.47,0
1.49,0.48,0
1.5,0.49,0
1.51,0.5,0
1.52,0.51,0
1.53,0.52,0
1.54,0.53,0
1.55,0.54,0
1.56,0.55,0
1.57,0.56,0
1.58,0.57,0
1.59,0.58,0
1.6,0.59,0
1.61,0.6,0
1.62,0.61,0
1.63,0.62,0
1.64,0.63,0
1.65,0.64,0
1.66,0.65,0
1.67,0.66,0
1.68,0.67,0
1.69,0.68,0
1.7,0.69,0
1.71,0.7,0
1.72,0.71,0
1.73,0.72,0
1.74,0.73,0
1.75,0.74,0
1.76,0.75,0
1.77,0.76,0
1.78,0.77,0
1.79,0.78,0
1.8,0.79,0
1.81,0.8,0
1.82,0.81,0
1.83,0.82,0
1.84,0.83,0
1.85,0.84,0
1.86,0.85,0
1.87,0.86,0
1.88,0.87,0
1.89,0.88,0
1.9,0.89,0
1.91,0.9,0
1.92,0.91,0
1.93,0.92,0
1.94,0.93,0
1.95,0.94,0
1.96,0.95,0
1.97,0.96,0
1.98,0.97,0
1.99,0.98,0
2,0.99,0
2.01,1,0
2.02,1.01,0
2.03,1.02,0
2.04,1.03,0
2.05,1.04,0
2.06,1.05,0
2.07,1.06,0
2.08,1.07,0
2.09,1.08,0
2.1,1.09,0
2.11,1.1,0
2.12,1.11,0
2.13,1.12,0
2.14,1.13,0
2.15,1.14,0
2.16,1.15,0
2.17,1.16,0
2.18,1.17,0
2.19,1.18,0
2.2,1.19,0
2.21,1.2,0
2.22,1.21,0
2.23,1.22,0
2.24,1.23,0
2.25,1.24,0
2.26,1.25,0
2.27,1.26,0
2.28,1.27,0
2.29,1.28,0
2.3,1.29,0
2.31,1.3,0
2.32,1.31,0
2.33,1.32,0
2.34,1.33,0
2.35,1.34,0
2.36,1.35,0
2.37,1.36,0
2.38,1.37,0
2.39,1.38,0
2.4,1.39,0
2.41,1.4,0
2.42,1.41,0
2.43,1.42,0
2.44,1.43,0
2.45,1.44,0
2.46,1.45,0
2.47,1.46,0
2.48,1.47,0
2.49,1.48,0
2.5,1.49,0
2.51,1.5,0
2.52,1.51,0
2.53,1.52,0
2.54,1.53,0
2.55,1.54,0
2.56,1.55,0
2.57,1.56,0
2.58,1.57,0
2.59,1.58,0
2.6,1.59,0
2.61,1.6,0
2.62,1.61,0
2.63,1.62,0
2.64,1.63,0
2.65,1.64,0
2.66,1.65,0
2.67,1.66,0
2.68,1.67,0
2.69,1.68,0
2.7,1.69,0
2.71,1.7,0
2.72,1.71,0
2.73,1.72,0
2.74,1.73,0
2.75,1.74,0
2.76,1.75,0
2.77,1.76,0
2.78,1.77,0
2.79,1.78,0
2.8,1.79,0
2.81,1.8,0
2.82,1.81,0
2.83,1.82,0
2.84,1.83,0
2.85,1.84,0
2.86,1.85,0
2.87,1.86,0
2.88,1.87,0
2.89,1.88,0
2.9,1.89,0
2.91,1.9,0
2.92,1.91,0
2.93,1.92,0
2.94,1.93,0
2.95,1.94,0
2.96,1.95,0
2.97,1.96,0
2.98,1.97,0
2.99,1.98,0
3,1.99,0
3.01,2,0
3.02,2.01,0
3.03,2.02,0
3.04,2.03,0
3.05,2.04,0
3.06,2.05,0
3.07,2.06,0
3.08,2.07,0
3.09,2.08,0
3.1,2.09,0
3.11,2.1,0
3.12,2.11,0
3.13,2.12,0
3.14,2.13,0
3.15,2.14,0
3.16,2.15,0
3.17,2.16,0
3.18,2.17,0
3.19,2.18,0
3.2,2.19,0
3.21,2.2,0
3.22,2.21,0
3.23,2.22,0
3.24,2.23,0
3.25,2.24,0
3.26,2.25,0
3.27,2.26,0
3.28,2.27,0
3.29,2.28,0
3.3,2.29,0
3.31,2.3,0
3.32,2.31,0
3.33,2.32,0
3.34,2.33,0
3.35,2.34,0
3.36,2.35,0
3.37,2.36,0
3.38,2.37,0
3.39,2.38,0
3.4,2.39,0
3.41,2.4,0
3.42,2.41,0
3.43,2.42,0
3.44,2.43,0
3.45,2.44,0
3.46,2.45,0
3.47,2.46,0
3.48,2.47,0
3.49,2.48,0
3.5,2.49,0
3.51,2.5,0
3.52,2.51,0
3.53,2.52,0
3.54,2.53,0
3.55,2.54,0
3.56,2.55,0
3.57,2.56,0
3.58,2.57,0
3.59,2.58,0
3.6,2.59,0
3.61,2.6,0
3.62,2.61,0
3.63,2.62,0
3.64,2.63,0
3.65,2.64,0
3.66,2.65,0
3.67,2.66,0
3.68,2.67,0
3.69,2.68,0
3.7,2.69,0
3.71,2.7,0
3.72,2.71,0
3.73,2.72,0
3.74,2.73,0
3.75,2.74,0
3.76,2.75,0
3.77,2.76,0
3.78,2.77,0
3.79,2.78,0
3.8,2.79,0
3.81,2.8,0
3.82,2.81,0
3.83,2.82,0
3.84,2.83,0
3.85,2.84,0
3.86,2.85,0
3.87,2.86,0
3.88,2.87,0
3.89,2.88,0
3.9,2.89,0
3.91,2.9,0
3.92,2.91,0
3.93,2.92,0
3.94,2.93,0
3.95,2.94,0
3.96,2.95,0
3.97,2.96,0
3.98,2.97,0
3.99,2.98,0
4,2.99,0
4.01,3,0
4.02,3.01,0
4.03,3.02,0
4.04,3.03,0
4.05,3.04,0
4.06,3.05,0
4.07,3.06,0
4.08,3.07,0
4.09,3.08,0
4.1,3.09,0
4.11,3.1,0
4.12,3.11,0
4.13,3.12,0
4.14,3.13,0
4.15,3.14,0
4.16,3.15,0
4.17,3.16,0
4.18,3.17,0
4.19,3.18,0
4.2,3.19,0
4.21,3.2,0
4.22,3.21,0
4.23,3.22,0
4.24,3.23,0
4.25,3.24,0
4.26,3.25,0
4.27,3.26,0
4.28,3.27,0
4.29,3.28,0
4.3,3.29,0
4.31,3.3,0
4.32,3.31,0
4.33,3.32,0
4.34,3.33,0
4.35,3.34,0
4.36,3.35,0
4.37,3.36,0
4.38,3.37,0
4.39,3.38,0
4.4,3.39,0
4.41,3.4,0
4.42,3.41,0
4.43,3.42,0
4.44,3.43,0
4.45,3.44,0
4.46,3.45,0
4.47,3.46,0
4.48,3.47,0
4.49,3.48,0
4.5,3.49,0
4.51,3.5,0
4.52,3.51,0
4.53,3.52,0
4.54,3.53,0
4.55,3.54,0
4.56,3.55,0
4.57,3.56,0
4.58,3.57,0
4.59,3.58,0
4.6,3.59,0
4.61,3.6,0
4.62,3.61,0
4.63,3.62,0
4.64,3.63,0
4.65,3.64,0
4.66,3.65,0
4.67,3.66,0
4.68,3.67,0
4.69,3.68,0
4.7,3.69,0
4.71,3.7,0
4.72,3.71,0
4.73,3.72,0
4.74,3.73,0
4.75,3.74,0
4.76,3.75,0
4.77,3.76,0
4.78,3.77,0
4.79,3.78,0
4.8,3.79,0
4.81,3.8,0
4.82,3.81,0
4.83,3.82,0
4.84,3.83,0
4.85,3.84,0
4.86,3.85,0
4.87,3.86,0
4.88,3.87,0
4.89,3.88,0
4.9,3.89,0
4.91,3.9,0
4.92,3.91,0
4.93,3.92,0
4.94,3.93,0
4.95,3.94,0
4.96,3.95,0
4.97,3.96,0
4.98,3.97,0
4.99,3.98,0
5,3.99,0
5.01,4,0
5.02,4.01,0
5.03,4.02,0
5.04,4.03,0
5.05,4.04,0
5.06,4.05,0
5.07,4.06,0
5.08,4.07,0
5.09,4.08,0
5.1,4.09,0
5.11,4.1,0
5.12,4.11,0
5.13,4.12,0
5.14,4.13,0
5.15,4.14,0
5.16,4.15,0
5.17,4.16,0
5.18,4.17,0
5.19,4.18,0
5.2,4.19,0
5.21,4.2,0
5.22,4.21,0
5.23,4.22,0
5.24,4.23,0
5.25,4.24,0
5.26,4.25,0
5.27,4.26,0
5.28,4.27,0
5.29,4.28,0
5.3,4.29,0
5.31,4.3,0
5.32,4.31,0
5.33,4.32,0
5.34,4.33,0
5.35,4.34,0
5.36,4.35,0
5.37,4.36,0
5.38,4.37,0
5.39,4.38,0
5.4,4.39,0
5.41,4.4,0
5.42,4.41,0
5.43,4.42,0
5.44,4.43,0
5.45,4.44,0
5.46,4.45,0
5.47,4.46,0
5.48,4.47,0
5.49,4.48,0
5.5,4.49,0
5.51,4.5,0
5.52,4.51,0
5.53,4.52,0
5.54,4.53,0
5.55,4.54,0
5.56,4.55,0
5.57,4.56,0
5.58,4.57,0
5.59,4.58,0
5.6,4.59,0
5.61,4.6,0
5.62,4.61,0
5.63,4.62,0
5.64,4.63,0
5.65,4.64,0
5.66,4.65,0
5.67,4.66,0
5.68,4.67,0
5.69,4.68,0
5.7,4.69,0
5.71,4.7,0
5.72,4.71,0
5.73,4.72,0
5.74,4.73,0
5.75,4.74,0
5.76,4.75,0
5.77,4.76,0
5.78,4.77,0
5.79,4.78,0
5.8,4.79,0
5.81,4.8,0
5.82,4.81,0
5.83,4.82,0
5.84,4.83,0
5.85,4.84,0
5.86,4.85,0
5.87,4.86,0
5.88,4.87,0
5.89,4.88,0
5.9,4.89,0
5.91,4.9,0
5.92,4.91,0
5.93,4.92,0
5.94,4.93,0
5.95,4.94,0
5.96,4.95,0
5.97,4.96,0
5.98,4.97,0
5.99,4.98,0
6,4.99,0
6.01,5,0
6.02,5.01,0
6.03,5.02,0
6.04,5.03,0
6.05,5.04,0
6.06,5.05,0
6.07,5.06,0
6.08,5.07,0
6.09,5.08,0
6.1,5.09,0
6.11,5.1,0
6.12,5.11,0
6.13,5.12,0
6.14,5.13,0
6.15,5.14,0
6.16,5.15,0
6.17,5.16,0
6.18,5.17,0
6.19,5.18,0
6.2,5.19,0
6.21,5.2,0
6.22,5.21,0
6.23,5.22,0
6.24,5.23,0
6.25,5.24,0
6.26,5.25,0
6.27,5.26,0
6.28,5.27,0
6.29,5.28,0
6.3,5.29,0
6.31,5.3,0
6.32,5.31,0
6.33,5.32,0
6.34,5.33,0
6.35,5.34,0
6.36,5.35,0
6.37,5.36,0
6.38,5.37,0
6.39,5.38,0
6.4,5.39,0
6.41,5.4,0
6.42,5.41,0
6.43,5.42,0
6.44,5.43,0
6.45,5.44,0
6.46,5.45,0
6.47,5.46,0
6.48,5.47,0
6.49,5.48,0
6.5,5.49,0
6.51,5.5,0
6.52,5.51,0
6.53,5.52,0
6.54,5.53,0
6.55,5.54,0
6.56,5.55,0
6.57,5.56,0
6.58,5.57,0
6.59,5.58,0
6.6,5.59,0
6.61,5.6,0
6.62,5.61,0
6.63,5.62,0
6.64,5.63,0
6.65,5.64,0
6.66,5.65,0
6.67,5.66,0
6.68,5.67,0
6.69,5.68,0
6.7,5.69,0
6.71,5.7,0
6.72,5.71,0
6.73,5.72,0
6.74,5.73,0
6.75,5.74,0
6.76,5.75,0
6.77,5.76,0
6.78,5.77,0
6.79,5.78,0
6.8,5.79,0
6.81,5.8,0
6.82,5.81,0
6.83,5.82,0
6.84,5.83,0
6.85,5.84,0
6.86,5.85,0
6.87,5.86,0
6.88,5.87,0
6.89,5.88,0
6.9,5.89,0
6.91,5.9,0
6.92,5.91,0
6.93,5.92,0
6.94,5.93,0
6.95,5.94,0
6.96,5.95,0
6.97,5.96,0
6.98,5.97,0
6.99,5.98,0
7,5.99,0
7.01,6,0
7.02,6.01,0
7.03,6.02,0
7.04,6.03,0
7.05,6.04,0
7.06,6.05,0
7.07,6.06,0
7.08,6.07,0
7.09,6.08,0
7.1,6.09,0
7.11,6.1,0
7.12,6.11,0
7.13,6.12,0
7.14,6.13,0
7.15,6.14,0
7.16,6.15,0
7.17,6.16,0
7.18,6.17,0
7.19,6.18,0
7.2,6.19,0
7.21,6.2,0
7.22,6.21,0
7.23,6.22,0
7.24,6.23,0
7.25,6.24,0
7.26,6.25,0
7.27,6.26,0
7.28,6.27,0
7.29,6.28,0
7.3,6.29,0
7.31,6.3,0
7.32,6.31,0
7.33,6.32,0
7.34,6.33,0
7.35,6.34,0
7.36,6.35,0
7.37,6.36,0
7.38,6.37,0
7.39,6.38,0
7.4,6.39,0
7.41,6.4,0
7.42,6.41,0
7.43,6.42,0
7.44,6.43,0
7.45,6.44,0
7.46,6.45,0
7.47,6.46,0
7.48,6.47,0
7.49,6.48,0
7.5,6.49,0
7.51,6.5,0
7.52,6.51,0
7.53,6.52,0
7.54,6.53,0
7.55,6.54,0
7.56,6.55,0
7.57,6.56,0
7.58,6.57,0
7.59,6.58,0
7.6,6.59,0
7.61,6.6,0
7.62,6.61,0
7.63,6.62,0
7.64,6.63,0
7.65,6.64,0
7.66,6.65,0
7.67,6.66,0
7.68,6.67,0
7.69,6.68,0
7.7,6.69,0
7.71,6.7,0
7.72,6.71,0
7.73,6.72,0
7.74,6.73,0
7.75,6.74,0
7.76,6.75,0
7.77,6.76,0
7.78,6.77,0
7.79,6.78,0
7.8,6.79,0
7.81,6.8,0
7.82,6.81,0
7.83,6.82,0
7.84,6.83,0
7.85,6.84,0
7.86,6.85,0
7.87,6.86,0
7.88,6.87,0
7.89,6.88,0
7.9,6.89,0
7.91,6.9,0
7.92,6.91,0
7.93,6.92,0
7.94,6.93,0
7.95,6.94,0
7.96,6.95,0
7.97,6.96,0
7.98,6.97,0
7.99,6.98,0
8,6.99,0
8.01,7,0
8.02,7.01,0
8.03,7.02,0
8.04,7.03,0
8.05,7.04,0
8.06,7.05,0
8.07,7.06,0
8.08,7.07,0
8.09,7.08,0
8.1,7.09,0
8.11,7.1,0
8.12,7.11,0
8.13,7.12,0
8.14,7.13,0
8.15,7.14,0
8.16,7.15,0
8.17,7.16,0
8.18,7.17,0
8.19,7.18,0
8.2,7.19,0
8.21,7.2,0
8.22,7.21,0
8.23,7.22,0
8.24,7.23,0
8.25,7.24,0
8.26,7.25,0
8.27,7.26,0
8.28,7.27,0
8.29,7.28,0
8.3,7.29,0
8.31,7.3,0
8.32,7.31,0
8.33,7.32,0
8.34,7.33,0
8.35,7.34,0
8.36,7.35,0
8.37,7.36,0
8.38,7.37,0
8.39,7.38,0
8.4,7.39,0
8.41,7.4,0
8.42,7.41,0
8.43,7.42,0
8.44,7.43,0
8.45,7.44,0
8.46,7.45,0
8.47,7.46,0
8.48,7.47,0
8.49,7.48,0
8.5,7.49,0
8.51,7.5,0
8.52,7.51,0
8.53,7.52,0
8.54,7.53,0
8.55,7.54,0
8.56,7.55,0
8.57,7.56,0
8.58,7.57,0
8.59,7.58,0
8.6,7.59,0
8.61,7.6,0
8.62,7.61,0
8.63,7.62,0
8.64,7.63,0
8.65,7.64,0
8.66,7.65,0
8.67,7.66,0
8.68,7.67,0
8.69,7.68,0
8.7,7.69,0
8.71,7.7,0
8.72,7.71,0
8.73,7.72,0
8.74,7.73,0
8.75,7.74,0
8.76,7.75,0
8.77,7.76,0
8.78,7.77,0
8.79,7.78,0
8.8,7.79,0
8.81,7.8,0
8.82,7.81,0
8.83,7.82,0
8.84,7.83,0
8.85,7.84,0
8.86,7.85,0
8.87,7.86,0
8.88,7.87,0
8.89,7.88,0
8.9,7.89,0
8.91,7.9,0
8.92,7.91,0
8.93,7.92,0
8.94,7.93,0
8.95,7.94,0
8.96,7.95,0
8.97,7.96,0
8.98,7.97,0
8.99,7.98,0
9,7.99,0
9.01,8,0
9.02,8.01,0
9.03,8.02,0
9.04,8.03,0
9.05,8.04,0
9.06,8.05,0
9.07,8.06,0
9.08,8.07,0
9.09,8.08,0
9.1,8.09,0
9.11,8.1,0
9.12,8.11,0
9.13,8.12,0
9.14,8.13,0
9.15,8.14,0
9.16,8.15,0
9.17,8.16,0
9.18,8.17,0
9.19,8.18,0
9.2,8.19,0
9.21,8.2,0
9.22,8.21,0
9.23,8.22,0
9.24,8.23,0
9.25,8.24,0
9.26,8.25,0
9.27,8.26,0
9.28,8.27,0
9.29,8.28,0
9.3,8.29,0
9.31,8.3,0
9.32,8.31,0
9.33,8.32,0
9.34,8.33,0
9.35,8.34,0
9.36,8.35,0
9.37,8.36,0
9.38,8.37,0
9.39,8.38,0
9.4,8.39,0
9.41,8.4,0
9.42,8.41,0
9.43,8.42,0
9.44,8.43,0
9.45,8.44,0
9.46,8.45,0
9.47,8.46,0
9.48,8.47,0
9.49,8.48,0
9.5,8.49,0
9.51,8.5,0
9.52,8.51,0
9.53,8.52,0
9.54,8.53,0
9.55,8.54,0
9.56,8.55,0
9.57,8.56,0
9.58,8.57,0
9.59,8.58,0
9.6,8.59,0
9.61,8.6,0
9.62,8.61,0
9.63,8.62,0
9.64,8.63,0
9.65,8.64,0
9.66,8.65,0
9.67,8.66,0
9.68,8.67,0
9.69,8.68,0
9.7,8.69,0
9.71,8.7,0
9.72,8.71,0
9.73,8.72,0
9.74,8.73,0
9.75,8.74,0
9.76,8.75,0
9.77,8.76,0
9.78,8.77,0
9.79,8.78,0
9.8,8.79,0
9.81,8.8,0
9.82,8.81,0
9.83,8.82,0
9.84,8.83,0
9.85,8.84,0
9.86,8.85,0
9.87,8.86,0
9.88,8.87,0
9.89,8.88,0
9.9,8.89,0
9.91,8.9,0
9.92,8.91,0
9.93,8.92,0
9.94,8.93,0
9.95,8.94,0
9.96,8.95,0
9.97,8.96,0
9.98,8.97,0
9.99,8.98,0
10,8.99,0
