time,Setpoint__20C_,Room_Temp,Thermostat
0,20,0,-1
0.1,20,-0.1,1
0.2,20,0.051,1
0.3,20,0.150073,1
0.4,20,0.248827,1
0.5,20,0.346586,1
0.6,20,0.443365,1
0.7,20,0.539173,1
0.8,20,0.634021,1
0.9,20,0.727919,1
1,20,0.820874,1
1.1,20,0.912898,1
1.2,20,1.004,1
1.3,20,1.09419,1
1.4,20,1.18347,1
1.5,20,1.27186,1
1.6,20,1.35936,1
1.7,20,1.44599,1
1.8,20,1.53174,1
1.9,20,1.61664,1
2,20,1.70069,1
2.1,20,1.78389,1
2.2,20,1.86626,1
2.3,20,1.9478,1
2.4,20,2.02853,1
2.5,20,2.10845,1
2.6,20,2.18756,1
2.7,20,2.26588,1
2.8,20,2.34342,1
2.9,20,2.42018,1
3,20,2.49617,1
3.1,20,2.5714,1
3.2,20,2.64587,1
3.3,20,2.7196,1
3.4,20,2.79259,1
3.5,20,2.86485,1
3.6,20,2.93638,1
3.7,20,3.00719,1
3.8,20,3.0773,1
3.9,20,3.1467,1
4,20,3.21541,1
4.1,20,3.28343,1
4.2,20,3.35076,1
4.3,20,3.41742,1
4.4,20,3.48342,1
4.5,20,3.54875,1
4.6,20,3.61342,1
4.7,20,3.67745,1
4.8,20,3.74084,1
4.9,20,3.80359,1
5,20,3.86571,1
5.1,20,3.92721,1
5.2,20,3.98809,1
5.3,20,4.04836,1
5.4,20,4.10803,1
5.5,20,4.1671,1
5.6,20,4.22557,1
5.7,20,4.28346,1
5.8,20,4.34077,1
5.9,20,4.39751,1
6,20,4.45368,1
6.1,20,4.50928,1
6.2,20,4.56433,1
6.3,20,4.61882,1
6.4,20,4.67277,1
6.5,20,4.72618,1
6.6,20,4.77905,1
6.7,20,4.83139,1
6.8,20,4.88321,1
6.9,20,4.9345,1
7,20,4.98529,1
7.1,20,5.03556,1
7.2,20,5.08533,1
7.3,20,5.1346,1
7.4,20,5.18338,1
7.5,20,5.23167,1
7.6,20,5.27947,1
7.7,20,5.3268,1
7.8,20,5.37365,1
7.9,20,5.42003,1
8,20,5.46594,1
8.1,20,5.5114,1
8.2,20,5.5564,1
8.3,20,5.60095,1
8.4,20,5.64505,1
8.5,20,5.68871,1
8.6,20,5.73193,1
8.7,20,5.77472,1
8.8,20,5.81708,1
8.9,20,5.85902,1
9,20,5.90053,1
9.1,20,5.94163,1
9.2,20,5.98232,1
9.3,20,6.02259,1
9.4,20,6.06247,1
9.5,20,6.10194,1
9.6,20,6.14102,1
9.7,20,6.17971,1
9.8,20,6.21801,1
9.9,20,6.25593,1
10,20,6.29346,1
10.1,20,6.33062,1
10.2,20,6.36741,1
10.3,20,6.40383,1
10.4,20,6.43988,1
10.5,20,6.47557,1
10.6,20,6.5109,1
10.7,20,6.54588,1
10.8,20,6.58051,1
10.9,20,6.61479,1
11,20,6.64873,1
11.1,20,6.68233,1
11.2,20,6.71559,1
11.3,20,6.74852,1
11.4,20,6.78111,1
11.5,20,6.81338,1
11.6,20,6.84533,1
11.7,20,6.87696,1
11.8,20,6.90827,1
11.9,20,6.93926,1
12,20,6.96995,1
12.1,20,7.00033,1
12.2,20,7.0304,1
12.3,20,7.06017,1
12.4,20,7.08964,1
12.5,20,7.11882,1
12.6,20,7.1477,1
12.7,20,7.1763,1
12.8,20,7.20461,1
12.9,20,7.23263,1
13,20,7.26038,1
13.1,20,7.28784,1
13.2,20,7.31503,1
13.3,20,7.34195,1
13.4,20,7.3686,1
13.5,20,7.39498,1
13.6,20,7.4211,1
13.7,20,7.44695,1
13.8,20,7.47254,1
13.9,20,7.49788,1
14,20,7.52297,1
14.1,20,7.5478,1
14.2,20,7.57239,1
14.3,20,7.59672,1
14.4,20,7.62082,1
14.5,20,7.64467,1
14.6,20,7.66828,1
14.7,20,7.69166,1
14.8,20,7.7148,1
14.9,20,7.73771,1
15,20,7.76039,1
15.1,20,7.78284,1
15.2,20,7.80507,1
15.3,20,7.82708,1
15.4,20,7.84886,1
15.5,20,7.87043,1
15.6,20,7.89178,1
15.7,20,7.91291,1
15.8,20,7.93383,1
15.9,20,7.95455,1
16,20,7.97506,1
16.1,20,7.99536,1
16.2,20,8.01545,1
16.3,20,8.03535,1
16.4,20,8.05505,1
16.5,20,8.07454,1
16.6,20,8.09385,1
16.7,20,8.11296,1
16.8,20,8.13188,1
16.9,20,8.1506,1
17,20,8.16914,1
17.1,20,8.1875,1
17.2,20,8.20567,1
17.3,20,8.22366,1
17.4,20,8.24147,1
17.5,20,8.2591,1
17.6,20,8.27655,1
17.7,20,8.29383,1
17.8,20,8.31093,1
17.9,20,8.32787,1
18,20,8.34463,1
18.1,20,8.36123,1
18.2,20,8.37766,1
18.3,20,8.39392,1
18.4,20,8.41002,1
18.5,20,8.42596,1
18.6,20,8.44174,1
18.7,20,8.45736,1
18.8,20,8.47283,1
18.9,20,8.48814,1
19,20,8.5033,1
19.1,20,8.5183,1
19.2,20,8.53316,1
19.3,20,8.54786,1
19.4,20,8.56242,1
19.5,20,8.57683,1
19.6,20,8.5911,1
19.7,20,8.60523,1
19.8,20,8.61921,1
19.9,20,8.63305,1
20,20,8.64676,1
20.1,20,8.66032,1
20.2,20,8.67375,1
20.3,20,8.68705,1
20.4,20,8.70021,1
20.5,20,8.71324,1
20.6,20,8.72614,1
20.7,20,8.73891,1
20.8,20,8.75156,1
20.9,20,8.76407,1
21,20,8.77646,1
21.1,20,8.78873,1
21.2,20,8.80087,1
21.3,20,8.81289,1
21.4,20,8.8248,1
21.5,20,8.83658,1
21.6,20,8.84824,1
21.7,20,8.85979,1
21.8,20,8.87122,1
21.9,20,8.88254,1
22,20,8.89374,1
22.1,20,8.90483,1
22.2,20,8.91581,1
22.3,20,8.92668,1
22.4,20,8.93744,1
22.5,20,8.94809,1
22.6,20,8.95864,1
22.7,20,8.96908,1
22.8,20,8.97941,1
22.9,20,8.98964,1
23,20,8.99977,1
23.1,20,9.0098,1
23.2,20,9.01973,1
23.3,20,9.02955,1
23.4,20,9.03928,1
23.5,20,9.04892,1
23.6,20,9.05845,1
23.7,20,9.06789,1
23.8,20,9.07723,1
23.9,20,9.08649,1
24,20,9.09564,1
24.1,20,9.10471,1
24.2,20,9.11369,1
24.3,20,9.12257,1
24.4,20,9.13137,1
24.5,20,9.14008,1
24.6,20,9.1487,1
24.7,20,9.15723,1
24.8,20,9.16568,1
24.9,20,9.17405,1
25,20,9.18233,1
25.1,20,9.19052,1
25.2,20,9.19864,1
25.3,20,9.20667,1
25.4,20,9.21463,1
25.5,20,9.2225,1
25.6,20,9.23029,1
25.7,20,9.23801,1
25.8,20,9.24565,1
25.9,20,9.25321,1
26,20,9.2607,1
26.1,20,9.26811,1
26.2,20,9.27545,1
26.3,20,9.28271,1
26.4,20,9.2899,1
26.5,20,9.29702,1
26.6,20,9.30407,1
26.7,20,9.31105,1
26.8,20,9.31795,1
26.9,20,9.32479,1
27,20,9.33156,1
27.1,20,9.33826,1
27.2,20,9.3449,1
27.3,20,9.35146,1
27.4,20,9.35797,1
27.5,20,9.3644,1
27.6,20,9.37077,1
27.7,20,9.37708,1
27.8,20,9.38333,1
27.9,20,9.38951,1
28,20,9.39563,1
28.1,20,9.40169,1
28.2,20,9.40769,1
28.3,20,9.41363,1
28.4,20,9.4195,1
28.5,20,9.42532,1
28.6,20,9.43109,1
28.7,20,9.43679,1
28.8,20,9.44244,1
28.9,20,9.44803,1
29,20,9.45356,1
29.1,20,9.45904,1
29.2,20,9.46446,1
29.3,20,9.46983,1
29.4,20,9.47514,1
29.5,20,9.48041,1
29.6,20,9.48562,1
29.7,20,9.49077,1
29.8,20,9.49588,1
29.9,20,9.50093,1
30,20,9.50593,1
30.1,20,9.51089,1
30.2,20,9.51579,1
30.3,20,9.52065,1
30.4,20,9.52545,1
30.5,20,9.53021,1
30.6,20,9.53492,1
30.7,20,9.53958,1
30.8,20,9.5442,1
30.9,20,9.54877,1
31,20,9.55329,1
31.1,20,9.55777,1
31.2,20,9.5622,1
31.3,20,9.56659,1
31.4,20,9.57094,1
31.5,20,9.57524,1
31.6,20,9.5795,1
31.7,20,9.58371,1
31.8,20,9.58789,1
31.9,20,9.59202,1
32,20,9.59611,1
32.1,20,9.60016,1
32.2,20,9.60417,1
32.3,20,9.60813,1
32.4,20,9.61206,1
32.5,20,9.61595,1
32.6,20,9.6198,1
32.7,20,9.62361,1
32.8,20,9.62739,1
32.9,20,9.63112,1
33,20,9.63482,1
33.1,20,9.63848,1
33.2,20,9.64211,1
33.3,20,9.64569,1
33.4,20,9.64925,1
33.5,20,9.65276,1
33.6,20,9.65624,1
33.7,20,9.65969,1
33.8,20,9.6631,1
33.9,20,9.66648,1
34,20,9.66982,1
34.1,20,9.67313,1
34.2,20,9.67641,1
34.3,20,9.67965,1
34.4,20,9.68287,1
34.5,20,9.68604,1
34.6,20,9.68919,1
34.7,20,9.69231,1
34.8,20,9.69539,1
34.9,20,9.69845,1
35,20,9.70147,1
35.1,20,9.70446,1
35.2,20,9.70743,1
35.3,20,9.71036,1
35.4,20,9.71326,1
35.5,20,9.71614,1
35.6,20,9.71898,1
35.7,20,9.7218,1
35.8,20,9.72459,1
35.9,20,9.72735,1
36,20,9.73008,1
36.1,20,9.73279,1
36.2,20,9.73547,1
36.3,20,9.73812,1
36.4,20,9.74075,1
36.5,20,9.74335,1
36.6,20,9.74592,1
36.7,20,9.74847,1
36.8,20,9.75099,1
36.9,20,9.75348,1
37,20,9.75596,1
37.1,20,9.7584,1
37.2,20,9.76082,1
37.3,20,9.76322,1
37.4,20,9.7656,1
37.5,20,9.76795,1
37.6,20,9.77027,1
37.7,20,9.77257,1
37.8,20,9.77485,1
37.9,20,9.77711,1
38,20,9.77935,1
38.1,20,9.78156,1
38.2,20,9.78375,1
38.3,20,9.78592,1
38.4,20,9.78806,1
38.5,20,9.79019,1
38.6,20,9.79229,1
38.7,20,9.79437,1
38.8,20,9.79643,1
38.9,20,9.79848,1
39,20,9.8005,1
39.1,20,9.8025,1
39.2,20,9.80448,1
39.3,20,9.80644,1
39.4,20,9.80838,1
39.5,20,9.8103,1
39.6,20,9.8122,1
39.7,20,9.81408,1
39.8,20,9.81595,1
39.9,20,9.81779,1
40,20,9.81962,1
40.1,20,9.82143,1
40.2,20,9.82322,1
40.3,20,9.82499,1
40.4,20,9.82674,1
40.5,20,9.82848,1
40.6,20,9.8302,1
40.7,20,9.8319,1
40.8,20,9.83359,1
40.9,20,9.83526,1
41,20,9.83691,1
41.1,20,9.83854,1
41.2,20,9.84016,1
41.3,20,9.84176,1
41.4,20,9.84335,1
41.5,20,9.84492,1
41.6,20,9.84648,1
41.7,20,9.84801,1
41.8,20,9.84954,1
41.9,20,9.85105,1
42,20,9.85254,1
42.1,20,9.85402,1
42.2,20,9.85548,1
42.3,20,9.85693,1
42.4,20,9.85837,1
42.5,20,9.85979,1
42.6,20,9.86119,1
42.7,20,9.86258,1
42.8,20,9.86396,1
42.9,20,9.86532,1
43,20,9.86667,1
43.1,20,9.86801,1
43.2,20,9.86933,1
43.3,20,9.87064,1
43.4,20,9.87194,1
43.5,20,9.87322,1
43.6,20,9.8745,1
43.7,20,9.87575,1
43.8,20,9.877,1
43.9,20,9.87823,1
44,20,9.87945,1
44.1,20,9.88066,1
44.2,20,9.88186,1
44.3,20,9.88304,1
44.4,20,9.88422,1
44.5,20,9.88538,1
44.6,20,9.88653,1
44.7,20,9.88766,1
44.8,20,9.88879,1
44.9,20,9.8899,1
45,20,9.89101,1
45.1,20,9.8921,1
45.2,20,9.89318,1
45.3,20,9.89425,1
45.4,20,9.89531,1
45.5,20,9.89636,1
45.6,20,9.8974,1
45.7,20,9.89843,1
45.8,20,9.89945,1
45.9,20,9.90046,1
46,20,9.90145,1
46.1,20,9.90244,1
46.2,20,9.90342,1
46.3,20,9.90439,1
46.4,20,9.90535,1
46.5,20,9.9063,1
46.6,20,9.90724,1
46.7,20,9.90817,1
46.8,20,9.90909,1
46.9,20,9.91,1
47,20,9.9109,1
47.1,20,9.91179,1
47.2,20,9.91268,1
47.3,20,9.91355,1
47.4,20,9.91442,1
47.5,20,9.91528,1
47.6,20,9.91613,1
47.7,20,9.91697,1
47.8,20,9.9178,1
47.9,20,9.91862,1
48,20,9.91944,1
48.1,20,9.92025,1
48.2,20,9.92105,1
48.3,20,9.92184,1
48.4,20,9.92262,1
48.5,20,9.9234,1
48.6,20,9.92417,1
48.7,20,9.92493,1
48.8,20,9.92568,1
48.9,20,9.92642,1
49,20,9.92716,1
49.1,20,9.92789,1
49.2,20,9.92861,1
49.3,20,9.92933,1
49.4,20,9.93004,1
49.5,20,9.93074,1
49.6,20,9.93143,1
49.7,20,9.93212,1
49.8,20,9.9328,1
49.9,20,9.93348,1
50,20,9.93414,1
50.1,20,9.9348,1
50.2,20,9.93546,1
50.3,20,9.9361,1
50.4,20,9.93674,1
50.5,20,9.93738,1
50.6,20,9.93801,1
50.7,20,9.93863,1
50.8,20,9.93924,1
50.9,20,9.93985,1
51,20,9.94046,1
51.1,20,9.94105,1
51.2,20,9.94164,1
51.3,20,9.94223,1
51.4,20,9.94281,1
51.5,20,9.94338,1
51.6,20,9.94395,1
51.7,20,9.94451,1
51.8,20,9.94507,1
51.9,20,9.94562,1
52,20,9.94616,1
52.1,20,9.9467,1
52.2,20,9.94724,1
52.3,20,9.94777,1
52.4,20,9.94829,1
52.5,20,9.94881,1
52.6,20,9.94932,1
52.7,20,9.94983,1
52.8,20,9.95033,1
52.9,20,9.95083,1
53,20,9.95132,1
53.1,20,9.95181,1
53.2,20,9.95229,1
53.3,20,9.95277,1
53.4,20,9.95325,1
53.5,20,9.95371,1
53.6,20,9.95418,1
53.7,20,9.95464,1
53.8,20,9.95509,1
53.9,20,9.95554,1
54,20,9.95599,1
54.1,20,9.95643,1
54.2,20,9.95687,1
54.3,20,9.9573,1
54.4,20,9.95773,1
54.5,20,9.95815,1
54.6,20,9.95857,1
54.7,20,9.95899,1
54.8,20,9.9594,1
54.9,20,9.9598,1
55,20,9.96021,1
55.1,20,9.96061,1
55.2,20,9.961,1
55.3,20,9.96139,1
55.4,20,9.96178,1
55.5,20,9.96216,1
55.6,20,9.96254,1
55.7,20,9.96292,1
55.8,20,9.96329,1
55.9,20,9.96366,1
56,20,9.96402,1
56.1,20,9.96438,1
56.2,20,9.96474,1
56.3,20,9.96509,1
56.4,20,9.96544,1
56.5,20,9.96579,1
56.6,20,9.96613,1
56.7,20,9.96647,1
56.8,20,9.96681,1
56.9,20,9.96714,1
57,20,9.96747,1
57.1,20,9.9678,1
57.2,20,9.96812,1
57.3,20,9.96844,1
57.4,20,9.96875,1
57.5,20,9.96907,1
57.6,20,9.96938,1
57.7,20,9.96969,1
57.8,20,9.96999,1
57.9,20,9.97029,1
58,20,9.97059,1
58.1,20,9.97088,1
58.2,20,9.97117,1
58.3,20,9.97146,1
58.4,20,9.97175,1
58.5,20,9.97203,1
58.6,20,9.97231,1
58.7,20,9.97259,1
58.8,20,9.97287,1
58.9,20,9.97314,1
59,20,9.97341,1
59.1,20,9.97367,1
59.2,20,9.97394,1
59.3,20,9.9742,1
59.4,20,9.97446,1
59.5,20,9.97471,1
59.6,20,9.97497,1
59.7,20,9.97522,1
59.8,20,9.97547,1
59.9,20,9.97571,1
60,20,9.97596,1
60.1,20,9.9762,1
60.2,20,9.97644,1
60.3,20,9.97667,1
60.4,20,9.97691,1
60.5,20,9.97714,1
60.6,20,9.97737,1
60.7,20,9.97759,1
60.8,20,9.97782,1
60.9,20,9.97804,1
61,20,9.97826,1
61.1,20,9.97848,1
61.2,20,9.97869,1
61.3,20,9.97891,1
61.4,20,9.97912,1
61.5,20,9.97933,1
61.6,20,9.97954,1
61.7,20,9.97974,1
61.8,20,9.97994,1
61.9,20,9.98015,1
62,20,9.98034,1
62.1,20,9.98054,1
62.2,20,9.98074,1
62.3,20,9.98093,1
62.4,20,9.98112,1
62.5,20,9.98131,1
62.6,20,9.9815,1
62.7,20,9.98168,1
62.8,20,9.98187,1
62.9,20,9.98205,1
63,20,9.98223,1
63.1,20,9.98241,1
63.2,20,9.98258,1
63.3,20,9.98276,1
63.4,20,9.98293,1
63.5,20,9.9831,1
63.6,20,9.98327,1
63.7,20,9.98344,1
63.8,20,9.9836,1
63.9,20,9.98377,1
64,20,9.98393,1
64.1,20,9.98409,1
64.2,20,9.98425,1
64.3,20,9.98441,1
64.4,20,9.98457,1
64.5,20,9.98472,1
64.6,20,9.98487,1
64.7,20,9.98503,1
64.8,20,9.98518,1
64.9,20,9.98532,1
65,20,9.98547,1
65.1,20,9.98562,1
65.2,20,9.98576,1
65.3,20,9.9859,1
65.4,20,9.98605,1
65.5,20,9.98619,1
65.6,20,9.98632,1
65.7,20,9.98646,1
65.8,20,9.9866,1
65.9,20,9.98673,1
66,20,9.98686,1
66.1,20,9.987,1
66.2,20,9.98713,1
66.3,20,9.98726,1
66.4,20,9.98738,1
66.5,20,9.98751,1
66.6,20,9.98763,1
66.7,20,9.98776,1
66.8,20,9.98788,1
66.9,20,9.988,1
67,20,9.98812,1
67.1,20,9.98824,1
67.2,20,9.98836,1
67.3,20,9.98848,1
67.4,20,9.98859,1
67.5,20,9.98871,1
67.6,20,9.98882,1
67.7,20,9.98893,1
67.8,20,9.98904,1
67.9,20,9.98915,1
68,20,9.98926,1
68.1,20,9.98937,1
68.2,20,9.98948,1
68.3,20,9.98958,1
68.4,20,9.98969,1
68.5,20,9.98979,1
68.6,20,9.98989,1
68.7,20,9.98999,1
68.8,20,9.99009,1
68.9,20,9.99019,1
69,20,9.99029,1
69.1,20,9.99039,1
69.2,20,9.99048,1
69.3,20,9.99058,1
69.4,20,9.99067,1
69.5,20,9.99077,1
69.6,20,9.99086,1
69.7,20,9.99095,1
69.8,20,9.99104,1
69.9,20,9.99113,1
70,20,9.99122,1
70.1,20,9.99131,1
70.2,20,9.9914,1
70.3,20,9.99148,1
70.4,20,9.99157,1
70.5,20,9.99165,1
70.6,20,9.99174,1
70.7,20,9.99182,1
70.8,20,9.9919,1
70.9,20,9.99198,1
71,20,9.99206,1
71.1,20,9.99214,1
71.2,20,9.99222,1
71.3,20,9.9923,1
71.4,20,9.99238,1
71.5,20,9.99245,1
71.6,20,9.99253,1
71.7,20,9.9926,1
71.8,20,9.99268,1
71.9,20,9.99275,1
72,20,9.99282,1
72.1,20,9.9929,1
72.2,20,9.99297,1
72.3,20,9.99304,1
72.4,20,9.99311,1
72.5,20,9.99318,1
72.6,20,9.99324,1
72.7,20,9.99331,1
72.8,20,9.99338,1
72.9,20,9.99345,1
73,20,9.99351,1
73.1,20,9.99358,1
73.2,20,9.99364,1
73.3,20,9.9937,1
73.4,20,9.99377,1
73.5,20,9.99383,1
73.6,20,9.99389,1
73.7,20,9.99395,1
73.8,20,9.99401,1
73.9,20,9.99407,1
74,20,9.99413,1
74.1,20,9.99419,1
74.2,20,9.99425,1
74.3,20,9.99431,1
74.4,20,9.99437,1
74.5,20,9.99442,1
74.6,20,9.99448,1
74.7,20,9.99453,1
74.8,20,9.99459,1
74.9,20,9.99464,1
75,20,9.9947,1
75.1,20,9.99475,1
75.2,20,9.9948,1
75.3,20,9.99485,1
75.4,20,9.99491,1
75.5,20,9.99496,1
75.6,20,9.99501,1
75.7,20,9.99506,1
75.8,20,9.99511,1
75.9,20,9.99516,1
76,20,9.9952,1
76.1,20,9.99525,1
76.2,20,9.9953,1
76.3,20,9.99535,1
76.4,20,9.99539,1
76.5,20,9.99544,1
76.6,20,9.99549,1
76.7,20,9.99553,1
76.8,20,9.99558,1
76.9,20,9.99562,1
77,20,9.99566,1
77.1,20,9.99571,1
77.2,20,9.99575,1
77.3,20,9.99579,1
77.4,20,9.99584,1
77.5,20,9.99588,1
77.6,20,9.99592,1
77.7,20,9.99596,1
77.8,20,9.996,1
77.9,20,9.99604,1
78,20,9.99608,1
78.1,20,9.99612,1
78.2,20,9.99616,1
78.3,20,9.9962,1
78.4,20,9.99623,1
78.5,20,9.99627,1
78.6,20,9.99631,1
78.7,20,9.99635,1
78.8,20,9.99638,1
78.9,20,9.99642,1
79,20,9.99646,1
79.1,20,9.99649,1
79.2,20,9.99653,1
79.3,20,9.99656,1
79.4,20,9.9966,1
79.5,20,9.99663,1
79.6,20,9.99666,1
79.7,20,9.9967,1
79.8,20,9.99673,1
79.9,20,9.99676,1
80,20,9.9968,1
80.1,20,9.99683,1
80.2,20,9.99686,1
80.3,20,9.99689,1
80.4,20,9.99692,1
80.5,20,9.99695,1
80.6,20,9.99698,1
80.7,20,9.99701,1
80.8,20,9.99704,1
80.9,20,9.99707,1
81,20,9.9971,1
81.1,20,9.99713,1
81.2,20,9.99716,1
81.3,20,9.99719,1
81.4,20,9.99722,1
81.5,20,9.99724,1
81.6,20,9.99727,1
81.7,20,9.9973,1
81.8,20,9.99733,1
81.9,20,9.99735,1
82,20,9.99738,1
82.1,20,9.99741,1
82.2,20,9.99743,1
82.3,20,9.99746,1
82.4,20,9.99748,1
82.5,20,9.99751,1
82.6,20,9.99753,1
82.7,20,9.99756,1
82.8,20,9.99758,1
82.9,20,9.99761,1
83,20,9.99763,1
83.1,20,9.99765,1
83.2,20,9.99768,1
83.3,20,9.9977,1
83.4,20,9.99772,1
83.5,20,9.99775,1
83.6,20,9.99777,1
83.7,20,9.99779,1
83.8,20,9.99781,1
83.9,20,9.99784,1
84,20,9.99786,1
84.1,20,9.99788,1
84.2,20,9.9979,1
84.3,20,9.99792,1
84.4,20,9.99794,1
84.5,20,9.99796,1
84.6,20,9.99798,1
84.7,20,9.998,1
84.8,20,9.99802,1
84.9,20,9.99804,1
85,20,9.99806,1
85.1,20,9.99808,1
85.2,20,9.9981,1
85.3,20,9.99812,1
85.4,20,9.99814,1
85.5,20,9.99816,1
85.6,20,9.99818,1
85.7,20,9.9982,1
85.8,20,9.99821,1
85.9,20,9.99823,1
86,20,9.99825,1
86.1,20,9.99827,1
86.2,20,9.99828,1
86.3,20,9.9983,1
86.4,20,9.99832,1
86.5,20,9.99834,1
86.6,20,9.99835,1
86.7,20,9.99837,1
86.8,20,9.99838,1
86.9,20,9.9984,1
87,20,9.99842,1
87.1,20,9.99843,1
87.2,20,9.99845,1
87.3,20,9.99846,1
87.4,20,9.99848,1
87.5,20,9.99849,1
87.6,20,9.99851,1
87.7,20,9.99852,1
87.8,20,9.99854,1
87.9,20,9.99855,1
88,20,9.99857,1
88.1,20,9.99858,1
88.2,20,9.9986,1
88.3,20,9.99861,1
88.4,20,9.99863,1
88.5,20,9.99864,1
88.6,20,9.99865,1
88.7,20,9.99867,1
88.8,20,9.99868,1
88.9,20,9.99869,1
89,20,9.99871,1
89.1,20,9.99872,1
89.2,20,9.99873,1
89.3,20,9.99874,1
89.4,20,9.99876,1
89.5,20,9.99877,1
89.6,20,9.99878,1
89.7,20,9.99879,1
89.8,20,9.99881,1
89.9,20,9.99882,1
90,20,9.99883,1
90.1,20,9.99884,1
90.2,20,9.99885,1
90.3,20,9.99886,1
90.4,20,9.99888,1
90.5,20,9.99889,1
90.6,20,9.9989,1
90.7,20,9.99891,1
90.8,20,9.99892,1
90.9,20,9.99893,1
91,20,9.99894,1
91.1,20,9.99895,1
91.2,20,9.99896,1
91.3,20,9.99897,1
91.4,20,9.99898,1
91.5,20,9.99899,1
91.6,20,9.999,1
91.7,20,9.99901,1
91.8,20,9.99902,1
91.9,20,9.99903,1
92,20,9.99904,1
92.1,20,9.99905,1
92.2,20,9.99906,1
92.3,20,9.99907,1
92.4,20,9.99908,1
92.5,20,9.99909,1
92.6,20,9.9991,1
92.7,20,9.99911,1
92.8,20,9.99912,1
92.9,20,9.99913,1
93,20,9.99914,1
93.1,20,9.99914,1
93.2,20,9.99915,1
93.3,20,9.99916,1
93.4,20,9.99917,1
93.5,20,9.99918,1
93.6,20,9.99919,1
93.7,20,9.99919,1
93.8,20,9.9992,1
93.9,20,9.99921,1
94,20,9.99922,1
94.1,20,9.99923,1
94.2,20,9.99923,1
94.3,20,9.99924,1
94.4,20,9.99925,1
94.5,20,9.99926,1
94.6,20,9.99926,1
94.7,20,9.99927,1
94.8,20,9.99928,1
94.9,20,9.99929,1
95,20,9.99929,1
95.1,20,9.9993,1
95.2,20,9.99931,1
95.3,20,9.99931,1
95.4,20,9.99932,1
95.5,20,9.99933,1
95.6,20,9.99933,1
95.7,20,9.99934,1
95.8,20,9.99935,1
95.9,20,9.99935,1
96,20,9.99936,1
96.1,20,9.99937,1
96.2,20,9.99937,1
96.3,20,9.99938,1
96.4,20,9.99939,1
96.5,20,9.99939,1
96.6,20,9.9994,1
96.7,20,9.9994,1
96.8,20,9.99941,1
96.9,20,9.99942,1
97,20,9.99942,1
97.1,20,9.99943,1
97.2,20,9.99943,1
97.3,20,9.99944,1
97.4,20,9.99944,1
97.5,20,9.99945,1
97.6,20,9.99946,1
97.7,20,9.99946,1
97.8,20,9.99947,1
97.9,20,9.99947,1
98,20,9.99948,1
98.1,20,9.99948,1
98.2,20,9.99949,1
98.3,20,9.99949,1
98.4,20,9.9995,1
98.5,20,9.9995,1
98.6,20,9.99951,1
98.7,20,9.99951,1
98.8,20,9.99952,1
98.9,20,9.99952,1
99,20,9.99953,1
99.1,20,9.99953,1
99.2,20,9.99954,1
99.3,20,9.99954,1
99.4,20,9.99955,1
99.5,20,9.99955,1
99.6,20,9.99956,1
99.7,20,9.99956,1
99.8,20,9.99956,1
99.9,20,9.99957,1
100,20,9.99957,1
