time,Reference,Plant_G_s_,Uncompensated,Compensator_Output
0,0,0,0,0
0.01,0,0,0,0
0.02,0,0,0,0
0.03,0,0,0,0
0.04,0,0,0,0
0.05,0,0,0,0
0.06,0,0,0,0
0.07,0,0,0,0
0.08,0,0,0,0
0.09,0,0,0,0
0.1,0,0,0,0
0.11,0,0,0,0
0.12,0,0,0,0
0.13,0,0,0,0
0.14,0,0,0,0
0.15,0,0,0,0
0.16,0,0,0,0
0.17,0,0,0,0
0.18,0,0,0,0
0.19,0,0,0,0
0.2,0,0,0,0
0.21,0,0,0,0
0.22,0,0,0,0
0.23,0,0,0,0
0.24,0,0,0,0
0.25,0,0,0,0
0.26,0,0,0,0
0.27,0,0,0,0
0.28,0,0,0,0
0.29,0,0,0,0
0.3,0,0,0,0
0.31,0,0,0,0
0.32,0,0,0,0
0.33,0,0,0,0
0.34,0,0,0,0
0.35,0,0,0,0
0.36,0,0,0,0
0.37,0,0,0,0
0.38,0,0,0,0
0.39,0,0,0,0
0.4,0,0,0,0
0.41,0,0,0,0
0.42,0,0,0,0
0.43,0,0,0,0
0.44,0,0,0,0
0.45,0,0,0,0
0.46,0,0,0,0
0.47,0,0,0,0
0.48,0,0,0,0
0.49,0,0,0,0
0.5,0,0,0,0
0.51,0,0,0,0
0.52,0,0,0,0
0.53,0,0,0,0
0.54,0,0,0,0
0.55,0,0,0,0
0.56,0,0,0,0
0.57,0,0,0,0
0.58,0,0,0,0
0.59,0,0,0,0
0.6,0,0,0,0
0.61,0,0,0,0
0.62,0,0,0,0
0.63,0,0,0,0
0.64,0,0,0,0
0.65,0,0,0,0
0.66,0,0,0,0
0.67,0,0,0,0
0.68,0,0,0,0
0.69,0,0,0,0
0.7,0,0,0,0
0.71,0,0,0,0
0.72,0,0,0,0
0.73,0,0,0,0
0.74,0,0,0,0
0.75,0,0,0,0
0.76,0,0,0,0
0.77,0,0,0,0
0.78,0,0,0,0
0.79,0,0,0,0
0.8,0,0,0,0
0.81,0,0,0,0
0.82,0,0,0,0
0.83,0,0,0,0
0.84,0,0,0,0
0.85,0,0,0,0
0.86,0,0,0,0
0.87,0,0,0,0
0.88,0,0,0,0
0.89,0,0,0,0
0.9,0,0,0,0
0.91,0,0,0,0
0.92,0,0,0,0
0.93,0,0,0,0
0.94,0,0,0,0
0.95,0,0,0,0
0.96,0,0,0,0
0.97,0,0,0,0
0.98,0,0,0,0
0.99,0,0,0,0
1,0,0,0,0
1.01,1,0,5e-05,1
1.02,1,6.60012e-05,0.000164514,0.999992
1.03,1,0.00022986,0.000392414,0.999876
1.04,1,0.000489447,0.000714769,0.999664
1.05,1,0.000842821,0.00112968,0.999357
1.06,1,0.00128806,0.00163526,0.998957
1.07,1,0.00182327,0.00222968,0.998467
1.08,1,0.00244657,0.00291111,0.997887
1.09,1,0.00315609,0.00367777,0.99722
1.1,1,0.00394999,0.00452789,0.996468
1.11,1,0.00482646,0.00545973,0.995632
1.12,1,0.00578368,0.00647158,0.994715
1.13,1,0.00681988,0.00756177,0.993718
1.14,1,0.0079333,0.00872862,0.992642
1.15,1,0.00912218,0.00997051,0.991491
1.16,1,0.0103848,0.0112858,0.990265
1.17,1,0.0117195,0.012673,0.988966
1.18,1,0.0131245,0.0141304,0.987595
1.19,1,0.0145982,0.0156566,0.986156
1.2,1,0.016139,0.0172501,0.984648
1.21,1,0.0177452,0.0189092,0.983074
1.22,1,0.0194151,0.0206327,0.981436
1.23,1,0.0211473,0.022419,0.979734
1.24,1,0.0229402,0.0242667,0.977971
1.25,1,0.0247921,0.0261744,0.976148
1.26,1,0.0267016,0.0281408,0.974267
1.27,1,0.0286672,0.0301644,0.972329
1.28,1,0.0306873,0.032244,0.970336
1.29,1,0.0327605,0.0343782,0.968289
1.3,1,0.0348853,0.0365658,0.96619
1.31,1,0.0370603,0.0388054,0.96404
1.32,1,0.039284,0.0410959,0.96184
1.33,1,0.0415551,0.0434359,0.959592
1.34,1,0.0438722,0.0458243,0.957298
1.35,1,0.0462339,0.0482599,0.954958
1.36,1,0.0486388,0.0507415,0.952574
1.37,1,0.0510857,0.0532679,0.950148
1.38,1,0.0535732,0.055838,0.947681
1.39,1,0.0561,0.0584508,0.945173
1.4,1,0.0586649,0.061105,0.942627
1.41,1,0.0612666,0.0637996,0.940043
1.42,1,0.0639038,0.0665335,0.937424
1.43,1,0.0665754,0.0693057,0.934769
1.44,1,0.06928,0.0721152,0.93208
1.45,1,0.0720166,0.0749609,0.92936
1.46,1,0.074784,0.0778418,0.926607
1.47,1,0.0775809,0.080757,0.923825
1.48,1,0.0804064,0.0837055,0.921013
1.49,1,0.0832591,0.0866863,0.918174
1.5,1,0.0861382,0.0896985,0.915308
1.51,1,0.0890423,0.0927412,0.912416
1.52,1,0.0919706,0.0958134,0.909499
1.53,1,0.0949219,0.0989144,0.906559
1.54,1,0.0978952,0.102043,0.903597
1.55,1,0.100889,0.105199,0.900613
1.56,1,0.103904,0.108381,0.897608
1.57,1,0.106937,0.111588,0.894584
1.58,1,0.109988,0.114819,0.891542
1.59,1,0.113056,0.118074,0.888482
1.6,1,0.11614,0.121353,0.885406
1.61,1,0.11924,0.124653,0.882314
1.62,1,0.122354,0.127974,0.879207
1.63,1,0.125481,0.131316,0.876086
1.64,1,0.12862,0.134678,0.872953
1.65,1,0.131771,0.138059,0.869807
1.66,1,0.134933,0.141458,0.86665
1.67,1,0.138105,0.144875,0.863483
1.68,1,0.141286,0.148309,0.860307
1.69,1,0.144475,0.15176,0.857121
1.7,1,0.147672,0.155226,0.853928
1.71,1,0.150875,0.158707,0.850728
1.72,1,0.154084,0.162202,0.847522
1.73,1,0.157299,0.165711,0.84431
1.74,1,0.160518,0.169233,0.841093
1.75,1,0.16374,0.172768,0.837872
1.76,1,0.166966,0.176315,0.834647
1.77,1,0.170194,0.179873,0.83142
1.78,1,0.173424,0.183441,0.828192
1.79,1,0.176654,0.18702,0.824961
1.8,1,0.179885,0.190609,0.82173
1.81,1,0.183116,0.194206,0.8185
1.82,1,0.186345,0.197812,0.815269
1.83,1,0.189573,0.201427,0.812041
1.84,1,0.192799,0.205048,0.808814
1.85,1,0.196022,0.208677,0.805589
1.86,1,0.199241,0.212312,0.802368
1.87,1,0.202457,0.215953,0.79915
1.88,1,0.205668,0.2196,0.795937
1.89,1,0.208874,0.223251,0.792728
1.9,1,0.212074,0.226908,0.789525
1.91,1,0.215268,0.230568,0.786327
1.92,1,0.218456,0.234232,0.783136
1.93,1,0.221636,0.2379,0.779952
1.94,1,0.224809,0.24157,0.776775
1.95,1,0.227974,0.245243,0.773606
1.96,1,0.23113,0.248917,0.770446
1.97,1,0.234277,0.252594,0.767294
1.98,1,0.237415,0.256271,0.764151
1.99,1,0.240543,0.259949,0.761019
2,1,0.24366,0.263628,0.757896
2.01,1,0.246767,0.267307,0.754784
2.02,1,0.249863,0.270985,0.751682
2.03,1,0.252947,0.274663,0.748593
2.04,1,0.256019,0.27834,0.745514
2.05,1,0.259079,0.282015,0.742448
2.06,1,0.262126,0.285689,0.739395
2.07,1,0.26516,0.289361,0.736354
2.08,1,0.268181,0.29303,0.733326
2.09,1,0.271188,0.296697,0.730312
2.1,1,0.274181,0.30036,0.727312
2.11,1,0.27716,0.304021,0.724326
2.12,1,0.280124,0.307678,0.721355
2.13,1,0.283073,0.311331,0.718398
2.14,1,0.286007,0.31498,0.715456
2.15,1,0.288926,0.318624,0.71253
2.16,1,0.291828,0.322264,0.709619
2.17,1,0.294715,0.325898,0.706724
2.18,1,0.297585,0.329528,0.703846
2.19,1,0.300439,0.333152,0.700984
2.2,1,0.303276,0.33677,0.698138
2.21,1,0.306096,0.340383,0.69531
2.22,1,0.308899,0.343989,0.692498
2.23,1,0.311684,0.347588,0.689704
2.24,1,0.314452,0.351181,0.686928
2.25,1,0.317202,0.354767,0.684169
2.26,1,0.319933,0.358346,0.681428
2.27,1,0.322647,0.361918,0.678705
2.28,1,0.325342,0.365482,0.676001
2.29,1,0.328019,0.369038,0.673315
2.3,1,0.330676,0.372586,0.670648
2.31,1,0.333315,0.376127,0.667999
2.32,1,0.335935,0.379658,0.66537
2.33,1,0.338536,0.383182,0.66276
2.34,1,0.341117,0.386696,0.660169
2.35,1,0.343679,0.390202,0.657597
2.36,1,0.346221,0.393699,0.655045
2.37,1,0.348744,0.397186,0.652513
2.38,1,0.351246,0.400664,0.65
2.39,1,0.353729,0.404133,0.647507
2.4,1,0.356192,0.407592,0.645034
2.41,1,0.358635,0.411041,0.642582
2.42,1,0.361057,0.41448,0.640149
2.43,1,0.36346,0.417909,0.637737
2.44,1,0.365841,0.421328,0.635344
2.45,1,0.368203,0.424736,0.632973
2.46,1,0.370544,0.428134,0.630622
2.47,1,0.372864,0.431521,0.628291
2.48,1,0.375164,0.434897,0.625981
2.49,1,0.377443,0.438262,0.623691
2.5,1,0.379702,0.441617,0.621422
2.51,1,0.381939,0.44496,0.619174
2.52,1,0.384156,0.448292,0.616947
2.53,1,0.386353,0.451613,0.61474
2.54,1,0.388528,0.454922,0.612555
2.55,1,0.390682,0.458219,0.61039
2.56,1,0.392816,0.461505,0.608246
2.57,1,0.394929,0.464779,0.606122
2.58,1,0.397021,0.468042,0.60402
2.59,1,0.399092,0.471292,0.601938
2.6,1,0.401142,0.474531,0.599878
2.61,1,0.403171,0.477757,0.597838
2.62,1,0.40518,0.480971,0.595819
2.63,1,0.407167,0.484173,0.593821
2.64,1,0.409134,0.487362,0.591844
2.65,1,0.41108,0.49054,0.589888
2.66,1,0.413005,0.493704,0.587952
2.67,1,0.41491,0.496856,0.586037
2.68,1,0.416793,0.499996,0.584143
2.69,1,0.418656,0.503123,0.58227
2.7,1,0.420499,0.506237,0.580417
2.71,1,0.422321,0.509338,0.578585
2.72,1,0.424122,0.512427,0.576774
2.73,1,0.425903,0.515502,0.574983
2.74,1,0.427663,0.518565,0.573212
2.75,1,0.429403,0.521615,0.571462
2.76,1,0.431122,0.524652,0.569733
2.77,1,0.432821,0.527675,0.568023
2.78,1,0.4345,0.530686,0.566334
2.79,1,0.436159,0.533683,0.564665
2.8,1,0.437798,0.536667,0.563016
2.81,1,0.439417,0.539638,0.561388
2.82,1,0.441016,0.542596,0.559779
2.83,1,0.442595,0.54554,0.55819
2.84,1,0.444154,0.548471,0.556621
2.85,1,0.445693,0.551389,0.555072
2.86,1,0.447213,0.554294,0.553542
2.87,1,0.448713,0.557185,0.552032
2.88,1,0.450194,0.560062,0.550541
2.89,1,0.451656,0.562927,0.54907
2.9,1,0.453098,0.565777,0.547618
2.91,1,0.454521,0.568615,0.546186
2.92,1,0.455925,0.571439,0.544772
2.93,1,0.45731,0.574249,0.543378
2.94,1,0.458677,0.577046,0.542002
2.95,1,0.460024,0.579829,0.540645
2.96,1,0.461353,0.582599,0.539307
2.97,1,0.462663,0.585355,0.537988
2.98,1,0.463955,0.588098,0.536687
2.99,1,0.465228,0.590827,0.535404
3,1,0.466483,0.593543,0.53414
3.01,1,0.46772,0.596245,0.532894
3.02,1,0.468939,0.598934,0.531666
3.03,1,0.470141,0.601609,0.530456
3.04,1,0.471324,0.604271,0.529263
3.05,1,0.47249,0.606919,0.528089
3.06,1,0.473638,0.609553,0.526932
3.07,1,0.474768,0.612174,0.525793
3.08,1,0.475882,0.614782,0.524671
3.09,1,0.476978,0.617376,0.523566
3.1,1,0.478057,0.619956,0.522478
3.11,1,0.479119,0.622524,0.521407
3.12,1,0.480165,0.625077,0.520354
3.13,1,0.481194,0.627617,0.519317
3.14,1,0.482206,0.630144,0.518296
3.15,1,0.483201,0.632658,0.517292
3.16,1,0.484181,0.635157,0.516305
3.17,1,0.485144,0.637644,0.515334
3.18,1,0.486091,0.640117,0.514379
3.19,1,0.487022,0.642577,0.513439
3.2,1,0.487938,0.645024,0.512516
3.21,1,0.488837,0.647457,0.511609
3.22,1,0.489721,0.649877,0.510717
3.23,1,0.49059,0.652284,0.50984
3.24,1,0.491444,0.654677,0.508979
3.25,1,0.492282,0.657057,0.508133
3.26,1,0.493105,0.659424,0.507303
3.27,1,0.493914,0.661778,0.506487
3.28,1,0.494708,0.664119,0.505686
3.29,1,0.495487,0.666447,0.504899
3.3,1,0.496251,0.668761,0.504127
3.31,1,0.497002,0.671063,0.50337
3.32,1,0.497738,0.673352,0.502627
3.33,1,0.49846,0.675627,0.501898
3.34,1,0.499168,0.67789,0.501183
3.35,1,0.499862,0.68014,0.500482
3.36,1,0.500543,0.682377,0.499794
3.37,1,0.50121,0.684601,0.49912
3.38,1,0.501863,0.686812,0.49846
3.39,1,0.502504,0.68901,0.497813
3.4,1,0.503131,0.691196,0.497179
3.41,1,0.503745,0.693369,0.496559
3.42,1,0.504347,0.695529,0.495951
3.43,1,0.504936,0.697677,0.495356
3.44,1,0.505512,0.699812,0.494773
3.45,1,0.506075,0.701935,0.494203
3.46,1,0.506627,0.704045,0.493646
3.47,1,0.507166,0.706142,0.493101
3.48,1,0.507693,0.708227,0.492568
3.49,1,0.508208,0.7103,0.492047
3.5,1,0.508711,0.71236,0.491537
3.51,1,0.509203,0.714409,0.49104
3.52,1,0.509683,0.716444,0.490554
3.53,1,0.510152,0.718468,0.490079
3.54,1,0.51061,0.720479,0.489616
3.55,1,0.511056,0.722478,0.489164
3.56,1,0.511492,0.724465,0.488723
3.57,1,0.511916,0.72644,0.488293
3.58,1,0.51233,0.728403,0.487874
3.59,1,0.512733,0.730354,0.487466
3.6,1,0.513126,0.732293,0.487068
3.61,1,0.513508,0.73422,0.48668
3.62,1,0.51388,0.736136,0.486303
3.63,1,0.514243,0.738039,0.485936
3.64,1,0.514595,0.739931,0.485579
3.65,1,0.514937,0.741811,0.485232
3.66,1,0.51527,0.743679,0.484894
3.67,1,0.515593,0.745536,0.484567
3.68,1,0.515906,0.747381,0.484248
3.69,1,0.51621,0.749215,0.483939
3.7,1,0.516505,0.751037,0.48364
3.71,1,0.516791,0.752848,0.483349
3.72,1,0.517068,0.754647,0.483068
3.73,1,0.517336,0.756435,0.482796
3.74,1,0.517596,0.758212,0.482532
3.75,1,0.517846,0.759978,0.482277
3.76,1,0.518089,0.761732,0.48203
3.77,1,0.518323,0.763475,0.481792
3.78,1,0.518548,0.765207,0.481562
3.79,1,0.518766,0.766928,0.481341
3.8,1,0.518975,0.768638,0.481127
3.81,1,0.519177,0.770337,0.480922
3.82,1,0.519371,0.772025,0.480724
3.83,1,0.519557,0.773702,0.480534
3.84,1,0.519736,0.775369,0.480352
3.85,1,0.519907,0.777025,0.480177
3.86,1,0.520071,0.77867,0.480009
3.87,1,0.520228,0.780304,0.479849
3.88,1,0.520377,0.781928,0.479696
3.89,1,0.52052,0.783541,0.47955
3.9,1,0.520656,0.785144,0.47941
3.91,1,0.520785,0.786736,0.479278
3.92,1,0.520907,0.788317,0.479152
3.93,1,0.521023,0.789889,0.479033
3.94,1,0.521132,0.79145,0.478921
3.95,1,0.521235,0.793001,0.478815
3.96,1,0.521332,0.794541,0.478715
3.97,1,0.521423,0.796072,0.478621
3.98,1,0.521507,0.797592,0.478534
3.99,1,0.521586,0.799103,0.478452
4,1,0.521659,0.800603,0.478376
4.01,1,0.521726,0.802093,0.478306
4.02,1,0.521787,0.803573,0.478242
4.03,1,0.521843,0.805044,0.478183
4.04,1,0.521894,0.806505,0.47813
4.05,1,0.521939,0.807956,0.478082
4.06,1,0.521979,0.809397,0.47804
4.07,1,0.522014,0.810828,0.478002
4.08,1,0.522044,0.81225,0.47797
4.09,1,0.522068,0.813663,0.477943
4.1,1,0.522088,0.815066,0.47792
4.11,1,0.522104,0.816459,0.477903
4.12,1,0.522114,0.817843,0.47789
4.13,1,0.52212,0.819217,0.477882
4.14,1,0.522121,0.820583,0.477878
4.15,1,0.522119,0.821939,0.477879
4.16,1,0.522111,0.823285,0.477884
4.17,1,0.5221,0.824623,0.477894
4.18,1,0.522084,0.825952,0.477907
4.19,1,0.522064,0.827271,0.477925
4.2,1,0.522041,0.828581,0.477947
4.21,1,0.522013,0.829883,0.477972
4.22,1,0.521982,0.831175,0.478002
4.23,1,0.521946,0.832459,0.478035
4.24,1,0.521908,0.833734,0.478072
4.25,1,0.521865,0.835,0.478113
4.26,1,0.521819,0.836257,0.478157
4.27,1,0.52177,0.837505,0.478205
4.28,1,0.521717,0.838745,0.478256
4.29,1,0.521661,0.839977,0.47831
4.3,1,0.521602,0.8412,0.478367
4.31,1,0.52154,0.842414,0.478428
4.32,1,0.521475,0.84362,0.478492
4.33,1,0.521407,0.844817,0.478558
4.34,1,0.521336,0.846006,0.478628
4.35,1,0.521262,0.847187,0.478701
4.36,1,0.521185,0.84836,0.478776
4.37,1,0.521106,0.849524,0.478854
4.38,1,0.521024,0.85068,0.478935
4.39,1,0.520939,0.851828,0.479018
4.4,1,0.520852,0.852969,0.479104
4.41,1,0.520763,0.854101,0.479192
4.42,1,0.520671,0.855225,0.479282
4.43,1,0.520577,0.856341,0.479375
4.44,1,0.520481,0.857449,0.47947
4.45,1,0.520382,0.858549,0.479568
4.46,1,0.520282,0.859642,0.479667
4.47,1,0.520179,0.860727,0.479769
4.48,1,0.520075,0.861804,0.479872
4.49,1,0.519968,0.862874,0.479978
4.5,1,0.51986,0.863936,0.480085
4.51,1,0.51975,0.86499,0.480194
4.52,1,0.519638,0.866037,0.480305
4.53,1,0.519525,0.867076,0.480418
4.54,1,0.51941,0.868108,0.480532
4.55,1,0.519293,0.869133,0.480648
4.56,1,0.519175,0.87015,0.480766
4.57,1,0.519055,0.87116,0.480885
4.58,1,0.518934,0.872163,0.481005
4.59,1,0.518812,0.873159,0.481127
4.6,1,0.518688,0.874147,0.48125
4.61,1,0.518563,0.875128,0.481374
4.62,1,0.518437,0.876102,0.4815
4.63,1,0.518309,0.87707,0.481627
4.64,1,0.518181,0.87803,0.481755
4.65,1,0.518051,0.878983,0.481884
4.66,1,0.517921,0.87993,0.482014
4.67,1,0.517789,0.880869,0.482145
4.68,1,0.517657,0.881802,0.482277
4.69,1,0.517523,0.882728,0.48241
4.7,1,0.517389,0.883647,0.482544
4.71,1,0.517254,0.88456,0.482678
4.72,1,0.517118,0.885465,0.482814
4.73,1,0.516982,0.886365,0.48295
4.74,1,0.516845,0.887257,0.483087
4.75,1,0.516707,0.888144,0.483224
4.76,1,0.516568,0.889023,0.483362
4.77,1,0.51643,0.889897,0.483501
4.78,1,0.51629,0.890764,0.48364
4.79,1,0.51615,0.891624,0.48378
4.8,1,0.51601,0.892479,0.48392
4.81,1,0.515869,0.893327,0.48406
4.82,1,0.515728,0.894168,0.484201
4.83,1,0.515587,0.895004,0.484343
4.84,1,0.515445,0.895833,0.484484
4.85,1,0.515303,0.896657,0.484626
4.86,1,0.515161,0.897474,0.484768
4.87,1,0.515018,0.898285,0.48491
4.88,1,0.514876,0.89909,0.485053
4.89,1,0.514733,0.89989,0.485196
4.9,1,0.51459,0.900683,0.485338
4.91,1,0.514447,0.901471,0.485481
4.92,1,0.514304,0.902252,0.485624
4.93,1,0.514161,0.903028,0.485767
4.94,1,0.514018,0.903798,0.48591
4.95,1,0.513876,0.904562,0.486053
4.96,1,0.513733,0.905321,0.486196
4.97,1,0.51359,0.906074,0.486339
4.98,1,0.513447,0.906822,0.486481
4.99,1,0.513305,0.907563,0.486624
5,1,0.513163,0.9083,0.486766
5.01,1,0.513021,0.909031,0.486908
5.02,1,0.512879,0.909756,0.48705
5.03,1,0.512737,0.910476,0.487192
5.04,1,0.512596,0.91119,0.487333
5.05,1,0.512455,0.911899,0.487475
5.06,1,0.512314,0.912603,0.487615
5.07,1,0.512174,0.913302,0.487756
5.08,1,0.512034,0.913995,0.487896
5.09,1,0.511894,0.914683,0.488036
5.1,1,0.511755,0.915366,0.488176
5.11,1,0.511616,0.916044,0.488315
5.12,1,0.511478,0.916717,0.488453
5.13,1,0.51134,0.917384,0.488591
5.14,1,0.511202,0.918047,0.488729
5.15,1,0.511065,0.918704,0.488866
5.16,1,0.510929,0.919357,0.489003
5.17,1,0.510793,0.920004,0.489139
5.18,1,0.510658,0.920647,0.489275
5.19,1,0.510523,0.921285,0.48941
5.2,1,0.510389,0.921918,0.489544
5.21,1,0.510255,0.922546,0.489678
5.22,1,0.510122,0.92317,0.489812
5.23,1,0.50999,0.923788,0.489944
5.24,1,0.509858,0.924402,0.490076
5.25,1,0.509727,0.925012,0.490208
5.26,1,0.509596,0.925616,0.490339
5.27,1,0.509466,0.926217,0.490469
5.28,1,0.509337,0.926812,0.490598
5.29,1,0.509209,0.927403,0.490727
5.3,1,0.509081,0.927989,0.490855
5.31,1,0.508954,0.928571,0.490983
5.32,1,0.508828,0.929149,0.491109
5.33,1,0.508702,0.929722,0.491235
5.34,1,0.508578,0.930291,0.49136
5.35,1,0.508454,0.930855,0.491485
5.36,1,0.50833,0.931415,0.491608
5.37,1,0.508208,0.931971,0.491731
5.38,1,0.508086,0.932522,0.491853
5.39,1,0.507965,0.933069,0.491974
5.4,1,0.507845,0.933612,0.492095
5.41,1,0.507726,0.934151,0.492214
5.42,1,0.507608,0.934686,0.492333
5.43,1,0.50749,0.935216,0.492451
5.44,1,0.507373,0.935743,0.492568
5.45,1,0.507258,0.936265,0.492685
5.46,1,0.507143,0.936784,0.4928
5.47,1,0.507028,0.937298,0.492915
5.48,1,0.506915,0.937808,0.493029
5.49,1,0.506803,0.938315,0.493141
5.5,1,0.506691,0.938817,0.493253
5.51,1,0.50658,0.939316,0.493365
5.52,1,0.50647,0.939811,0.493475
5.53,1,0.506361,0.940301,0.493584
5.54,1,0.506253,0.940789,0.493693
5.55,1,0.506146,0.941272,0.4938
5.56,1,0.50604,0.941751,0.493907
5.57,1,0.505935,0.942227,0.494013
5.58,1,0.50583,0.942699,0.494118
5.59,1,0.505726,0.943168,0.494222
5.6,1,0.505624,0.943633,0.494325
5.61,1,0.505522,0.944094,0.494427
5.62,1,0.505421,0.944551,0.494529
5.63,1,0.505321,0.945005,0.494629
5.64,1,0.505222,0.945456,0.494728
5.65,1,0.505124,0.945903,0.494827
5.66,1,0.505027,0.946346,0.494925
5.67,1,0.504931,0.946786,0.495021
5.68,1,0.504836,0.947223,0.495117
5.69,1,0.504741,0.947656,0.495212
5.7,1,0.504648,0.948086,0.495306
5.71,1,0.504555,0.948512,0.495399
5.72,1,0.504464,0.948935,0.495491
5.73,1,0.504373,0.949355,0.495582
5.74,1,0.504283,0.949771,0.495672
5.75,1,0.504194,0.950184,0.495762
5.76,1,0.504106,0.950594,0.49585
5.77,1,0.504019,0.951001,0.495937
5.78,1,0.503933,0.951404,0.496024
5.79,1,0.503848,0.951805,0.49611
5.8,1,0.503764,0.952202,0.496194
5.81,1,0.50368,0.952596,0.496278
5.82,1,0.503598,0.952986,0.496361
5.83,1,0.503517,0.953374,0.496443
5.84,1,0.503436,0.953759,0.496524
5.85,1,0.503356,0.954141,0.496604
5.86,1,0.503278,0.954519,0.496683
5.87,1,0.5032,0.954895,0.496762
5.88,1,0.503123,0.955268,0.496839
5.89,1,0.503047,0.955638,0.496916
5.9,1,0.502971,0.956004,0.496991
5.91,1,0.502897,0.956368,0.497066
5.92,1,0.502824,0.956729,0.49714
5.93,1,0.502751,0.957087,0.497213
5.94,1,0.50268,0.957443,0.497285
5.95,1,0.502609,0.957795,0.497356
5.96,1,0.502539,0.958145,0.497426
5.97,1,0.50247,0.958492,0.497496
5.98,1,0.502402,0.958836,0.497564
5.99,1,0.502335,0.959177,0.497632
6,1,0.502268,0.959516,0.497699
6.01,1,0.502203,0.959852,0.497765
6.02,1,0.502138,0.960185,0.49783
6.03,1,0.502074,0.960516,0.497894
6.04,1,0.502011,0.960844,0.497957
6.05,1,0.501949,0.96117,0.49802
6.06,1,0.501888,0.961492,0.498081
6.07,1,0.501828,0.961813,0.498142
6.08,1,0.501768,0.96213,0.498202
6.09,1,0.501709,0.962445,0.498262
6.1,1,0.501651,0.962758,0.49832
6.11,1,0.501594,0.963068,0.498377
6.12,1,0.501538,0.963376,0.498434
6.13,1,0.501482,0.963681,0.49849
6.14,1,0.501428,0.963984,0.498545
6.15,1,0.501374,0.964284,0.4986
6.16,1,0.501321,0.964582,0.498653
6.17,1,0.501268,0.964877,0.498706
6.18,1,0.501217,0.96517,0.498758
6.19,1,0.501166,0.965461,0.498809
6.2,1,0.501116,0.965749,0.498859
6.21,1,0.501067,0.966036,0.498909
6.22,1,0.501018,0.966319,0.498958
6.23,1,0.50097,0.966601,0.499006
6.24,1,0.500923,0.96688,0.499053
6.25,1,0.500877,0.967157,0.4991
6.26,1,0.500832,0.967432,0.499146
6.27,1,0.500787,0.967704,0.499191
6.28,1,0.500743,0.967975,0.499235
6.29,1,0.500699,0.968243,0.499279
6.3,1,0.500657,0.968509,0.499322
6.31,1,0.500615,0.968773,0.499364
6.32,1,0.500574,0.969034,0.499406
6.33,1,0.500533,0.969294,0.499447
6.34,1,0.500493,0.969551,0.499487
6.35,1,0.500454,0.969807,0.499526
6.36,1,0.500416,0.97006,0.499565
6.37,1,0.500378,0.970312,0.499603
6.38,1,0.500341,0.970561,0.499641
6.39,1,0.500305,0.970808,0.499677
6.4,1,0.500269,0.971053,0.499713
6.41,1,0.500234,0.971296,0.499749
6.42,1,0.500199,0.971538,0.499784
6.43,1,0.500166,0.971777,0.499818
6.44,1,0.500132,0.972014,0.499851
6.45,1,0.5001,0.97225,0.499884
6.46,1,0.500068,0.972483,0.499916
6.47,1,0.500037,0.972715,0.499948
6.48,1,0.500006,0.972945,0.499979
6.49,1,0.499976,0.973173,0.500009
6.5,1,0.499946,0.973399,0.500039
6.51,1,0.499917,0.973623,0.500068
6.52,1,0.499889,0.973845,0.500097
6.53,1,0.499861,0.974066,0.500125
6.54,1,0.499834,0.974284,0.500153
6.55,1,0.499807,0.974501,0.500179
6.56,1,0.499781,0.974716,0.500206
6.57,1,0.499756,0.97493,0.500231
6.58,1,0.499731,0.975141,0.500257
6.59,1,0.499707,0.975351,0.500281
6.6,1,0.499683,0.97556,0.500305
6.61,1,0.499659,0.975766,0.500329
6.62,1,0.499637,0.975971,0.500352
6.63,1,0.499614,0.976174,0.500375
6.64,1,0.499593,0.976376,0.500397
6.65,1,0.499571,0.976575,0.500418
6.66,1,0.499551,0.976774,0.500439
6.67,1,0.49953,0.97697,0.50046
6.68,1,0.499511,0.977165,0.50048
6.69,1,0.499491,0.977358,0.500499
6.7,1,0.499473,0.97755,0.500518
6.71,1,0.499454,0.97774,0.500537
6.72,1,0.499436,0.977929,0.500555
6.73,1,0.499419,0.978116,0.500572
6.74,1,0.499402,0.978302,0.500589
6.75,1,0.499386,0.978486,0.500606
6.76,1,0.49937,0.978668,0.500622
6.77,1,0.499354,0.978849,0.500638
6.78,1,0.499339,0.979029,0.500654
6.79,1,0.499324,0.979207,0.500668
6.8,1,0.49931,0.979383,0.500683
6.81,1,0.499296,0.979558,0.500697
6.82,1,0.499283,0.979732,0.500711
6.83,1,0.49927,0.979904,0.500724
6.84,1,0.499257,0.980075,0.500737
6.85,1,0.499245,0.980245,0.500749
6.86,1,0.499233,0.980413,0.500761
6.87,1,0.499221,0.980579,0.500773
6.88,1,0.49921,0.980744,0.500784
6.89,1,0.4992,0.980908,0.500795
6.9,1,0.499189,0.981071,0.500806
6.91,1,0.499179,0.981232,0.500816
6.92,1,0.49917,0.981392,0.500826
6.93,1,0.49916,0.98155,0.500835
6.94,1,0.499151,0.981708,0.500844
6.95,1,0.499143,0.981864,0.500853
6.96,1,0.499135,0.982018,0.500861
6.97,1,0.499127,0.982172,0.500869
6.98,1,0.499119,0.982324,0.500877
6.99,1,0.499112,0.982474,0.500885
7,1,0.499105,0.982624,0.500892
7.01,1,0.499098,0.982772,0.500898
7.02,1,0.499092,0.982919,0.500905
7.03,1,0.499086,0.983065,0.500911
7.04,1,0.49908,0.98321,0.500917
7.05,1,0.499075,0.983353,0.500922
7.06,1,0.49907,0.983496,0.500928
7.07,1,0.499065,0.983637,0.500933
7.08,1,0.49906,0.983777,0.500937
7.09,1,0.499056,0.983915,0.500942
7.1,1,0.499052,0.984053,0.500946
7.11,1,0.499048,0.984189,0.50095
7.12,1,0.499045,0.984325,0.500953
7.13,1,0.499042,0.984459,0.500957
7.14,1,0.499039,0.984592,0.50096
7.15,1,0.499036,0.984724,0.500963
7.16,1,0.499034,0.984855,0.500965
7.17,1,0.499031,0.984984,0.500968
7.18,1,0.499029,0.985113,0.50097
7.19,1,0.499028,0.985241,0.500972
7.2,1,0.499026,0.985367,0.500973
7.21,1,0.499025,0.985493,0.500975
7.22,1,0.499024,0.985617,0.500976
7.23,1,0.499023,0.98574,0.500977
7.24,1,0.499022,0.985863,0.500978
7.25,1,0.499022,0.985984,0.500978
7.26,1,0.499021,0.986104,0.500979
7.27,1,0.499021,0.986224,0.500979
7.28,1,0.499021,0.986342,0.500979
7.29,1,0.499022,0.986459,0.500978
7.3,1,0.499022,0.986576,0.500978
7.31,1,0.499023,0.986691,0.500977
7.32,1,0.499024,0.986805,0.500977
7.33,1,0.499025,0.986919,0.500976
7.34,1,0.499026,0.987031,0.500975
7.35,1,0.499027,0.987143,0.500973
7.36,1,0.499029,0.987254,0.500972
7.37,1,0.499031,0.987363,0.50097
7.38,1,0.499033,0.987472,0.500968
7.39,1,0.499035,0.98758,0.500966
7.4,1,0.499037,0.987687,0.500964
7.41,1,0.499039,0.987793,0.500962
7.42,1,0.499042,0.987898,0.50096
7.43,1,0.499044,0.988002,0.500957
7.44,1,0.499047,0.988106,0.500954
7.45,1,0.49905,0.988208,0.500952
7.46,1,0.499053,0.98831,0.500949
7.47,1,0.499056,0.988411,0.500946
7.48,1,0.499059,0.988511,0.500942
7.49,1,0.499063,0.98861,0.500939
7.5,1,0.499066,0.988708,0.500936
7.51,1,0.49907,0.988805,0.500932
7.52,1,0.499074,0.988902,0.500928
7.53,1,0.499077,0.988998,0.500924
7.54,1,0.499081,0.989093,0.500921
7.55,1,0.499085,0.989187,0.500917
7.56,1,0.49909,0.98928,0.500912
7.57,1,0.499094,0.989373,0.500908
7.58,1,0.499098,0.989465,0.500904
7.59,1,0.499103,0.989556,0.5009
7.6,1,0.499107,0.989646,0.500895
7.61,1,0.499112,0.989736,0.50089
7.62,1,0.499117,0.989825,0.500886
7.63,1,0.499121,0.989913,0.500881
7.64,1,0.499126,0.99,0.500876
7.65,1,0.499131,0.990086,0.500871
7.66,1,0.499136,0.990172,0.500866
7.67,1,0.499141,0.990257,0.500861
7.68,1,0.499146,0.990342,0.500856
7.69,1,0.499152,0.990425,0.500851
7.7,1,0.499157,0.990508,0.500846
7.71,1,0.499162,0.99059,0.50084
7.72,1,0.499168,0.990672,0.500835
7.73,1,0.499173,0.990753,0.50083
7.74,1,0.499179,0.990833,0.500824
7.75,1,0.499184,0.990913,0.500818
7.76,1,0.49919,0.990991,0.500813
7.77,1,0.499196,0.991069,0.500807
7.78,1,0.499201,0.991147,0.500801
7.79,1,0.499207,0.991224,0.500796
7.8,1,0.499213,0.9913,0.50079
7.81,1,0.499219,0.991375,0.500784
7.82,1,0.499225,0.99145,0.500778
7.83,1,0.499231,0.991525,0.500772
7.84,1,0.499237,0.991598,0.500766
7.85,1,0.499243,0.991671,0.50076
7.86,1,0.499249,0.991744,0.500754
7.87,1,0.499255,0.991815,0.500748
7.88,1,0.499261,0.991886,0.500742
7.89,1,0.499267,0.991957,0.500736
7.9,1,0.499273,0.992027,0.50073
7.91,1,0.499279,0.992096,0.500724
7.92,1,0.499286,0.992165,0.500718
7.93,1,0.499292,0.992233,0.500711
7.94,1,0.499298,0.992301,0.500705
7.95,1,0.499304,0.992368,0.500699
7.96,1,0.49931,0.992434,0.500693
7.97,1,0.499317,0.9925,0.500686
7.98,1,0.499323,0.992565,0.50068
7.99,1,0.499329,0.99263,0.500674
8,1,0.499336,0.992694,0.500668
