time,Reference,Plant
0,0,0
0.01,0,0
0.02,0,0
0.03,0,0
0.04,0,0
0.05,0,0
0.06,0,0
0.07,0,0
0.08,0,0
0.09,0,0
0.1,0,0
0.11,0,0
0.12,0,0
0.13,0,0
0.14,0,0
0.15,0,0
0.16,0,0
0.17,0,0
0.18,0,0
0.19,0,0
0.2,0,0
0.21,0,0
0.22,0,0
0.23,0,0
0.24,0,0
0.25,0,0
0.26,0,0
0.27,0,0
0.28,0,0
0.29,0,0
0.3,0,0
0.31,0,0
0.32,0,0
0.33,0,0
0.34,0,0
0.35,0,0
0.36,0,0
0.37,0,0
0.38,0,0
0.39,0,0
0.4,0,0
0.41,0,0
0.42,0,0
0.43,0,0
0.44,0,0
0.45,0,0
0.46,0,0
0.47,0,0
0.48,0,0
0.49,0,0
0.5,0,0
0.51,0,0
0.52,0,0
0.53,0,0
0.54,0,0
0.55,0,0
0.56,0,0
0.57,0,0
0.58,0,0
0.59,0,0
0.6,0,0
0.61,0,0
0.62,0,0
0.63,0,0
0.64,0,0
0.65,0,0
0.66,0,0
0.67,0,0
0.68,0,0
0.69,0,0
0.7,0,0
0.71,0,0
0.72,0,0
0.73,0,0
0.74,0,0
0.75,0,0
0.76,0,0
0.77,0,0
0.78,0,0
0.79,0,0
0.8,0,0
0.81,0,0
0.82,0,0
0.83,0,0
0.84,0,0
0.85,0,0
0.86,0,0
0.87,0,0
0.88,0,0
0.89,0,0
0.9,0,0
0.91,0,0
0.92,0,0
0.93,0,0
0.94,0,0
0.95,0,0
0.96,0,0
0.97,0,0
0.98,0,0
0.99,0,0
1,0,0
1.01,1,0
1.02,1,0.0106282
1.03,1,0.0228047
1.04,1,0.0402505
1.05,1,0.0592815
1.06,1,0.0790361
1.07,1,0.0991563
1.08,1,0.119489
1.09,1,0.13996
1.1,1,0.160527
1.11,1,0.18116
1.12,1,0.201835
1.13,1,0.22253
1.14,1,0.243225
1.15,1,0.263901
1.16,1,0.284538
1.17,1,0.30512
1.18,1,0.325629
1.19,1,0.346049
1.2,1,0.366363
1.21,1,0.386558
1.22,1,0.406617
1.23,1,0.426528
1.24,1,0.446277
1.25,1,0.465851
1.26,1,0.485238
1.27,1,0.504427
1.28,1,0.523407
1.29,1,0.542167
1.3,1,0.560699
1.31,1,0.578991
1.32,1,0.597037
1.33,1,0.614827
1.34,1,0.632355
1.35,1,0.649612
1.36,1,0.666592
1.37,1,0.68329
1.38,1,0.699699
1.39,1,0.715815
1.4,1,0.731632
1.41,1,0.747146
1.42,1,0.762353
1.43,1,0.777251
1.44,1,0.791835
1.45,1,0.806103
1.46,1,0.820053
1.47,1,0.833683
1.48,1,0.846991
1.49,1,0.859976
1.5,1,0.872638
1.51,1,0.884975
1.52,1,0.896988
1.53,1,0.908677
1.54,1,0.920042
1.55,1,0.931083
1.56,1,0.941802
1.57,1,0.952201
1.58,1,0.962279
1.59,1,0.97204
1.6,1,0.981485
1.61,1,0.990616
1.62,1,0.999436
1.63,1,1.00795
1.64,1,1.01615
1.65,1,1.02405
1.66,1,1.03166
1.67,1,1.03896
1.68,1,1.04598
1.69,1,1.0527
1.7,1,1.05914
1.71,1,1.06529
1.72,1,1.07117
1.73,1,1.07678
1.74,1,1.08212
1.75,1,1.08719
1.76,1,1.092
1.77,1,1.09656
1.78,1,1.10086
1.79,1,1.10492
1.8,1,1.10874
1.81,1,1.11232
1.82,1,1.11566
1.83,1,1.11879
1.84,1,1.12168
1.85,1,1.12437
1.86,1,1.12684
1.87,1,1.1291
1.88,1,1.13116
1.89,1,1.13303
1.9,1,1.1347
1.91,1,1.13619
1.92,1,1.13749
1.93,1,1.13862
1.94,1,1.13958
1.95,1,1.14037
1.96,1,1.141
1.97,1,1.14147
1.98,1,1.14179
1.99,1,1.14197
2,1,1.142
2.01,1,1.1419
2.02,1,1.14167
2.03,1,1.14131
2.04,1,1.14083
2.05,1,1.14022
2.06,1,1.13951
2.07,1,1.13869
2.08,1,1.13776
2.09,1,1.13674
2.1,1,1.13562
2.11,1,1.13441
2.12,1,1.13311
2.13,1,1.13174
2.14,1,1.13028
2.15,1,1.12875
2.16,1,1.12715
2.17,1,1.12548
2.18,1,1.12375
2.19,1,1.12197
2.2,1,1.12013
2.21,1,1.11823
2.22,1,1.11629
2.23,1,1.11431
2.24,1,1.11228
2.25,1,1.11022
2.26,1,1.10812
2.27,1,1.106
2.28,1,1.10384
2.29,1,1.10166
2.3,1,1.09946
2.31,1,1.09724
2.32,1,1.095
2.33,1,1.09275
2.34,1,1.09048
2.35,1,1.08821
2.36,1,1.08593
2.37,1,1.08365
2.38,1,1.08136
2.39,1,1.07908
2.4,1,1.0768
2.41,1,1.07452
2.42,1,1.07225
2.43,1,1.06999
2.44,1,1.06774
2.45,1,1.0655
2.46,1,1.06327
2.47,1,1.06106
2.48,1,1.05887
2.49,1,1.05669
2.5,1,1.05453
2.51,1,1.0524
2.52,1,1.05029
2.53,1,1.0482
2.54,1,1.04613
2.55,1,1.0441
2.56,1,1.04208
2.57,1,1.0401
2.58,1,1.03815
2.59,1,1.03622
2.6,1,1.03432
2.61,1,1.03246
2.62,1,1.03063
2.63,1,1.02882
2.64,1,1.02706
2.65,1,1.02532
2.66,1,1.02362
2.67,1,1.02195
2.68,1,1.02032
2.69,1,1.01873
2.7,1,1.01716
2.71,1,1.01564
2.72,1,1.01415
2.73,1,1.01269
2.74,1,1.01127
2.75,1,1.00989
2.76,1,1.00854
2.77,1,1.00723
2.78,1,1.00596
2.79,1,1.00472
2.8,1,1.00352
2.81,1,1.00235
2.82,1,1.00122
2.83,1,1.00012
2.84,1,0.999062
2.85,1,0.998037
2.86,1,0.997047
2.87,1,0.996091
2.88,1,0.99517
2.89,1,0.994282
2.9,1,0.993429
2.91,1,0.992608
2.92,1,0.991821
2.93,1,0.991065
2.94,1,0.990342
2.95,1,0.989651
2.96,1,0.988991
2.97,1,0.988362
2.98,1,0.987763
2.99,1,0.987193
3,1,0.986654
3.01,1,0.986143
3.02,1,0.98566
3.03,1,0.985205
3.04,1,0.984777
3.05,1,0.984376
3.06,1,0.984002
3.07,1,0.983653
3.08,1,0.983329
3.09,1,0.983029
3.1,1,0.982754
3.11,1,0.982502
3.12,1,0.982273
3.13,1,0.982066
3.14,1,0.981881
3.15,1,0.981717
3.16,1,0.981574
3.17,1,0.981451
3.18,1,0.981347
3.19,1,0.981262
3.2,1,0.981195
3.21,1,0.981147
3.22,1,0.981115
3.23,1,0.9811
3.24,1,0.981101
3.25,1,0.981118
3.26,1,0.98115
3.27,1,0.981196
3.28,1,0.981256
3.29,1,0.98133
3.3,1,0.981416
3.31,1,0.981515
3.32,1,0.981626
3.33,1,0.981748
3.34,1,0.981881
3.35,1,0.982025
3.36,1,0.982178
3.37,1,0.982341
3.38,1,0.982513
3.39,1,0.982693
3.4,1,0.982881
3.41,1,0.983077
3.42,1,0.98328
3.43,1,0.98349
3.44,1,0.983706
3.45,1,0.983928
3.46,1,0.984156
3.47,1,0.984389
3.48,1,0.984626
3.49,1,0.984868
3.5,1,0.985114
3.51,1,0.985363
3.52,1,0.985616
3.53,1,0.985872
3.54,1,0.98613
3.55,1,0.986391
3.56,1,0.986654
3.57,1,0.986918
3.58,1,0.987184
3.59,1,0.987451
3.6,1,0.987719
3.61,1,0.987987
3.62,1,0.988256
3.63,1,0.988524
3.64,1,0.988793
3.65,1,0.989061
3.66,1,0.989328
3.67,1,0.989595
3.68,1,0.98986
3.69,1,0.990125
3.7,1,0.990387
3.71,1,0.990648
3.72,1,0.990908
3.73,1,0.991165
3.74,1,0.99142
3.75,1,0.991673
3.76,1,0.991923
3.77,1,0.992171
3.78,1,0.992416
3.79,1,0.992658
3.8,1,0.992898
3.81,1,0.993134
3.82,1,0.993367
3.83,1,0.993596
3.84,1,0.993823
3.85,1,0.994046
3.86,1,0.994265
3.87,1,0.99448
3.88,1,0.994692
3.89,1,0.994901
3.9,1,0.995105
3.91,1,0.995306
3.92,1,0.995502
3.93,1,0.995695
3.94,1,0.995884
3.95,1,0.996069
3.96,1,0.996249
3.97,1,0.996426
3.98,1,0.996599
3.99,1,0.996767
4,1,0.996932
4.01,1,0.997092
4.02,1,0.997248
4.03,1,0.997401
4.04,1,0.997549
4.05,1,0.997693
4.06,1,0.997833
4.07,1,0.997969
4.08,1,0.998101
4.09,1,0.998228
4.1,1,0.998352
4.11,1,0.998472
4.12,1,0.998588
4.13,1,0.998701
4.14,1,0.998809
4.15,1,0.998914
4.16,1,0.999014
4.17,1,0.999111
4.18,1,0.999205
4.19,1,0.999295
4.2,1,0.999381
4.21,1,0.999464
4.22,1,0.999543
4.23,1,0.999619
4.24,1,0.999691
4.25,1,0.99976
4.26,1,0.999826
4.27,1,0.999888
4.28,1,0.999948
4.29,1,1
4.3,1,1.00006
4.31,1,1.00011
4.32,1,1.00016
4.33,1,1.0002
4.34,1,1.00024
4.35,1,1.00028
4.36,1,1.00032
4.37,1,1.00035
4.38,1,1.00038
4.39,1,1.00041
4.4,1,1.00044
4.41,1,1.00046
4.42,1,1.00049
4.43,1,1.0005
4.44,1,1.00052
4.45,1,1.00054
4.46,1,1.00055
4.47,1,1.00056
4.48,1,1.00057
4.49,1,1.00058
4.5,1,1.00059
4.51,1,1.00059
4.52,1,1.00059
4.53,1,1.00059
4.54,1,1.00059
4.55,1,1.00059
4.56,1,1.00059
4.57,1,1.00058
4.58,1,1.00058
4.59,1,1.00057
4.6,1,1.00056
4.61,1,1.00055
4.62,1,1.00054
4.63,1,1.00053
4.64,1,1.00052
4.65,1,1.00051
4.66,1,1.00049
4.67,1,1.00048
4.68,1,1.00046
4.69,1,1.00044
4.7,1,1.00043
4.71,1,1.00041
4.72,1,1.00039
4.73,1,1.00037
4.74,1,1.00035
4.75,1,1.00033
4.76,1,1.00031
4.77,1,1.00029
4.78,1,1.00027
4.79,1,1.00024
4.8,1,1.00022
4.81,1,1.0002
4.82,1,1.00018
4.83,1,1.00015
4.84,1,1.00013
4.85,1,1.00011
4.86,1,1.00009
4.87,1,1.00006
4.88,1,1.00004
4.89,1,1.00002
4.9,1,0.999993
4.91,1,0.99997
4.92,1,0.999947
4.93,1,0.999924
4.94,1,0.999901
4.95,1,0.999878
4.96,1,0.999856
4.97,1,0.999833
4.98,1,0.999811
4.99,1,0.999789
5,1,0.999767
5.01,1,0.999746
5.02,1,0.999724
5.03,1,0.999703
5.04,1,0.999682
5.05,1,0.999662
5.06,1,0.999642
5.07,1,0.999622
5.08,1,0.999603
5.09,1,0.999584
5.1,1,0.999565
5.11,1,0.999546
5.12,1,0.999528
5.13,1,0.999511
5.14,1,0.999494
5.15,1,0.999477
5.16,1,0.99946
5.17,1,0.999444
5.18,1,0.999428
5.19,1,0.999413
5.2,1,0.999398
5.21,1,0.999384
5.22,1,0.99937
5.23,1,0.999357
5.24,1,0.999343
5.25,1,0.999331
5.26,1,0.999318
5.27,1,0.999307
5.28,1,0.999295
5.29,1,0.999284
5.3,1,0.999274
5.31,1,0.999263
5.32,1,0.999254
5.33,1,0.999244
5.34,1,0.999236
5.35,1,0.999227
5.36,1,0.999219
5.37,1,0.999211
5.38,1,0.999204
5.39,1,0.999197
5.4,1,0.999191
5.41,1,0.999185
5.42,1,0.999179
5.43,1,0.999174
5.44,1,0.999169
5.45,1,0.999164
5.46,1,0.99916
5.47,1,0.999156
5.48,1,0.999153
5.49,1,0.99915
5.5,1,0.999147
5.51,1,0.999144
5.52,1,0.999142
5.53,1,0.999141
5.54,1,0.999139
5.55,1,0.999138
5.56,1,0.999137
5.57,1,0.999136
5.58,1,0.999136
5.59,1,0.999136
5.6,1,0.999136
5.61,1,0.999137
5.62,1,0.999138
5.63,1,0.999139
5.64,1,0.99914
5.65,1,0.999142
5.66,1,0.999144
5.67,1,0.999146
5.68,1,0.999148
5.69,1,0.99915
5.7,1,0.999153
5.71,1,0.999156
5.72,1,0.999159
5.73,1,0.999162
5.74,1,0.999165
5.75,1,0.999169
5.76,1,0.999173
5.77,1,0.999177
5.78,1,0.999181
5.79,1,0.999185
5.8,1,0.999189
5.81,1,0.999194
5.82,1,0.999198
5.83,1,0.999203
5.84,1,0.999208
5.85,1,0.999213
5.86,1,0.999218
5.87,1,0.999223
5.88,1,0.999228
5.89,1,0.999234
5.9,1,0.999239
5.91,1,0.999245
5.92,1,0.99925
5.93,1,0.999256
5.94,1,0.999262
5.95,1,0.999267
5.96,1,0.999273
5.97,1,0.999279
5.98,1,0.999285
5.99,1,0.999291
6,1,0.999297
6.01,1,0.999303
6.02,1,0.999309
6.03,1,0.999315
6.04,1,0.999321
6.05,1,0.999327
6.06,1,0.999333
6.07,1,0.999339
6.08,1,0.999345
6.09,1,0.999351
6.1,1,0.999357
6.11,1,0.999363
6.12,1,0.999369
6.13,1,0.999375
6.14,1,0.999381
6.15,1,0.999387
6.16,1,0.999393
6.17,1,0.999399
6.18,1,0.999405
6.19,1,0.999411
6.2,1,0.999417
6.21,1,0.999422
6.22,1,0.999428
6.23,1,0.999434
6.24,1,0.99944
6.25,1,0.999445
6.26,1,0.999451
6.27,1,0.999456
6.28,1,0.999462
6.29,1,0.999467
6.3,1,0.999473
6.31,1,0.999478
6.32,1,0.999483
6.33,1,0.999489
6.34,1,0.999494
6.35,1,0.999499
6.36,1,0.999504
6.37,1,0.999509
6.38,1,0.999514
6.39,1,0.999519
6.4,1,0.999524
6.41,1,0.999528
6.42,1,0.999533
6.43,1,0.999538
6.44,1,0.999542
6.45,1,0.999547
6.46,1,0.999551
6.47,1,0.999556
6.48,1,0.99956
6.49,1,0.999564
6.5,1,0.999568
6.51,1,0.999572
6.52,1,0.999577
6.53,1,0.999581
6.54,1,0.999585
6.55,1,0.999588
6.56,1,0.999592
6.57,1,0.999596
6.58,1,0.9996
6.59,1,0.999603
6.6,1,0.999607
6.61,1,0.99961
6.62,1,0.999614
6.63,1,0.999617
6.64,1,0.999621
6.65,1,0.999624
6.66,1,0.999627
6.67,1,0.99963
6.68,1,0.999633
6.69,1,0.999636
6.7,1,0.999639
6.71,1,0.999642
6.72,1,0.999645
6.73,1,0.999648
6.74,1,0.999651
6.75,1,0.999654
6.76,1,0.999656
6.77,1,0.999659
6.78,1,0.999662
6.79,1,0.999664
6.8,1,0.999667
6.81,1,0.999669
6.82,1,0.999671
6.83,1,0.999674
6.84,1,0.999676
6.85,1,0.999678
6.86,1,0.999681
6.87,1,0.999683
6.88,1,0.999685
6.89,1,0.999687
6.9,1,0.999689
6.91,1,0.999691
6.92,1,0.999693
6.93,1,0.999695
6.94,1,0.999697
6.95,1,0.999699
6.96,1,0.999701
6.97,1,0.999702
6.98,1,0.999704
6.99,1,0.999706
7,1,0.999708
7.01,1,0.999709
7.02,1,0.999711
7.03,1,0.999713
7.04,1,0.999714
7.05,1,0.999716
7.06,1,0.999717
7.07,1,0.999719
7.08,1,0.99972
7.09,1,0.999722
7.1,1,0.999723
7.11,1,0.999725
7.12,1,0.999726
7.13,1,0.999728
7.14,1,0.999729
7.15,1,0.99973
7.16,1,0.999732
7.17,1,0.999733
7.18,1,0.999734
7.19,1,0.999735
7.2,1,0.999737
7.21,1,0.999738
7.22,1,0.999739
7.23,1,0.99974
7.24,1,0.999742
7.25,1,0.999743
7.26,1,0.999744
7.27,1,0.999745
7.28,1,0.999746
7.29,1,0.999747
7.3,1,0.999749
7.31,1,0.99975
7.32,1,0.999751
7.33,1,0.999752
7.34,1,0.999753
7.35,1,0.999754
7.36,1,0.999755
7.37,1,0.999756
7.38,1,0.999757
7.39,1,0.999758
7.4,1,0.999759
7.41,1,0.99976
7.42,1,0.999761
7.43,1,0.999762
7.44,1,0.999763
7.45,1,0.999764
7.46,1,0.999765
7.47,1,0.999766
7.48,1,0.999767
7.49,1,0.999768
7.5,1,0.999769
7.51,1,0.99977
7.52,1,0.999771
7.53,1,0.999772
7.54,1,0.999773
7.55,1,0.999774
7.56,1,0.999775
7.57,1,0.999776
7.58,1,0.999777
7.59,1,0.999778
7.6,1,0.999779
7.61,1,0.99978
7.62,1,0.999781
7.63,1,0.999782
7.64,1,0.999783
7.65,1,0.999784
7.66,1,0.999785
7.67,1,0.999786
7.68,1,0.999787
7.69,1,0.999788
7.7,1,0.999788
7.71,1,0.999789
7.72,1,0.99979
7.73,1,0.999791
7.74,1,0.999792
7.75,1,0.999793
7.76,1,0.999794
7.77,1,0.999795
7.78,1,0.999796
7.79,1,0.999797
7.8,1,0.999798
7.81,1,0.999799
7.82,1,0.9998
7.83,1,0.999801
7.84,1,0.999802
7.85,1,0.999803
7.86,1,0.999803
7.87,1,0.999804
7.88,1,0.999805
7.89,1,0.999806
7.9,1,0.999807
7.91,1,0.999808
7.92,1,0.999809
7.93,1,0.99981
7.94,1,0.999811
7.95,1,0.999812
7.96,1,0.999813
7.97,1,0.999814
7.98,1,0.999815
7.99,1,0.999815
8,1,0.999816
8.01,1,0.999817
8.02,1,0.999818
8.03,1,0.999819
8.04,1,0.99982
8.05,1,0.999821
8.06,1,0.999822
8.07,1,0.999823
8.08,1,0.999824
8.09,1,0.999825
8.1,1,0.999826
8.11,1,0.999826
8.12,1,0.999827
8.13,1,0.999828
8.14,1,0.999829
8.15,1,0.99983
8.16,1,0.999831
8.17,1,0.999832
8.18,1,0.999833
8.19,1,0.999834
8.2,1,0.999835
8.21,1,0.999835
8.22,1,0.999836
8.23,1,0.999837
8.24,1,0.999838
8.25,1,0.999839
8.26,1,0.99984
8.27,1,0.999841
8.28,1,0.999842
8.29,1,0.999842
8.3,1,0.999843
8.31,1,0.999844
8.32,1,0.999845
8.33,1,0.999846
8.34,1,0.999847
8.35,1,0.999848
8.36,1,0.999848
8.37,1,0.999849
8.38,1,0.99985
8.39,1,0.999851
8.4,1,0.999852
8.41,1,0.999853
8.42,1,0.999853
8.43,1,0.999854
8.44,1,0.999855
8.45,1,0.999856
8.46,1,0.999857
8.47,1,0.999857
8.48,1,0.999858
8.49,1,0.999859
8.5,1,0.99986
8.51,1,0.999861
8.52,1,0.999861
8.53,1,0.999862
8.54,1,0.999863
8.55,1,0.999864
8.56,1,0.999865
8.57,1,0.999865
8.58,1,0.999866
8.59,1,0.999867
8.6,1,0.999868
8.61,1,0.999868
8.62,1,0.999869
8.63,1,0.99987
8.64,1,0.999871
8.65,1,0.999871
8.66,1,0.999872
8.67,1,0.999873
8.68,1,0.999874
8.69,1,0.999874
8.7,1,0.999875
8.71,1,0.999876
8.72,1,0.999876
8.73,1,0.999877
8.74,1,0.999878
8.75,1,0.999879
8.76,1,0.999879
8.77,1,0.99988
8.78,1,0.999881
8.79,1,0.999881
8.8,1,0.999882
8.81,1,0.999883
8.82,1,0.999883
8.83,1,0.999884
8.84,1,0.999885
8.85,1,0.999885
8.86,1,0.999886
8.87,1,0.999887
8.88,1,0.999887
8.89,1,0.999888
8.9,1,0.999889
8.91,1,0.999889
8.92,1,0.99989
8.93,1,0.999891
8.94,1,0.999891
8.95,1,0.999892
8.96,1,0.999892
8.97,1,0.999893
8.98,1,0.999894
8.99,1,0.999894
9,1,0.999895
9.01,1,0.999895
9.02,1,0.999896
9.03,1,0.999897
9.04,1,0.999897
9.05,1,0.999898
9.06,1,0.999898
9.07,1,0.999899
9.08,1,0.9999
9.09,1,0.9999
9.1,1,0.999901
9.11,1,0.999901
9.12,1,0.999902
9.13,1,0.999902
9.14,1,0.999903
9.15,1,0.999903
9.16,1,0.999904
9.17,1,0.999904
9.18,1,0.999905
9.19,1,0.999906
9.2,1,0.999906
9.21,1,0.999907
9.22,1,0.999907
9.23,1,0.999908
9.24,1,0.999908
9.25,1,0.999909
9.26,1,0.999909
9.27,1,0.99991
9.28,1,0.99991
9.29,1,0.999911
9.3,1,0.999911
9.31,1,0.999912
9.32,1,0.999912
9.33,1,0.999913
9.34,1,0.999913
9.35,1,0.999914
9.36,1,0.999914
9.37,1,0.999915
9.38,1,0.999915
9.39,1,0.999916
9.4,1,0.999916
9.41,1,0.999916
9.42,1,0.999917
9.43,1,0.999917
9.44,1,0.999918
9.45,1,0.999918
9.46,1,0.999919
9.47,1,0.999919
9.48,1,0.99992
9.49,1,0.99992
9.5,1,0.999921
9.51,1,0.999921
9.52,1,0.999921
9.53,1,0.999922
9.54,1,0.999922
9.55,1,0.999923
9.56,1,0.999923
9.57,1,0.999924
9.58,1,0.999924
9.59,1,0.999924
9.6,1,0.999925
9.61,1,0.999925
9.62,1,0.999926
9.63,1,0.999926
9.64,1,0.999926
9.65,1,0.999927
9.66,1,0.999927
9.67,1,0.999928
9.68,1,0.999928
9.69,1,0.999928
9.7,1,0.999929
9.71,1,0.999929
9.72,1,0.99993
9.73,1,0.99993
9.74,1,0.99993
9.75,1,0.999931
9.76,1,0.999931
9.77,1,0.999931
9.78,1,0.999932
9.79,1,0.999932
9.8,1,0.999933
9.81,1,0.999933
9.82,1,0.999933
9.83,1,0.999934
9.84,1,0.999934
9.85,1,0.999934
9.86,1,0.999935
9.87,1,0.999935
9.88,1,0.999935
9.89,1,0.999936
9.9,1,0.999936
9.91,1,0.999936
9.92,1,0.999937
9.93,1,0.999937
9.94,1,0.999938
9.95,1,0.999938
9.96,1,0.999938
9.97,1,0.999939
9.98,1,0.999939
9.99,1,0.999939
10,1,0.99994
10.01,1,0.99994
10.02,1,0.99994
10.03,1,0.99994
10.04,1,0.999941
10.05,1,0.999941
10.06,1,0.999941
10.07,1,0.999942
10.08,1,0.999942
10.09,1,0.999942
10.1,1,0.999943
10.11,1,0.999943
10.12,1,0.999943
10.13,1,0.999944
10.14,1,0.999944
10.15,1,0.999944
10.16,1,0.999945
10.17,1,0.999945
10.18,1,0.999945
10.19,1,0.999945
10.2,1,0.999946
10.21,1,0.999946
10.22,1,0.999946
10.23,1,0.999947
10.24,1,0.999947
10.25,1,0.999947
10.26,1,0.999948
10.27,1,0.999948
10.28,1,0.999948
10.29,1,0.999948
10.3,1,0.999949
10.31,1,0.999949
10.32,1,0.999949
10.33,1,0.999949
10.34,1,0.99995
10.35,1,0.99995
10.36,1,0.99995
10.37,1,0.999951
10.38,1,0.999951
10.39,1,0.999951
10.4,1,0.999951
10.41,1,0.999952
10.42,1,0.999952
10.43,1,0.999952
10.44,1,0.999952
10.45,1,0.999953
10.46,1,0.999953
10.47,1,0.999953
10.48,1,0.999953
10.49,1,0.999954
10.5,1,0.999954
10.51,1,0.999954
10.52,1,0.999954
10.53,1,0.999955
10.54,1,0.999955
10.55,1,0.999955
10.56,1,0.999955
10.57,1,0.999956
10.58,1,0.999956
10.59,1,0.999956
10.6,1,0.999956
10.61,1,0.999957
10.62,1,0.999957
10.63,1,0.999957
10.64,1,0.999957
10.65,1,0.999958
10.66,1,0.999958
10.67,1,0.999958
10.68,1,0.999958
10.69,1,0.999959
10.7,1,0.999959
10.71,1,0.999959
10.72,1,0.999959
10.73,1,0.999959
10.74,1,0.99996
10.75,1,0.99996
10.76,1,0.99996
10.77,1,0.99996
10.78,1,0.999961
10.79,1,0.999961
10.8,1,0.999961
10.81,1,0.999961
10.82,1,0.999961
10.83,1,0.999962
10.84,1,0.999962
10.85,1,0.999962
10.86,1,0.999962
10.87,1,0.999962
10.88,1,0.999963
10.89,1,0.999963
10.9,1,0.999963
10.91,1,0.999963
10.92,1,0.999963
10.93,1,0.999964
10.94,1,0.999964
10.95,1,0.999964
10.96,1,0.999964
10.97,1,0.999964
10.98,1,0.999965
10.99,1,0.999965
11,1,0.999965
11.01,1,0.999965
11.02,1,0.999965
11.03,1,0.999966
11.04,1,0.999966
11.05,1,0.999966
11.06,1,0.999966
11.07,1,0.999966
11.08,1,0.999967
11.09,1,0.999967
11.1,1,0.999967
11.11,1,0.999967
11.12,1,0.999967
11.13,1,0.999967
11.14,1,0.999968
11.15,1,0.999968
11.16,1,0.999968
11.17,1,0.999968
11.18,1,0.999968
11.19,1,0.999968
11.2,1,0.999969
11.21,1,0.999969
11.22,1,0.999969
11.23,1,0.999969
11.24,1,0.999969
11.25,1,0.99997
11.26,1,0.99997
11.27,1,0.99997
11.28,1,0.99997
11.29,1,0.99997
11.3,1,0.99997
11.31,1,0.999971
11.32,1,0.999971
11.33,1,0.999971
11.34,1,0.999971
11.35,1,0.999971
11.36,1,0.999971
11.37,1,0.999971
11.38,1,0.999972
11.39,1,0.999972
11.4,1,0.999972
11.41,1,0.999972
11.42,1,0.999972
11.43,1,0.999972
11.44,1,0.999973
11.45,1,0.999973
11.46,1,0.999973
11.47,1,0.999973
11.48,1,0.999973
11.49,1,0.999973
11.5,1,0.999973
11.51,1,0.999974
11.52,1,0.999974
11.53,1,0.999974
11.54,1,0.999974
11.55,1,0.999974
11.56,1,0.999974
11.57,1,0.999974
11.58,1,0.999975
11.59,1,0.999975
11.6,1,0.999975
11.61,1,0.999975
11.62,1,0.999975
11.63,1,0.999975
11.64,1,0.999975
11.65,1,0.999976
11.66,1,0.999976
11.67,1,0.999976
11.68,1,0.999976
11.69,1,0.999976
11.7,1,0.999976
11.71,1,0.999976
11.72,1,0.999976
11.73,1,0.999977
11.74,1,0.999977
11.75,1,0.999977
11.76,1,0.999977
11.77,1,0.999977
11.78,1,0.999977
11.79,1,0.999977
11.8,1,0.999977
11.81,1,0.999978
11.82,1,0.999978
11.83,1,0.999978
11.84,1,0.999978
11.85,1,0.999978
11.86,1,0.999978
11.87,1,0.999978
11.88,1,0.999978
11.89,1,0.999979
11.9,1,0.999979
11.91,1,0.999979
11.92,1,0.999979
11.93,1,0.999979
11.94,1,0.999979
11.95,1,0.999979
11.96,1,0.999979
11.97,1,0.999979
11.98,1,0.99998
11.99,1,0.99998
12,1,0.99998
12.01,1,0.99998
12.02,1,0.99998
12.03,1,0.99998
12.04,1,0.99998
12.05,1,0.99998
12.06,1,0.99998
12.07,1,0.999981
12.08,1,0.999981
12.09,1,0.999981
12.1,1,0.999981
12.11,1,0.999981
12.12,1,0.999981
12.13,1,0.999981
12.14,1,0.999981
12.15,1,0.999981
12.16,1,0.999982
12.17,1,0.999982
12.18,1,0.999982
12.19,1,0.999982
12.2,1,0.999982
12.21,1,0.999982
12.22,1,0.999982
12.23,1,0.999982
12.24,1,0.999982
12.25,1,0.999982
12.26,1,0.999983
12.27,1,0.999983
12.28,1,0.999983
12.29,1,0.999983
12.3,1,0.999983
12.31,1,0.999983
12.32,1,0.999983
12.33,1,0.999983
12.34,1,0.999983
12.35,1,0.999983
12.36,1,0.999983
12.37,1,0.999984
12.38,1,0.999984
12.39,1,0.999984
12.4,1,0.999984
12.41,1,0.999984
12.42,1,0.999984
12.43,1,0.999984
12.44,1,0.999984
12.45,1,0.999984
12.46,1,0.999984
12.47,1,0.999984
12.48,1,0.999984
12.49,1,0.999985
12.5,1,0.999985
12.51,1,0.999985
12.52,1,0.999985
12.53,1,0.999985
12.54,1,0.999985
12.55,1,0.999985
12.56,1,0.999985
12.57,1,0.999985
12.58,1,0.999985
12.59,1,0.999985
12.6,1,0.999985
12.61,1,0.999986
12.62,1,0.999986
12.63,1,0.999986
12.64,1,0.999986
12.65,1,0.999986
12.66,1,0.999986
12.67,1,0.999986
12.68,1,0.999986
12.69,1,0.999986
12.7,1,0.999986
12.71,1,0.999986
12.72,1,0.999986
12.73,1,0.999986
12.74,1,0.999987
12.75,1,0.999987
12.76,1,0.999987
12.77,1,0.999987
12.78,1,0.999987
12.79,1,0.999987
12.8,1,0.999987
12.81,1,0.999987
12.82,1,0.999987
12.83,1,0.999987
12.84,1,0.999987
12.85,1,0.999987
12.86,1,0.999987
12.87,1,0.999987
12.88,1,0.999988
12.89,1,0.999988
12.9,1,0.999988
12.91,1,0.999988
12.92,1,0.999988
12.93,1,0.999988
12.94,1,0.999988
12.95,1,0.999988
12.96,1,0.999988
12.97,1,0.999988
12.98,1,0.999988
12.99,1,0.999988
13,1,0.999988
13.01,1,0.999988
13.02,1,0.999988
13.03,1,0.999989
13.04,1,0.999989
13.05,1,0.999989
13.06,1,0.999989
13.07,1,0.999989
13.08,1,0.999989
13.09,1,0.999989
13.1,1,0.999989
13.11,1,0.999989
13.12,1,0.999989
13.13,1,0.999989
13.14,1,0.999989
13.15,1,0.999989
13.16,1,0.999989
13.17,1,0.999989
13.18,1,0.999989
13.19,1,0.99999
13.2,1,0.99999
13.21,1,0.99999
13.22,1,0.99999
13.23,1,0.99999
13.24,1,0.99999
13.25,1,0.99999
13.26,1,0.99999
13.27,1,0.99999
13.28,1,0.99999
13.29,1,0.99999
13.3,1,0.99999
13.31,1,0.99999
13.32,1,0.99999
13.33,1,0.99999
13.34,1,0.99999
13.35,1,0.99999
13.36,1,0.99999
13.37,1,0.99999
13.38,1,0.999991
13.39,1,0.999991
13.4,1,0.999991
13.41,1,0.999991
13.42,1,0.999991
13.43,1,0.999991
13.44,1,0.999991
13.45,1,0.999991
13.46,1,0.999991
13.47,1,0.999991
13.48,1,0.999991
13.49,1,0.999991
13.5,1,0.999991
13.51,1,0.999991
13.52,1,0.999991
13.53,1,0.999991
13.54,1,0.999991
13.55,1,0.999991
13.56,1,0.999991
13.57,1,0.999991
13.58,1,0.999992
13.59,1,0.999992
13.6,1,0.999992
13.61,1,0.999992
13.62,1,0.999992
13.63,1,0.999992
13.64,1,0.999992
13.65,1,0.999992
13.66,1,0.999992
13.67,1,0.999992
13.68,1,0.999992
13.69,1,0.999992
13.7,1,0.999992
13.71,1,0.999992
13.72,1,0.999992
13.73,1,0.999992
13.74,1,0.999992
13.75,1,0.999992
13.76,1,0.999992
13.77,1,0.999992
13.78,1,0.999992
13.79,1,0.999992
13.8,1,0.999992
13.81,1,0.999993
13.82,1,0.999993
13.83,1,0.999993
13.84,1,0.999993
13.85,1,0.999993
13.86,1,0.999993
13.87,1,0.999993
13.88,1,0.999993
13.89,1,0.999993
13.9,1,0.999993
13.91,1,0.999993
13.92,1,0.999993
13.93,1,0.999993
13.94,1,0.999993
13.95,1,0.999993
13.96,1,0.999993
13.97,1,0.999993
13.98,1,0.999993
13.99,1,0.999993
14,1,0.999993
14.01,1,0.999993
14.02,1,0.999993
14.03,1,0.999993
14.04,1,0.999993
14.05,1,0.999993
14.06,1,0.999993
14.07,1,0.999994
14.08,1,0.999994
14.09,1,0.999994
14.1,1,0.999994
14.11,1,0.999994
14.12,1,0.999994
14.13,1,0.999994
14.14,1,0.999994
14.15,1,0.999994
14.16,1,0.999994
14.17,1,0.999994
14.18,1,0.999994
14.19,1,0.999994
14.2,1,0.999994
14.21,1,0.999994
14.22,1,0.999994
14.23,1,0.999994
14.24,1,0.999994
14.25,1,0.999994
14.26,1,0.999994
14.27,1,0.999994
14.28,1,0.999994
14.29,1,0.999994
14.3,1,0.999994
14.31,1,0.999994
14.32,1,0.999994
14.33,1,0.999994
14.34,1,0.999994
14.35,1,0.999994
14.36,1,0.999994
14.37,1,0.999995
14.38,1,0.999995
14.39,1,0.999995
14.4,1,0.999995
14.41,1,0.999995
14.42,1,0.999995
14.43,1,0.999995
14.44,1,0.999995
14.45,1,0.999995
14.46,1,0.999995
14.47,1,0.999995
14.48,1,0.999995
14.49,1,0.999995
14.5,1,0.999995
14.51,1,0.999995
14.52,1,0.999995
14.53,1,0.999995
14.54,1,0.999995
14.55,1,0.999995
14.56,1,0.999995
14.57,1,0.999995
14.58,1,0.999995
14.59,1,0.999995
14.6,1,0.999995
14.61,1,0.999995
14.62,1,0.999995
14.63,1,0.999995
14.64,1,0.999995
14.65,1,0.999995
14.66,1,0.999995
14.67,1,0.999995
14.68,1,0.999995
14.69,1,0.999995
14.7,1,0.999995
14.71,1,0.999995
14.72,1,0.999995
14.73,1,0.999995
14.74,1,0.999996
14.75,1,0.999996
14.76,1,0.999996
14.77,1,0.999996
14.78,1,0.999996
14.79,1,0.999996
14.8,1,0.999996
14.81,1,0.999996
14.82,1,0.999996
14.83,1,0.999996
14.84,1,0.999996
14.85,1,0.999996
14.86,1,0.999996
14.87,1,0.999996
14.88,1,0.999996
14.89,1,0.999996
14.9,1,0.999996
14.91,1,0.999996
14.92,1,0.999996
14.93,1,0.999996
14.94,1,0.999996
14.95,1,0.999996
14.96,1,0.999996
14.97,1,0.999996
14.98,1,0.999996
14.99,1,0.999996
15,1,0.999996
