time,Step_Input,Underdamped,Critical,Overdamped
0,0,0,0,0
0.01,0,0,0,0
0.02,0,0,0,0
0.03,0,0,0,0
0.04,0,0,0,0
0.05,0,0,0,0
0.06,0,0,0,0
0.07,0,0,0,0
0.08,0,0,0,0
0.09,0,0,0,0
0.1,0,0,0,0
0.11,0,0,0,0
0.12,0,0,0,0
0.13,0,0,0,0
0.14,0,0,0,0
0.15,0,0,0,0
0.16,0,0,0,0
0.17,0,0,0,0
0.18,0,0,0,0
0.19,0,0,0,0
0.2,0,0,0,0
0.21,0,0,0,0
0.22,0,0,0,0
0.23,0,0,0,0
0.24,0,0,0,0
0.25,0,0,0,0
0.26,0,0,0,0
0.27,0,0,0,0
0.28,0,0,0,0
0.29,0,0,0,0
0.3,0,0,0,0
0.31,0,0,0,0
0.32,0,0,0,0
0.33,0,0,0,0
0.34,0,0,0,0
0.35,0,0,0,0
0.36,0,0,0,0
0.37,0,0,0,0
0.38,0,0,0,0
0.39,0,0,0,0
0.4,0,0,0,0
0.41,0,0,0,0
0.42,0,0,0,0
0.43,0,0,0,0
0.44,0,0,0,0
0.45,0,0,0,0
0.46,0,0,0,0
0.47,0,0,0,0
0.48,0,0,0,0
0.49,0,0,0,0
0.5,0,0,0,0
0.51,0,0,0,0
0.52,0,0,0,0
0.53,0,0,0,0
0.54,0,0,0,0
0.55,0,0,0,0
0.56,0,0,0,0
0.57,0,0,0,0
0.58,0,0,0,0
0.59,0,0,0,0
0.6,0,0,0,0
0.61,0,0,0,0
0.62,0,0,0,0
0.63,0,0,0,0
0.64,0,0,0,0
0.65,0,0,0,0
0.66,0,0,0,0
0.67,0,0,0,0
0.68,0,0,0,0
0.69,0,0,0,0
0.7,0,0,0,0
0.71,0,0,0,0
0.72,0,0,0,0
0.73,0,0,0,0
0.74,0,0,0,0
0.75,0,0,0,0
0.76,0,0,0,0
0.77,0,0,0,0
0.78,0,0,0,0
0.79,0,0,0,0
0.8,0,0,0,0
0.81,0,0,0,0
0.82,0,0,0,0
0.83,0,0,0,0
0.84,0,0,0,0
0.85,0,0,0,0
0.86,0,0,0,0
0.87,0,0,0,0
0.88,0,0,0,0
0.89,0,0,0,0
0.9,0,0,0,0
0.91,0,0,0,0
0.92,0,0,0,0
0.93,0,0,0,0
0.94,0,0,0,0
0.95,0,0,0,0
0.96,0,0,0,0
0.97,0,0,0,0
0.98,0,0,0,0
0.99,0,0,0,0
1,0,0,0,0
1.01,1,5e-05,5e-05,5e-05
1.02,1,0.000166229,0.000164514,0.000162401
1.03,1,0.000398444,0.000392414,0.000385067
1.04,1,0.000729491,0.000714769,0.000696989
1.05,1,0.00115894,0.00112968,0.00109464
1.06,1,0.00168636,0.00163526,0.00157461
1.07,1,0.00231131,0.00222968,0.00213364
1.08,1,0.00303333,0.00291111,0.00276856
1.09,1,0.00385197,0.00367777,0.00347634
1.1,1,0.00476675,0.00452789,0.00425406
1.11,1,0.00577721,0.00545973,0.00509889
1.12,1,0.00688285,0.00647158,0.00600811
1.13,1,0.00808319,0.00756177,0.00697913
1.14,1,0.00937774,0.00872862,0.00800941
1.15,1,0.010766,0.00997051,0.00909653
1.16,1,0.0122474,0.0112858,0.0102382
1.17,1,0.0138215,0.012673,0.011432
1.18,1,0.0154877,0.0141304,0.012676
1.19,1,0.0172455,0.0156566,0.013968
1.2,1,0.0190944,0.0172501,0.015306
1.21,1,0.0210338,0.0189092,0.016688
1.22,1,0.0230632,0.0206327,0.0181123
1.23,1,0.0251819,0.022419,0.0195769
1.24,1,0.0273895,0.0242667,0.0210803
1.25,1,0.0296853,0.0261744,0.0226206
1.26,1,0.0320688,0.0281408,0.0241963
1.27,1,0.0345394,0.0301644,0.025806
1.28,1,0.0370965,0.032244,0.027448
1.29,1,0.0397395,0.0343782,0.0291209
1.3,1,0.0424677,0.0365658,0.0308234
1.31,1,0.0452807,0.0388054,0.0325542
1.32,1,0.0481776,0.0410959,0.0343119
1.33,1,0.051158,0.0434359,0.0360954
1.34,1,0.0542212,0.0458243,0.0379035
1.35,1,0.0573666,0.0482599,0.0397349
1.36,1,0.0605935,0.0507415,0.0415887
1.37,1,0.0639012,0.0532679,0.0434637
1.38,1,0.0672892,0.055838,0.045359
1.39,1,0.0707567,0.0584508,0.0472735
1.4,1,0.0743031,0.061105,0.0492064
1.41,1,0.0779277,0.0637996,0.0511567
1.42,1,0.0816299,0.0665335,0.0531235
1.43,1,0.085409,0.0693057,0.055106
1.44,1,0.0892643,0.0721152,0.0571034
1.45,1,0.093195,0.0749609,0.0591149
1.46,1,0.0972006,0.0778418,0.0611398
1.47,1,0.10128,0.080757,0.0631773
1.48,1,0.105433,0.0837055,0.0652267
1.49,1,0.109659,0.0866863,0.0672875
1.5,1,0.113957,0.0896985,0.0693588
1.51,1,0.118326,0.0927412,0.0714402
1.52,1,0.122766,0.0958134,0.0735309
1.53,1,0.127275,0.0989144,0.0756305
1.54,1,0.131853,0.102043,0.0777384
1.55,1,0.1365,0.105199,0.0798541
1.56,1,0.141215,0.108381,0.0819769
1.57,1,0.145996,0.111588,0.0841066
1.58,1,0.150844,0.114819,0.0862425
1.59,1,0.155757,0.118074,0.0883842
1.6,1,0.160734,0.121353,0.0905313
1.61,1,0.165776,0.124653,0.0926834
1.62,1,0.17088,0.127974,0.09484
1.63,1,0.176047,0.131316,0.0970008
1.64,1,0.181276,0.134678,0.0991654
1.65,1,0.186565,0.138059,0.101333
1.66,1,0.191915,0.141458,0.103505
1.67,1,0.197323,0.144875,0.105678
1.68,1,0.202791,0.148309,0.107855
1.69,1,0.208316,0.15176,0.110033
1.7,1,0.213897,0.155226,0.112213
1.71,1,0.219536,0.158707,0.114395
1.72,1,0.225229,0.162202,0.116578
1.73,1,0.230977,0.165711,0.118762
1.74,1,0.236779,0.169233,0.120947
1.75,1,0.242634,0.172768,0.123132
1.76,1,0.248541,0.176315,0.125318
1.77,1,0.2545,0.179873,0.127503
1.78,1,0.260509,0.183441,0.129689
1.79,1,0.266568,0.18702,0.131874
1.8,1,0.272676,0.190609,0.134058
1.81,1,0.278832,0.194206,0.136242
1.82,1,0.285035,0.197812,0.138425
1.83,1,0.291286,0.201427,0.140606
1.84,1,0.297581,0.205048,0.142787
1.85,1,0.303922,0.208677,0.144965
1.86,1,0.310307,0.212312,0.147143
1.87,1,0.316736,0.215953,0.149318
1.88,1,0.323207,0.2196,0.151492
1.89,1,0.329719,0.223251,0.153663
1.9,1,0.336273,0.226908,0.155832
1.91,1,0.342866,0.230568,0.157999
1.92,1,0.349499,0.234232,0.160164
1.93,1,0.356171,0.2379,0.162326
1.94,1,0.36288,0.24157,0.164485
1.95,1,0.369625,0.245243,0.166642
1.96,1,0.376407,0.248917,0.168796
1.97,1,0.383224,0.252594,0.170947
1.98,1,0.390075,0.256271,0.173094
1.99,1,0.39696,0.259949,0.175239
2,1,0.403877,0.263628,0.17738
2.01,1,0.410827,0.267307,0.179518
2.02,1,0.417807,0.270985,0.181653
2.03,1,0.424818,0.274663,0.183784
2.04,1,0.431858,0.27834,0.185911
2.05,1,0.438926,0.282015,0.188035
2.06,1,0.446023,0.285689,0.190155
2.07,1,0.453146,0.289361,0.192272
2.08,1,0.460295,0.29303,0.194385
2.09,1,0.46747,0.296697,0.196493
2.1,1,0.47467,0.30036,0.198598
2.11,1,0.481893,0.304021,0.200699
2.12,1,0.489138,0.307678,0.202796
2.13,1,0.496406,0.311331,0.204889
2.14,1,0.503696,0.31498,0.206977
2.15,1,0.511005,0.318624,0.209062
2.16,1,0.518334,0.322264,0.211142
2.17,1,0.525682,0.325898,0.213218
2.18,1,0.533048,0.329528,0.21529
2.19,1,0.540432,0.333152,0.217358
2.2,1,0.547831,0.33677,0.219421
2.21,1,0.555247,0.340383,0.22148
2.22,1,0.562677,0.343989,0.223534
2.23,1,0.570121,0.347588,0.225584
2.24,1,0.577578,0.351181,0.227629
2.25,1,0.585047,0.354767,0.22967
2.26,1,0.592528,0.358346,0.231707
2.27,1,0.60002,0.361918,0.233739
2.28,1,0.607522,0.365482,0.235766
2.29,1,0.615034,0.369038,0.237789
2.3,1,0.622553,0.372586,0.239807
2.31,1,0.63008,0.376127,0.24182
2.32,1,0.637615,0.379658,0.243829
2.33,1,0.645155,0.383182,0.245834
2.34,1,0.6527,0.386696,0.247833
2.35,1,0.66025,0.390202,0.249828
2.36,1,0.667804,0.393699,0.251818
2.37,1,0.675361,0.397186,0.253804
2.38,1,0.68292,0.400664,0.255785
2.39,1,0.690481,0.404133,0.257761
2.4,1,0.698042,0.407592,0.259732
2.41,1,0.705603,0.411041,0.261699
2.42,1,0.713164,0.41448,0.263661
2.43,1,0.720723,0.417909,0.265618
2.44,1,0.728279,0.421328,0.26757
2.45,1,0.735833,0.424736,0.269518
2.46,1,0.743382,0.428134,0.271461
2.47,1,0.750927,0.431521,0.273399
2.48,1,0.758467,0.434897,0.275333
2.49,1,0.766001,0.438262,0.277261
2.5,1,0.773529,0.441617,0.279185
2.51,1,0.781048,0.44496,0.281104
2.52,1,0.78856,0.448292,0.283018
2.53,1,0.796063,0.451613,0.284928
2.54,1,0.803556,0.454922,0.286832
2.55,1,0.811038,0.458219,0.288732
2.56,1,0.81851,0.461505,0.290628
2.57,1,0.82597,0.464779,0.292518
2.58,1,0.833418,0.468042,0.294404
2.59,1,0.840852,0.471292,0.296284
2.6,1,0.848273,0.474531,0.29816
2.61,1,0.85568,0.477757,0.300032
2.62,1,0.863071,0.480971,0.301898
2.63,1,0.870446,0.484173,0.30376
2.64,1,0.877805,0.487362,0.305617
2.65,1,0.885146,0.49054,0.307469
2.66,1,0.89247,0.493704,0.309317
2.67,1,0.899775,0.496856,0.31116
2.68,1,0.907061,0.499996,0.312998
2.69,1,0.914327,0.503123,0.314831
2.7,1,0.921573,0.506237,0.31666
2.71,1,0.928798,0.509338,0.318484
2.72,1,0.936001,0.512427,0.320303
2.73,1,0.943182,0.515502,0.322118
2.74,1,0.950339,0.518565,0.323927
2.75,1,0.957473,0.521615,0.325732
2.76,1,0.964583,0.524652,0.327533
2.77,1,0.971668,0.527675,0.329329
2.78,1,0.978727,0.530686,0.33112
2.79,1,0.985761,0.533683,0.332906
2.8,1,0.992767,0.536667,0.334688
2.81,1,0.999747,0.539638,0.336465
2.82,1,1.0067,0.542596,0.338237
2.83,1,1.01362,0.54554,0.340005
2.84,1,1.02052,0.548471,0.341769
2.85,1,1.02738,0.551389,0.343527
2.86,1,1.03422,0.554294,0.345281
2.87,1,1.04102,0.557185,0.347031
2.88,1,1.04779,0.560062,0.348775
2.89,1,1.05453,0.562927,0.350516
2.9,1,1.06124,0.565777,0.352251
2.91,1,1.06792,0.568615,0.353982
2.92,1,1.07456,0.571439,0.355709
2.93,1,1.08117,0.574249,0.357431
2.94,1,1.08774,0.577046,0.359148
2.95,1,1.09428,0.579829,0.360861
2.96,1,1.10078,0.582599,0.36257
2.97,1,1.10725,0.585355,0.364274
2.98,1,1.11368,0.588098,0.365973
2.99,1,1.12007,0.590827,0.367668
3,1,1.12643,0.593543,0.369359
3.01,1,1.13275,0.596245,0.371045
3.02,1,1.13903,0.598934,0.372726
3.03,1,1.14527,0.601609,0.374403
3.04,1,1.15147,0.604271,0.376076
3.05,1,1.15763,0.606919,0.377744
3.06,1,1.16375,0.609553,0.379408
3.07,1,1.16983,0.612174,0.381068
3.08,1,1.17587,0.614782,0.382723
3.09,1,1.18187,0.617376,0.384373
3.1,1,1.18782,0.619956,0.38602
3.11,1,1.19374,0.622524,0.387662
3.12,1,1.19961,0.625077,0.389299
3.13,1,1.20543,0.627617,0.390932
3.14,1,1.21122,0.630144,0.392561
3.15,1,1.21695,0.632658,0.394186
3.16,1,1.22265,0.635157,0.395806
3.17,1,1.2283,0.637644,0.397422
3.18,1,1.2339,0.640117,0.399034
3.19,1,1.23946,0.642577,0.400641
3.2,1,1.24497,0.645024,0.402244
3.21,1,1.25044,0.647457,0.403843
3.22,1,1.25585,0.649877,0.405437
3.23,1,1.26123,0.652284,0.407028
3.24,1,1.26655,0.654677,0.408614
3.25,1,1.27183,0.657057,0.410196
3.26,1,1.27705,0.659424,0.411773
3.27,1,1.28223,0.661778,0.413347
3.28,1,1.28736,0.664119,0.414916
3.29,1,1.29245,0.666447,0.416481
3.3,1,1.29748,0.668761,0.418042
3.31,1,1.30246,0.671063,0.419599
3.32,1,1.30739,0.673352,0.421151
3.33,1,1.31227,0.675627,0.4227
3.34,1,1.31711,0.67789,0.424244
3.35,1,1.32189,0.68014,0.425785
3.36,1,1.32661,0.682377,0.427321
3.37,1,1.33129,0.684601,0.428853
3.38,1,1.33592,0.686812,0.430381
3.39,1,1.34049,0.68901,0.431905
3.4,1,1.34501,0.691196,0.433424
3.41,1,1.34948,0.693369,0.43494
3.42,1,1.3539,0.695529,0.436452
3.43,1,1.35826,0.697677,0.43796
3.44,1,1.36257,0.699812,0.439463
3.45,1,1.36683,0.701935,0.440963
3.46,1,1.37103,0.704045,0.442458
3.47,1,1.37518,0.706142,0.44395
3.48,1,1.37928,0.708227,0.445438
3.49,1,1.38332,0.7103,0.446922
3.5,1,1.3873,0.71236,0.448401
3.51,1,1.39124,0.714409,0.449877
3.52,1,1.39511,0.716444,0.451349
3.53,1,1.39894,0.718468,0.452817
3.54,1,1.4027,0.720479,0.454281
3.55,1,1.40642,0.722478,0.455741
3.56,1,1.41007,0.724465,0.457197
3.57,1,1.41367,0.72644,0.458649
3.58,1,1.41722,0.728403,0.460098
3.59,1,1.42071,0.730354,0.461542
3.6,1,1.42414,0.732293,0.462983
3.61,1,1.42752,0.73422,0.46442
3.62,1,1.43084,0.736136,0.465853
3.63,1,1.43411,0.738039,0.467282
3.64,1,1.43732,0.739931,0.468707
3.65,1,1.44047,0.741811,0.470129
3.66,1,1.44357,0.743679,0.471547
3.67,1,1.44661,0.745536,0.472961
3.68,1,1.44959,0.747381,0.474371
3.69,1,1.45252,0.749215,0.475777
3.7,1,1.45539,0.751037,0.47718
3.71,1,1.4582,0.752848,0.478579
3.72,1,1.46095,0.754647,0.479974
3.73,1,1.46365,0.756435,0.481366
3.74,1,1.46629,0.758212,0.482753
3.75,1,1.46888,0.759978,0.484137
3.76,1,1.4714,0.761732,0.485518
3.77,1,1.47387,0.763475,0.486894
3.78,1,1.47629,0.765207,0.488267
3.79,1,1.47864,0.766928,0.489636
3.8,1,1.48094,0.768638,0.491002
3.81,1,1.48318,0.770337,0.492364
3.82,1,1.48537,0.772025,0.493722
3.83,1,1.48749,0.773702,0.495077
3.84,1,1.48956,0.775369,0.496428
3.85,1,1.49158,0.777025,0.497775
3.86,1,1.49353,0.77867,0.499119
3.87,1,1.49543,0.780304,0.50046
3.88,1,1.49727,0.781928,0.501796
3.89,1,1.49906,0.783541,0.503129
3.9,1,1.50078,0.785144,0.504459
3.91,1,1.50246,0.786736,0.505785
3.92,1,1.50407,0.788317,0.507107
3.93,1,1.50563,0.789889,0.508426
3.94,1,1.50713,0.79145,0.509741
3.95,1,1.50857,0.793001,0.511053
3.96,1,1.50996,0.794541,0.512362
3.97,1,1.51129,0.796072,0.513666
3.98,1,1.51256,0.797592,0.514968
3.99,1,1.51378,0.799103,0.516266
4,1,1.51494,0.800603,0.51756
4.01,1,1.51605,0.802093,0.518851
4.02,1,1.5171,0.803573,0.520138
4.03,1,1.5181,0.805044,0.521422
4.04,1,1.51903,0.806505,0.522703
4.05,1,1.51992,0.807956,0.52398
4.06,1,1.52075,0.809397,0.525254
4.07,1,1.52152,0.810828,0.526524
4.08,1,1.52224,0.81225,0.527791
4.09,1,1.5229,0.813663,0.529055
4.1,1,1.52351,0.815066,0.530315
4.11,1,1.52406,0.816459,0.531572
4.12,1,1.52456,0.817843,0.532825
4.13,1,1.525,0.819217,0.534075
4.14,1,1.52539,0.820583,0.535322
4.15,1,1.52573,0.821939,0.536566
4.16,1,1.52601,0.823285,0.537806
4.17,1,1.52624,0.824623,0.539042
4.18,1,1.52641,0.825952,0.540276
4.19,1,1.52654,0.827271,0.541506
4.2,1,1.5266,0.828581,0.542733
4.21,1,1.52662,0.829883,0.543956
4.22,1,1.52658,0.831175,0.545177
4.23,1,1.52649,0.832459,0.546394
4.24,1,1.52635,0.833734,0.547608
4.25,1,1.52616,0.835,0.548818
4.26,1,1.52592,0.836257,0.550025
4.27,1,1.52562,0.837505,0.55123
4.28,1,1.52527,0.838745,0.55243
4.29,1,1.52487,0.839977,0.553628
4.3,1,1.52442,0.8412,0.554822
4.31,1,1.52392,0.842414,0.556014
4.32,1,1.52337,0.84362,0.557202
4.33,1,1.52277,0.844817,0.558387
4.34,1,1.52212,0.846006,0.559568
4.35,1,1.52142,0.847187,0.560747
4.36,1,1.52067,0.84836,0.561922
4.37,1,1.51988,0.849524,0.563094
4.38,1,1.51903,0.85068,0.564264
4.39,1,1.51813,0.851828,0.56543
4.4,1,1.51719,0.852969,0.566592
4.41,1,1.5162,0.854101,0.567752
4.42,1,1.51516,0.855225,0.568909
4.43,1,1.51408,0.856341,0.570062
4.44,1,1.51294,0.857449,0.571213
4.45,1,1.51176,0.858549,0.57236
4.46,1,1.51054,0.859642,0.573505
4.47,1,1.50927,0.860727,0.574646
4.48,1,1.50795,0.861804,0.575784
4.49,1,1.50659,0.862874,0.576919
4.5,1,1.50518,0.863936,0.578051
4.51,1,1.50372,0.86499,0.57918
4.52,1,1.50223,0.866037,0.580306
4.53,1,1.50069,0.867076,0.58143
4.54,1,1.4991,0.868108,0.58255
4.55,1,1.49747,0.869133,0.583667
4.56,1,1.4958,0.87015,0.584781
4.57,1,1.49408,0.87116,0.585892
4.58,1,1.49233,0.872163,0.587
4.59,1,1.49053,0.873159,0.588105
4.6,1,1.48869,0.874147,0.589207
4.61,1,1.4868,0.875128,0.590306
4.62,1,1.48488,0.876102,0.591403
4.63,1,1.48292,0.87707,0.592496
4.64,1,1.48091,0.87803,0.593587
4.65,1,1.47887,0.878983,0.594674
4.66,1,1.47678,0.87993,0.595759
4.67,1,1.47466,0.880869,0.59684
4.68,1,1.4725,0.881802,0.597919
4.69,1,1.47029,0.882728,0.598995
4.7,1,1.46806,0.883647,0.600068
4.71,1,1.46578,0.88456,0.601138
4.72,1,1.46346,0.885465,0.602206
4.73,1,1.46111,0.886365,0.60327
4.74,1,1.45873,0.887257,0.604332
4.75,1,1.4563,0.888144,0.60539
4.76,1,1.45384,0.889023,0.606446
4.77,1,1.45135,0.889897,0.6075
4.78,1,1.44881,0.890764,0.60855
4.79,1,1.44625,0.891624,0.609597
4.8,1,1.44365,0.892479,0.610642
4.81,1,1.44102,0.893327,0.611684
4.82,1,1.43835,0.894168,0.612723
4.83,1,1.43565,0.895004,0.613759
4.84,1,1.43292,0.895833,0.614793
4.85,1,1.43015,0.896657,0.615824
4.86,1,1.42735,0.897474,0.616852
4.87,1,1.42453,0.898285,0.617877
4.88,1,1.42167,0.89909,0.618899
4.89,1,1.41878,0.89989,0.619919
4.9,1,1.41586,0.900683,0.620936
4.91,1,1.4129,0.901471,0.621951
4.92,1,1.40992,0.902252,0.622962
4.93,1,1.40692,0.903028,0.623971
4.94,1,1.40388,0.903798,0.624977
4.95,1,1.40081,0.904562,0.625981
4.96,1,1.39772,0.905321,0.626982
4.97,1,1.3946,0.906074,0.62798
4.98,1,1.39145,0.906822,0.628975
4.99,1,1.38828,0.907563,0.629968
5,1,1.38508,0.9083,0.630958
5.01,1,1.38185,0.909031,0.631946
5.02,1,1.3786,0.909756,0.632931
5.03,1,1.37532,0.910476,0.633913
5.04,1,1.37202,0.91119,0.634893
5.05,1,1.3687,0.911899,0.63587
5.06,1,1.36535,0.912603,0.636844
5.07,1,1.36198,0.913302,0.637816
5.08,1,1.35859,0.913995,0.638785
5.09,1,1.35517,0.914683,0.639751
5.1,1,1.35173,0.915366,0.640715
5.11,1,1.34828,0.916044,0.641677
5.12,1,1.3448,0.916717,0.642636
5.13,1,1.3413,0.917384,0.643592
5.14,1,1.33778,0.918047,0.644546
5.15,1,1.33424,0.918704,0.645497
5.16,1,1.33068,0.919357,0.646445
5.17,1,1.3271,0.920004,0.647392
5.18,1,1.3235,0.920647,0.648335
5.19,1,1.31989,0.921285,0.649276
5.2,1,1.31625,0.921918,0.650215
5.21,1,1.31261,0.922546,0.651151
5.22,1,1.30894,0.92317,0.652084
5.23,1,1.30526,0.923788,0.653015
5.24,1,1.30156,0.924402,0.653944
5.25,1,1.29785,0.925012,0.65487
5.26,1,1.29412,0.925616,0.655793
5.27,1,1.29038,0.926217,0.656714
5.28,1,1.28662,0.926812,0.657633
5.29,1,1.28285,0.927403,0.658549
5.3,1,1.27907,0.927989,0.659463
5.31,1,1.27527,0.928571,0.660374
5.32,1,1.27146,0.929149,0.661283
5.33,1,1.26764,0.929722,0.662189
5.34,1,1.26381,0.930291,0.663093
5.35,1,1.25997,0.930855,0.663995
5.36,1,1.25612,0.931415,0.664894
5.37,1,1.25225,0.931971,0.66579
5.38,1,1.24838,0.932522,0.666685
5.39,1,1.2445,0.933069,0.667577
5.4,1,1.24061,0.933612,0.668466
5.41,1,1.23671,0.934151,0.669353
5.42,1,1.2328,0.934686,0.670238
5.43,1,1.22888,0.935216,0.671121
5.44,1,1.22496,0.935743,0.672001
5.45,1,1.22103,0.936265,0.672878
5.46,1,1.21709,0.936784,0.673754
5.47,1,1.21315,0.937298,0.674627
5.48,1,1.20921,0.937808,0.675497
5.49,1,1.20525,0.938315,0.676366
5.5,1,1.2013,0.938817,0.677232
5.51,1,1.19733,0.939316,0.678095
5.52,1,1.19337,0.939811,0.678957
5.53,1,1.1894,0.940301,0.679816
5.54,1,1.18543,0.940789,0.680673
5.55,1,1.18145,0.941272,0.681527
5.56,1,1.17748,0.941751,0.682379
5.57,1,1.1735,0.942227,0.683229
5.58,1,1.16952,0.942699,0.684077
5.59,1,1.16554,0.943168,0.684922
5.6,1,1.16156,0.943633,0.685765
5.61,1,1.15757,0.944094,0.686606
5.62,1,1.15359,0.944551,0.687445
5.63,1,1.14961,0.945005,0.688281
5.64,1,1.14563,0.945456,0.689115
5.65,1,1.14165,0.945903,0.689947
5.66,1,1.13767,0.946346,0.690777
5.67,1,1.1337,0.946786,0.691604
5.68,1,1.12973,0.947223,0.69243
5.69,1,1.12576,0.947656,0.693253
5.7,1,1.12179,0.948086,0.694073
5.71,1,1.11783,0.948512,0.694892
5.72,1,1.11387,0.948935,0.695708
5.73,1,1.10992,0.949355,0.696523
5.74,1,1.10597,0.949771,0.697335
5.75,1,1.10202,0.950184,0.698145
5.76,1,1.09808,0.950594,0.698952
5.77,1,1.09415,0.951001,0.699758
5.78,1,1.09022,0.951404,0.700561
5.79,1,1.08631,0.951805,0.701363
5.8,1,1.08239,0.952202,0.702162
5.81,1,1.07849,0.952596,0.702959
5.82,1,1.07459,0.952986,0.703754
5.83,1,1.0707,0.953374,0.704546
5.84,1,1.06682,0.953759,0.705337
5.85,1,1.06295,0.954141,0.706126
5.86,1,1.05909,0.954519,0.706912
5.87,1,1.05523,0.954895,0.707696
5.88,1,1.05139,0.955268,0.708478
5.89,1,1.04755,0.955638,0.709258
5.9,1,1.04373,0.956004,0.710036
5.91,1,1.03992,0.956368,0.710812
5.92,1,1.03612,0.956729,0.711586
5.93,1,1.03233,0.957087,0.712358
5.94,1,1.02855,0.957443,0.713128
5.95,1,1.02479,0.957795,0.713895
5.96,1,1.02104,0.958145,0.714661
5.97,1,1.0173,0.958492,0.715424
5.98,1,1.01357,0.958836,0.716186
5.99,1,1.00986,0.959177,0.716945
6,1,1.00616,0.959516,0.717703
6.01,1,1.00247,0.959852,0.718458
6.02,1,0.998804,0.960185,0.719212
6.03,1,0.995149,0.960516,0.719963
6.04,1,0.991509,0.960844,0.720712
6.05,1,0.987883,0.96117,0.72146
6.06,1,0.984274,0.961492,0.722205
6.07,1,0.980681,0.961813,0.722948
6.08,1,0.977104,0.96213,0.72369
6.09,1,0.973543,0.962445,0.724429
6.1,1,0.969999,0.962758,0.725167
6.11,1,0.966473,0.963068,0.725902
6.12,1,0.962964,0.963376,0.726635
6.13,1,0.959472,0.963681,0.727367
6.14,1,0.955999,0.963984,0.728096
6.15,1,0.952544,0.964284,0.728824
6.16,1,0.949107,0.964582,0.72955
6.17,1,0.945689,0.964877,0.730273
6.18,1,0.94229,0.96517,0.730995
6.19,1,0.938911,0.965461,0.731715
6.2,1,0.935551,0.965749,0.732433
6.21,1,0.932211,0.966036,0.733149
6.22,1,0.928891,0.966319,0.733863
6.23,1,0.925592,0.966601,0.734575
6.24,1,0.922313,0.96688,0.735285
6.25,1,0.919055,0.967157,0.735994
6.26,1,0.915818,0.967432,0.7367
6.27,1,0.912602,0.967704,0.737405
6.28,1,0.909408,0.967975,0.738107
6.29,1,0.906235,0.968243,0.738808
6.3,1,0.903085,0.968509,0.739507
6.31,1,0.899957,0.968773,0.740204
6.32,1,0.896851,0.969034,0.740899
6.33,1,0.893768,0.969294,0.741593
6.34,1,0.890708,0.969551,0.742284
6.35,1,0.887671,0.969807,0.742974
6.36,1,0.884658,0.97006,0.743662
6.37,1,0.881668,0.970312,0.744347
6.38,1,0.878701,0.970561,0.745032
6.39,1,0.875759,0.970808,0.745714
6.4,1,0.872841,0.971053,0.746394
6.41,1,0.869947,0.971296,0.747073
6.42,1,0.867078,0.971538,0.74775
6.43,1,0.864233,0.971777,0.748425
6.44,1,0.861413,0.972014,0.749098
6.45,1,0.858619,0.97225,0.749769
6.46,1,0.855849,0.972483,0.750439
6.47,1,0.853106,0.972715,0.751107
6.48,1,0.850387,0.972945,0.751773
6.49,1,0.847695,0.973173,0.752437
6.5,1,0.845028,0.973399,0.753099
6.51,1,0.842388,0.973623,0.75376
6.52,1,0.839774,0.973845,0.754419
6.53,1,0.837186,0.974066,0.755076
6.54,1,0.834625,0.974284,0.755732
6.55,1,0.83209,0.974501,0.756385
6.56,1,0.829583,0.974716,0.757037
6.57,1,0.827102,0.97493,0.757687
6.58,1,0.824649,0.975141,0.758336
6.59,1,0.822223,0.975351,0.758982
6.6,1,0.819824,0.97556,0.759627
6.61,1,0.817453,0.975766,0.76027
6.62,1,0.815109,0.975971,0.760912
6.63,1,0.812794,0.976174,0.761552
6.64,1,0.810506,0.976376,0.76219
6.65,1,0.808246,0.976575,0.762826
6.66,1,0.806015,0.976774,0.763461
6.67,1,0.803812,0.97697,0.764094
6.68,1,0.801637,0.977165,0.764725
6.69,1,0.79949,0.977358,0.765355
6.7,1,0.797373,0.97755,0.765982
6.71,1,0.795284,0.97774,0.766609
6.72,1,0.793223,0.977929,0.767233
6.73,1,0.791192,0.978116,0.767856
6.74,1,0.789189,0.978302,0.768477
6.75,1,0.787216,0.978486,0.769097
6.76,1,0.785271,0.978668,0.769715
6.77,1,0.783356,0.978849,0.770331
6.78,1,0.78147,0.979029,0.770945
6.79,1,0.779614,0.979207,0.771558
6.8,1,0.777786,0.979383,0.77217
6.81,1,0.775989,0.979558,0.772779
6.82,1,0.77422,0.979732,0.773387
6.83,1,0.772482,0.979904,0.773994
6.84,1,0.770773,0.980075,0.774599
6.85,1,0.769094,0.980245,0.775202
6.86,1,0.767444,0.980413,0.775803
6.87,1,0.765824,0.980579,0.776403
6.88,1,0.764235,0.980744,0.777001
6.89,1,0.762675,0.980908,0.777598
6.9,1,0.761144,0.981071,0.778193
6.91,1,0.759644,0.981232,0.778787
6.92,1,0.758174,0.981392,0.779379
6.93,1,0.756734,0.98155,0.779969
6.94,1,0.755324,0.981708,0.780558
6.95,1,0.753944,0.981864,0.781145
6.96,1,0.752594,0.982018,0.781731
6.97,1,0.751274,0.982172,0.782315
6.98,1,0.749984,0.982324,0.782897
6.99,1,0.748724,0.982474,0.783478
7,1,0.747495,0.982624,0.784058
7.01,1,0.746295,0.982772,0.784636
7.02,1,0.745126,0.982919,0.785212
7.03,1,0.743986,0.983065,0.785787
7.04,1,0.742877,0.98321,0.78636
7.05,1,0.741798,0.983353,0.786931
7.06,1,0.740749,0.983496,0.787502
7.07,1,0.73973,0.983637,0.78807
7.08,1,0.738741,0.983777,0.788637
7.09,1,0.737782,0.983915,0.789203
7.1,1,0.736853,0.984053,0.789767
7.11,1,0.735954,0.984189,0.79033
7.12,1,0.735085,0.984325,0.790891
7.13,1,0.734246,0.984459,0.79145
7.14,1,0.733437,0.984592,0.792008
7.15,1,0.732657,0.984724,0.792565
7.16,1,0.731908,0.984855,0.79312
7.17,1,0.731188,0.984984,0.793674
7.18,1,0.730498,0.985113,0.794226
7.19,1,0.729837,0.985241,0.794776
7.2,1,0.729206,0.985367,0.795325
7.21,1,0.728605,0.985493,0.795873
7.22,1,0.728033,0.985617,0.796419
7.23,1,0.727491,0.98574,0.796964
7.24,1,0.726977,0.985863,0.797507
7.25,1,0.726494,0.985984,0.798049
7.26,1,0.726039,0.986104,0.79859
7.27,1,0.725614,0.986224,0.799129
7.28,1,0.725217,0.986342,0.799666
7.29,1,0.72485,0.986459,0.800202
7.3,1,0.724512,0.986576,0.800737
7.31,1,0.724202,0.986691,0.80127
7.32,1,0.723921,0.986805,0.801802
7.33,1,0.723669,0.986919,0.802332
7.34,1,0.723446,0.987031,0.802861
7.35,1,0.72325,0.987143,0.803389
7.36,1,0.723084,0.987254,0.803915
7.37,1,0.722945,0.987363,0.804439
7.38,1,0.722835,0.987472,0.804963
7.39,1,0.722753,0.98758,0.805485
7.4,1,0.722699,0.987687,0.806005
7.41,1,0.722673,0.987793,0.806524
7.42,1,0.722675,0.987898,0.807042
7.43,1,0.722704,0.988002,0.807558
7.44,1,0.722761,0.988106,0.808073
7.45,1,0.722845,0.988208,0.808587
7.46,1,0.722957,0.98831,0.809099
7.47,1,0.723096,0.988411,0.80961
7.48,1,0.723261,0.988511,0.810119
7.49,1,0.723454,0.98861,0.810627
7.5,1,0.723674,0.988708,0.811134
7.51,1,0.72392,0.988805,0.81164
7.52,1,0.724193,0.988902,0.812144
7.53,1,0.724493,0.988998,0.812646
7.54,1,0.724818,0.989093,0.813148
7.55,1,0.72517,0.989187,0.813648
7.56,1,0.725548,0.98928,0.814146
7.57,1,0.725952,0.989373,0.814644
7.58,1,0.726381,0.989465,0.81514
7.59,1,0.726836,0.989556,0.815634
7.6,1,0.727317,0.989646,0.816128
7.61,1,0.727823,0.989736,0.81662
7.62,1,0.728354,0.989825,0.81711
7.63,1,0.72891,0.989913,0.8176
7.64,1,0.72949,0.99,0.818088
7.65,1,0.730096,0.990086,0.818575
7.66,1,0.730726,0.990172,0.81906
7.67,1,0.73138,0.990257,0.819544
7.68,1,0.732059,0.990342,0.820027
7.69,1,0.732761,0.990425,0.820509
7.7,1,0.733488,0.990508,0.820989
7.71,1,0.734238,0.99059,0.821468
7.72,1,0.735012,0.990672,0.821946
7.73,1,0.735809,0.990753,0.822422
7.74,1,0.736629,0.990833,0.822897
7.75,1,0.737472,0.990913,0.823371
7.76,1,0.738338,0.990991,0.823844
7.77,1,0.739227,0.991069,0.824315
7.78,1,0.740138,0.991147,0.824786
7.79,1,0.741071,0.991224,0.825254
7.8,1,0.742027,0.9913,0.825722
7.81,1,0.743005,0.991375,0.826188
7.82,1,0.744004,0.99145,0.826653
7.83,1,0.745025,0.991525,0.827117
7.84,1,0.746067,0.991598,0.82758
7.85,1,0.74713,0.991671,0.828041
7.86,1,0.748215,0.991744,0.828501
7.87,1,0.74932,0.991815,0.82896
7.88,1,0.750446,0.991886,0.829418
7.89,1,0.751592,0.991957,0.829875
7.9,1,0.752758,0.992027,0.83033
7.91,1,0.753945,0.992096,0.830784
7.92,1,0.755151,0.992165,0.831237
7.93,1,0.756377,0.992233,0.831688
7.94,1,0.757622,0.992301,0.832139
7.95,1,0.758887,0.992368,0.832588
7.96,1,0.76017,0.992434,0.833036
7.97,1,0.761472,0.9925,0.833482
7.98,1,0.762793,0.992565,0.833928
7.99,1,0.764133,0.99263,0.834372
8,1,0.76549,0.992694,0.834816
8.01,1,0.766866,0.992758,0.835258
8.02,1,0.768259,0.992821,0.835699
8.03,1,0.76967,0.992884,0.836138
8.04,1,0.771098,0.992946,0.836577
8.05,1,0.772543,0.993007,0.837014
8.06,1,0.774006,0.993068,0.83745
8.07,1,0.775485,0.993129,0.837885
8.08,1,0.77698,0.993189,0.838319
8.09,1,0.778492,0.993248,0.838752
8.1,1,0.78002,0.993307,0.839183
8.11,1,0.781564,0.993365,0.839613
8.12,1,0.783123,0.993423,0.840043
8.13,1,0.784698,0.993481,0.840471
8.14,1,0.786288,0.993538,0.840897
8.15,1,0.787893,0.993594,0.841323
8.16,1,0.789512,0.99365,0.841748
8.17,1,0.791147,0.993705,0.842171
8.18,1,0.792795,0.99376,0.842594
8.19,1,0.794458,0.993815,0.843015
8.2,1,0.796134,0.993869,0.843435
8.21,1,0.797825,0.993923,0.843854
8.22,1,0.799528,0.993976,0.844272
8.23,1,0.801245,0.994028,0.844688
8.24,1,0.802975,0.994081,0.845104
8.25,1,0.804718,0.994132,0.845518
8.26,1,0.806473,0.994184,0.845932
8.27,1,0.80824,0.994235,0.846344
8.28,1,0.81002,0.994285,0.846755
8.29,1,0.811811,0.994335,0.847165
8.3,1,0.813614,0.994385,0.847574
8.31,1,0.815428,0.994434,0.847982
8.32,1,0.817254,0.994483,0.848389
8.33,1,0.81909,0.994531,0.848795
8.34,1,0.820938,0.994579,0.849199
8.35,1,0.822795,0.994626,0.849603
8.36,1,0.824663,0.994674,0.850005
8.37,1,0.826541,0.99472,0.850407
8.38,1,0.828429,0.994767,0.850807
8.39,1,0.830327,0.994812,0.851206
8.4,1,0.832233,0.994858,0.851604
8.41,1,0.834149,0.994903,0.852001
8.42,1,0.836074,0.994948,0.852397
8.43,1,0.838008,0.994992,0.852792
8.44,1,0.83995,0.995036,0.853186
8.45,1,0.8419,0.99508,0.853579
8.46,1,0.843858,0.995123,0.853971
8.47,1,0.845824,0.995166,0.854362
8.48,1,0.847798,0.995208,0.854751
8.49,1,0.849778,0.99525,0.85514
8.5,1,0.851766,0.995292,0.855528
8.51,1,0.853761,0.995333,0.855914
8.52,1,0.855762,0.995374,0.8563
8.53,1,0.85777,0.995415,0.856684
8.54,1,0.859784,0.995455,0.857068
8.55,1,0.861804,0.995495,0.85745
8.56,1,0.86383,0.995535,0.857832
8.57,1,0.865861,0.995574,0.858212
8.58,1,0.867897,0.995613,0.858592
8.59,1,0.869939,0.995652,0.85897
8.6,1,0.871985,0.99569,0.859347
8.61,1,0.874036,0.995728,0.859724
8.62,1,0.876091,0.995765,0.860099
8.63,1,0.878151,0.995803,0.860474
8.64,1,0.880214,0.99584,0.860847
8.65,1,0.882281,0.995876,0.861219
8.66,1,0.884352,0.995912,0.861591
8.67,1,0.886426,0.995948,0.861961
8.68,1,0.888502,0.995984,0.86233
8.69,1,0.890582,0.99602,0.862699
8.7,1,0.892665,0.996055,0.863066
8.71,1,0.894749,0.996089,0.863433
8.72,1,0.896836,0.996124,0.863798
8.73,1,0.898925,0.996158,0.864163
8.74,1,0.901016,0.996192,0.864526
8.75,1,0.903108,0.996225,0.864889
8.76,1,0.905202,0.996259,0.86525
8.77,1,0.907296,0.996292,0.865611
8.78,1,0.909392,0.996324,0.86597
8.79,1,0.911488,0.996357,0.866329
8.8,1,0.913585,0.996389,0.866687
8.81,1,0.915682,0.996421,0.867043
8.82,1,0.917779,0.996452,0.867399
8.83,1,0.919876,0.996484,0.867754
8.84,1,0.921972,0.996515,0.868108
8.85,1,0.924068,0.996546,0.868461
8.86,1,0.926163,0.996576,0.868813
8.87,1,0.928257,0.996606,0.869164
8.88,1,0.93035,0.996636,0.869514
8.89,1,0.932441,0.996666,0.869863
8.9,1,0.934531,0.996696,0.870211
8.91,1,0.936619,0.996725,0.870559
8.92,1,0.938705,0.996754,0.870905
8.93,1,0.940789,0.996782,0.87125
8.94,1,0.94287,0.996811,0.871595
8.95,1,0.944949,0.996839,0.871939
8.96,1,0.947025,0.996867,0.872281
8.97,1,0.949098,0.996895,0.872623
8.98,1,0.951168,0.996922,0.872964
8.99,1,0.953234,0.996949,0.873304
9,1,0.955297,0.996976,0.873643
9.01,1,0.957356,0.997003,0.873981
9.02,1,0.959411,0.99703,0.874318
9.03,1,0.961462,0.997056,0.874654
9.04,1,0.963509,0.997082,0.87499
9.05,1,0.965551,0.997108,0.875324
9.06,1,0.967588,0.997133,0.875658
9.07,1,0.969621,0.997159,0.875991
9.08,1,0.971648,0.997184,0.876323
9.09,1,0.97367,0.997209,0.876654
9.1,1,0.975687,0.997234,0.876984
9.11,1,0.977698,0.997258,0.877313
9.12,1,0.979703,0.997283,0.877641
9.13,1,0.981703,0.997307,0.877968
9.14,1,0.983696,0.99733,0.878295
9.15,1,0.985683,0.997354,0.878621
9.16,1,0.987663,0.997378,0.878945
9.17,1,0.989636,0.997401,0.879269
9.18,1,0.991603,0.997424,0.879592
9.19,1,0.993563,0.997447,0.879915
9.2,1,0.995515,0.997469,0.880236
9.21,1,0.997461,0.997492,0.880556
9.22,1,0.999398,0.997514,0.880876
9.23,1,1.00133,0.997536,0.881195
9.24,1,1.00325,0.997558,0.881513
9.25,1,1.00516,0.99758,0.88183
9.26,1,1.00707,0.997601,0.882146
9.27,1,1.00897,0.997623,0.882461
9.28,1,1.01086,0.997644,0.882776
9.29,1,1.01274,0.997665,0.88309
9.3,1,1.01461,0.997685,0.883402
9.31,1,1.01647,0.997706,0.883714
9.32,1,1.01833,0.997726,0.884026
9.33,1,1.02017,0.997747,0.884336
9.34,1,1.02201,0.997767,0.884645
9.35,1,1.02383,0.997786,0.884954
9.36,1,1.02565,0.997806,0.885262
9.37,1,1.02745,0.997826,0.885569
9.38,1,1.02925,0.997845,0.885875
9.39,1,1.03104,0.997864,0.886181
9.4,1,1.03281,0.997883,0.886485
9.41,1,1.03458,0.997902,0.886789
9.42,1,1.03633,0.997921,0.887092
9.43,1,1.03808,0.997939,0.887394
9.44,1,1.03981,0.997957,0.887695
9.45,1,1.04154,0.997976,0.887996
9.46,1,1.04325,0.997994,0.888296
9.47,1,1.04495,0.998012,0.888595
9.48,1,1.04664,0.998029,0.888893
9.49,1,1.04831,0.998047,0.88919
9.5,1,1.04998,0.998064,0.889486
9.51,1,1.05164,0.998081,0.889782
9.52,1,1.05328,0.998099,0.890077
9.53,1,1.05491,0.998115,0.890371
9.54,1,1.05653,0.998132,0.890665
9.55,1,1.05814,0.998149,0.890957
9.56,1,1.05973,0.998165,0.891249
9.57,1,1.06131,0.998182,0.89154
9.58,1,1.06288,0.998198,0.89183
9.59,1,1.06444,0.998214,0.89212
9.6,1,1.06599,0.99823,0.892408
9.61,1,1.06752,0.998246,0.892696
9.62,1,1.06904,0.998261,0.892983
9.63,1,1.07054,0.998277,0.89327
9.64,1,1.07204,0.998292,0.893555
9.65,1,1.07352,0.998308,0.89384
9.66,1,1.07498,0.998323,0.894124
9.67,1,1.07644,0.998338,0.894408
9.68,1,1.07788,0.998352,0.89469
9.69,1,1.0793,0.998367,0.894972
9.7,1,1.08072,0.998382,0.895253
9.71,1,1.08212,0.998396,0.895533
9.72,1,1.0835,0.99841,0.895813
9.73,1,1.08487,0.998425,0.896092
9.74,1,1.08623,0.998439,0.89637
9.75,1,1.08758,0.998453,0.896647
9.76,1,1.08891,0.998467,0.896924
9.77,1,1.09022,0.99848,0.897199
9.78,1,1.09152,0.998494,0.897474
9.79,1,1.09281,0.998507,0.897749
9.8,1,1.09408,0.998521,0.898022
9.81,1,1.09534,0.998534,0.898295
9.82,1,1.09658,0.998547,0.898567
9.83,1,1.09781,0.99856,0.898839
9.84,1,1.09903,0.998573,0.89911
9.85,1,1.10022,0.998586,0.89938
9.86,1,1.10141,0.998598,0.899649
9.87,1,1.10258,0.998611,0.899917
9.88,1,1.10373,0.998623,0.900185
9.89,1,1.10487,0.998636,0.900452
9.9,1,1.106,0.998648,0.900719
9.91,1,1.10711,0.99866,0.900984
9.92,1,1.1082,0.998672,0.901249
9.93,1,1.10928,0.998684,0.901513
9.94,1,1.11035,0.998695,0.901777
9.95,1,1.1114,0.998707,0.90204
9.96,1,1.11243,0.998719,0.902302
9.97,1,1.11345,0.99873,0.902563
9.98,1,1.11445,0.998742,0.902824
9.99,1,1.11544,0.998753,0.903084
10,1,1.11641,0.998764,0.903343
10.01,1,1.11737,0.998775,0.903602
10.02,1,1.11831,0.998786,0.90386
10.03,1,1.11923,0.998797,0.904117
10.04,1,1.12014,0.998808,0.904374
10.05,1,1.12104,0.998818,0.90463
10.06,1,1.12192,0.998829,0.904885
10.07,1,1.12278,0.99884,0.90514
10.08,1,1.12363,0.99885,0.905393
10.09,1,1.12446,0.99886,0.905647
10.1,1,1.12527,0.99887,0.905899
10.11,1,1.12607,0.998881,0.906151
10.12,1,1.12686,0.998891,0.906402
10.13,1,1.12763,0.998901,0.906652
10.14,1,1.12838,0.99891,0.906902
10.15,1,1.12912,0.99892,0.907151
10.16,1,1.12984,0.99893,0.9074
10.17,1,1.13054,0.99894,0.907648
10.18,1,1.13123,0.998949,0.907895
10.19,1,1.13191,0.998958,0.908141
10.2,1,1.13256,0.998968,0.908387
10.21,1,1.13321,0.998977,0.908632
10.22,1,1.13383,0.998986,0.908877
10.23,1,1.13444,0.998995,0.90912
10.24,1,1.13504,0.999004,0.909364
10.25,1,1.13561,0.999013,0.909606
10.26,1,1.13618,0.999022,0.909848
10.27,1,1.13672,0.999031,0.910089
10.28,1,1.13725,0.99904,0.91033
10.29,1,1.13777,0.999048,0.91057
10.3,1,1.13827,0.999057,0.910809
10.31,1,1.13875,0.999065,0.911048
10.32,1,1.13922,0.999074,0.911286
10.33,1,1.13967,0.999082,0.911523
10.34,1,1.14011,0.99909,0.91176
10.35,1,1.14053,0.999099,0.911996
10.36,1,1.14093,0.999107,0.912232
10.37,1,1.14132,0.999115,0.912466
10.38,1,1.1417,0.999123,0.912701
10.39,1,1.14205,0.999131,0.912934
10.4,1,1.1424,0.999138,0.913167
10.41,1,1.14272,0.999146,0.9134
10.42,1,1.14303,0.999154,0.913631
10.43,1,1.14333,0.999161,0.913862
10.44,1,1.14361,0.999169,0.914093
10.45,1,1.14387,0.999176,0.914323
10.46,1,1.14412,0.999184,0.914552
10.47,1,1.14436,0.999191,0.914781
10.48,1,1.14457,0.999198,0.915009
10.49,1,1.14478,0.999206,0.915236
10.5,1,1.14497,0.999213,0.915463
10.51,1,1.14514,0.99922,0.915689
10.52,1,1.1453,0.999227,0.915915
10.53,1,1.14544,0.999234,0.91614
10.54,1,1.14557,0.999241,0.916364
10.55,1,1.14568,0.999248,0.916588
10.56,1,1.14578,0.999254,0.916811
10.57,1,1.14586,0.999261,0.917034
10.58,1,1.14593,0.999268,0.917256
10.59,1,1.14598,0.999274,0.917477
10.6,1,1.14602,0.999281,0.917698
10.61,1,1.14604,0.999287,0.917918
10.62,1,1.14605,0.999294,0.918138
10.63,1,1.14604,0.9993,0.918357
10.64,1,1.14602,0.999307,0.918576
10.65,1,1.14599,0.999313,0.918793
10.66,1,1.14594,0.999319,0.919011
10.67,1,1.14587,0.999325,0.919227
10.68,1,1.14579,0.999331,0.919444
10.69,1,1.1457,0.999337,0.919659
10.7,1,1.14559,0.999343,0.919874
10.71,1,1.14547,0.999349,0.920089
10.72,1,1.14534,0.999355,0.920302
10.73,1,1.14519,0.999361,0.920516
10.74,1,1.14503,0.999367,0.920728
10.75,1,1.14485,0.999372,0.92094
10.76,1,1.14466,0.999378,0.921152
10.77,1,1.14446,0.999384,0.921363
10.78,1,1.14424,0.999389,0.921573
10.79,1,1.14401,0.999395,0.921783
10.8,1,1.14376,0.9994,0.921993
10.81,1,1.14351,0.999406,0.922201
10.82,1,1.14323,0.999411,0.922409
10.83,1,1.14295,0.999416,0.922617
10.84,1,1.14265,0.999422,0.922824
10.85,1,1.14234,0.999427,0.923031
10.86,1,1.14202,0.999432,0.923237
10.87,1,1.14168,0.999437,0.923442
10.88,1,1.14133,0.999442,0.923647
10.89,1,1.14097,0.999447,0.923851
10.9,1,1.1406,0.999452,0.924055
10.91,1,1.14021,0.999457,0.924258
10.92,1,1.13981,0.999462,0.924461
10.93,1,1.1394,0.999467,0.924663
10.94,1,1.13897,0.999472,0.924865
10.95,1,1.13854,0.999477,0.925066
10.96,1,1.13809,0.999481,0.925266
10.97,1,1.13763,0.999486,0.925466
10.98,1,1.13716,0.999491,0.925666
10.99,1,1.13667,0.999495,0.925865
11,1,1.13618,0.9995,0.926063
11.01,1,1.13567,0.999504,0.926261
11.02,1,1.13515,0.999509,0.926458
11.03,1,1.13462,0.999513,0.926655
11.04,1,1.13408,0.999518,0.926851
11.05,1,1.13352,0.999522,0.927047
11.06,1,1.13296,0.999526,0.927242
11.07,1,1.13239,0.999531,0.927437
11.08,1,1.1318,0.999535,0.927631
11.09,1,1.1312,0.999539,0.927825
11.1,1,1.1306,0.999543,0.928018
11.11,1,1.12998,0.999547,0.92821
11.12,1,1.12935,0.999552,0.928402
11.13,1,1.12871,0.999556,0.928594
11.14,1,1.12806,0.99956,0.928785
11.15,1,1.1274,0.999564,0.928976
11.16,1,1.12673,0.999568,0.929166
11.17,1,1.12605,0.999572,0.929355
11.18,1,1.12536,0.999575,0.929544
11.19,1,1.12466,0.999579,0.929733
11.2,1,1.12395,0.999583,0.929921
11.21,1,1.12324,0.999587,0.930108
11.22,1,1.12251,0.999591,0.930295
11.23,1,1.12177,0.999594,0.930482
11.24,1,1.12102,0.999598,0.930668
11.25,1,1.12027,0.999602,0.930854
11.26,1,1.11951,0.999605,0.931039
11.27,1,1.11873,0.999609,0.931223
11.28,1,1.11795,0.999612,0.931407
11.29,1,1.11716,0.999616,0.931591
11.3,1,1.11636,0.999619,0.931774
11.31,1,1.11555,0.999623,0.931956
11.32,1,1.11474,0.999626,0.932138
11.33,1,1.11391,0.99963,0.93232
11.34,1,1.11308,0.999633,0.932501
11.35,1,1.11224,0.999636,0.932682
11.36,1,1.11139,0.99964,0.932862
11.37,1,1.11054,0.999643,0.933041
11.38,1,1.10967,0.999646,0.933221
11.39,1,1.1088,0.999649,0.933399
11.4,1,1.10792,0.999653,0.933578
11.41,1,1.10704,0.999656,0.933755
11.42,1,1.10615,0.999659,0.933933
11.43,1,1.10525,0.999662,0.934109
11.44,1,1.10434,0.999665,0.934286
11.45,1,1.10343,0.999668,0.934462
11.46,1,1.10251,0.999671,0.934637
11.47,1,1.10158,0.999674,0.934812
11.48,1,1.10065,0.999677,0.934986
11.49,1,1.09971,0.99968,0.93516
11.5,1,1.09876,0.999683,0.935334
11.51,1,1.09781,0.999686,0.935507
11.52,1,1.09685,0.999689,0.935679
11.53,1,1.09589,0.999691,0.935851
11.54,1,1.09492,0.999694,0.936023
11.55,1,1.09394,0.999697,0.936194
11.56,1,1.09296,0.9997,0.936365
11.57,1,1.09198,0.999702,0.936535
11.58,1,1.09099,0.999705,0.936705
11.59,1,1.08999,0.999708,0.936875
11.6,1,1.08899,0.999711,0.937043
11.61,1,1.08798,0.999713,0.937212
11.62,1,1.08697,0.999716,0.93738
11.63,1,1.08596,0.999718,0.937547
11.64,1,1.08494,0.999721,0.937715
11.65,1,1.08391,0.999723,0.937881
11.66,1,1.08289,0.999726,0.938048
11.67,1,1.08185,0.999728,0.938213
11.68,1,1.08082,0.999731,0.938379
11.69,1,1.07978,0.999733,0.938544
11.7,1,1.07873,0.999736,0.938708
11.71,1,1.07768,0.999738,0.938872
11.72,1,1.07663,0.999741,0.939036
11.73,1,1.07558,0.999743,0.939199
11.74,1,1.07452,0.999745,0.939361
11.75,1,1.07346,0.999748,0.939524
11.76,1,1.07239,0.99975,0.939685
11.77,1,1.07132,0.999752,0.939847
11.78,1,1.07025,0.999754,0.940008
11.79,1,1.06918,0.999757,0.940168
11.8,1,1.0681,0.999759,0.940328
11.81,1,1.06702,0.999761,0.940488
11.82,1,1.06594,0.999763,0.940647
11.83,1,1.06486,0.999765,0.940806
11.84,1,1.06377,0.999768,0.940965
11.85,1,1.06269,0.99977,0.941123
11.86,1,1.0616,0.999772,0.94128
11.87,1,1.06051,0.999774,0.941437
11.88,1,1.05941,0.999776,0.941594
11.89,1,1.05832,0.999778,0.94175
11.9,1,1.05722,0.99978,0.941906
11.91,1,1.05613,0.999782,0.942062
11.92,1,1.05503,0.999784,0.942217
11.93,1,1.05393,0.999786,0.942371
11.94,1,1.05283,0.999788,0.942525
11.95,1,1.05173,0.99979,0.942679
11.96,1,1.05063,0.999792,0.942833
11.97,1,1.04952,0.999794,0.942986
11.98,1,1.04842,0.999796,0.943138
11.99,1,1.04732,0.999797,0.94329
12,1,1.04621,0.999799,0.943442
12.01,1,1.04511,0.999801,0.943593
12.02,1,1.044,0.999803,0.943744
12.03,1,1.0429,0.999805,0.943895
12.04,1,1.04179,0.999807,0.944045
12.05,1,1.04069,0.999808,0.944195
12.06,1,1.03959,0.99981,0.944344
12.07,1,1.03848,0.999812,0.944493
12.08,1,1.03738,0.999813,0.944642
12.09,1,1.03628,0.999815,0.94479
12.1,1,1.03518,0.999817,0.944937
12.11,1,1.03408,0.999819,0.945085
12.12,1,1.03298,0.99982,0.945232
12.13,1,1.03188,0.999822,0.945378
12.14,1,1.03078,0.999823,0.945524
12.15,1,1.02969,0.999825,0.94567
12.16,1,1.02859,0.999827,0.945816
12.17,1,1.0275,0.999828,0.945961
12.18,1,1.02641,0.99983,0.946105
12.19,1,1.02532,0.999831,0.946249
12.2,1,1.02423,0.999833,0.946393
12.21,1,1.02315,0.999834,0.946537
12.22,1,1.02206,0.999836,0.94668
12.23,1,1.02098,0.999837,0.946822
12.24,1,1.0199,0.999839,0.946965
12.25,1,1.01883,0.99984,0.947107
12.26,1,1.01775,0.999842,0.947248
12.27,1,1.01668,0.999843,0.947389
12.28,1,1.01561,0.999845,0.94753
12.29,1,1.01454,0.999846,0.947671
12.3,1,1.01348,0.999848,0.947811
12.31,1,1.01242,0.999849,0.94795
12.32,1,1.01136,0.99985,0.948089
12.33,1,1.01031,0.999852,0.948228
12.34,1,1.00925,0.999853,0.948367
12.35,1,1.00821,0.999854,0.948505
12.36,1,1.00716,0.999856,0.948643
12.37,1,1.00612,0.999857,0.94878
12.38,1,1.00508,0.999858,0.948917
12.39,1,1.00405,0.99986,0.949054
12.4,1,1.00302,0.999861,0.94919
12.41,1,1.00199,0.999862,0.949326
12.42,1,1.00097,0.999863,0.949462
12.43,1,0.999948,0.999865,0.949597
12.44,1,0.998933,0.999866,0.949732
12.45,1,0.997922,0.999867,0.949867
12.46,1,0.996916,0.999868,0.950001
12.47,1,0.995914,0.99987,0.950135
12.48,1,0.994916,0.999871,0.950268
12.49,1,0.993922,0.999872,0.950401
12.5,1,0.992934,0.999873,0.950534
12.51,1,0.99195,0.999874,0.950666
12.52,1,0.99097,0.999875,0.950798
12.53,1,0.989996,0.999877,0.95093
12.54,1,0.989026,0.999878,0.951061
12.55,1,0.988062,0.999879,0.951192
12.56,1,0.987102,0.99988,0.951323
12.57,1,0.986147,0.999881,0.951453
12.58,1,0.985198,0.999882,0.951583
12.59,1,0.984254,0.999883,0.951712
12.6,1,0.983315,0.999884,0.951842
12.61,1,0.982382,0.999885,0.95197
12.62,1,0.981454,0.999886,0.952099
12.63,1,0.980532,0.999887,0.952227
12.64,1,0.979615,0.999889,0.952355
12.65,1,0.978704,0.99989,0.952482
12.66,1,0.977799,0.999891,0.95261
12.67,1,0.9769,0.999892,0.952736
12.68,1,0.976006,0.999893,0.952863
12.69,1,0.975119,0.999894,0.952989
12.7,1,0.974238,0.999895,0.953115
12.71,1,0.973362,0.999895,0.95324
12.72,1,0.972493,0.999896,0.953365
12.73,1,0.97163,0.999897,0.95349
12.74,1,0.970773,0.999898,0.953615
12.75,1,0.969923,0.999899,0.953739
12.76,1,0.969079,0.9999,0.953863
12.77,1,0.968241,0.999901,0.953986
12.78,1,0.96741,0.999902,0.954109
12.79,1,0.966586,0.999903,0.954232
12.8,1,0.965768,0.999904,0.954354
12.81,1,0.964957,0.999905,0.954477
12.82,1,0.964152,0.999906,0.954598
12.83,1,0.963355,0.999906,0.95472
12.84,1,0.962564,0.999907,0.954841
12.85,1,0.96178,0.999908,0.954962
12.86,1,0.961003,0.999909,0.955082
12.87,1,0.960233,0.99991,0.955203
12.88,1,0.95947,0.999911,0.955323
12.89,1,0.958715,0.999911,0.955442
12.9,1,0.957966,0.999912,0.955561
12.91,1,0.957224,0.999913,0.95568
12.92,1,0.95649,0.999914,0.955799
12.93,1,0.955763,0.999915,0.955917
12.94,1,0.955043,0.999915,0.956035
12.95,1,0.954331,0.999916,0.956153
12.96,1,0.953626,0.999917,0.95627
12.97,1,0.952929,0.999918,0.956387
12.98,1,0.952239,0.999919,0.956504
12.99,1,0.951556,0.999919,0.95662
13,1,0.950881,0.99992,0.956736
13.01,1,0.950214,0.999921,0.956852
13.02,1,0.949554,0.999921,0.956967
13.03,1,0.948902,0.999922,0.957083
13.04,1,0.948258,0.999923,0.957197
13.05,1,0.947621,0.999924,0.957312
13.06,1,0.946993,0.999924,0.957426
13.07,1,0.946372,0.999925,0.95754
13.08,1,0.945758,0.999926,0.957654
13.09,1,0.945153,0.999926,0.957767
13.1,1,0.944556,0.999927,0.95788
13.11,1,0.943966,0.999928,0.957993
13.12,1,0.943385,0.999928,0.958105
13.13,1,0.942811,0.999929,0.958217
13.14,1,0.942245,0.99993,0.958329
13.15,1,0.941688,0.99993,0.958441
13.16,1,0.941138,0.999931,0.958552
13.17,1,0.940597,0.999932,0.958663
13.18,1,0.940064,0.999932,0.958773
13.19,1,0.939538,0.999933,0.958884
13.2,1,0.939021,0.999933,0.958994
13.21,1,0.938512,0.999934,0.959103
13.22,1,0.938011,0.999935,0.959213
13.23,1,0.937519,0.999935,0.959322
13.24,1,0.937034,0.999936,0.959431
13.25,1,0.936558,0.999936,0.959539
13.26,1,0.93609,0.999937,0.959648
13.27,1,0.93563,0.999938,0.959756
13.28,1,0.935179,0.999938,0.959863
13.29,1,0.934736,0.999939,0.959971
13.3,1,0.934301,0.999939,0.960078
13.31,1,0.933874,0.99994,0.960185
13.32,1,0.933456,0.99994,0.960291
13.33,1,0.933046,0.999941,0.960397
13.34,1,0.932644,0.999942,0.960503
13.35,1,0.932251,0.999942,0.960609
13.36,1,0.931866,0.999943,0.960715
13.37,1,0.931489,0.999943,0.96082
13.38,1,0.931121,0.999944,0.960925
13.39,1,0.930761,0.999944,0.961029
13.4,1,0.930409,0.999945,0.961133
13.41,1,0.930066,0.999945,0.961237
13.42,1,0.929731,0.999946,0.961341
13.43,1,0.929404,0.999946,0.961445
13.44,1,0.929086,0.999947,0.961548
13.45,1,0.928776,0.999947,0.961651
13.46,1,0.928474,0.999948,0.961753
13.47,1,0.928181,0.999948,0.961856
13.48,1,0.927896,0.999949,0.961958
13.49,1,0.92762,0.999949,0.962059
13.5,1,0.927352,0.99995,0.962161
13.51,1,0.927092,0.99995,0.962262
13.52,1,0.92684,0.999951,0.962363
13.53,1,0.926597,0.999951,0.962464
13.54,1,0.926362,0.999951,0.962564
13.55,1,0.926135,0.999952,0.962665
13.56,1,0.925917,0.999952,0.962764
13.57,1,0.925707,0.999953,0.962864
13.58,1,0.925505,0.999953,0.962963
13.59,1,0.925311,0.999954,0.963063
13.6,1,0.925125,0.999954,0.963161
13.61,1,0.924948,0.999954,0.96326
13.62,1,0.924779,0.999955,0.963358
13.63,1,0.924618,0.999955,0.963456
13.64,1,0.924466,0.999956,0.963554
13.65,1,0.924321,0.999956,0.963652
13.66,1,0.924185,0.999957,0.963749
13.67,1,0.924056,0.999957,0.963846
13.68,1,0.923936,0.999957,0.963943
13.69,1,0.923824,0.999958,0.964039
13.7,1,0.92372,0.999958,0.964135
13.71,1,0.923624,0.999959,0.964231
13.72,1,0.923536,0.999959,0.964327
13.73,1,0.923456,0.999959,0.964423
13.74,1,0.923384,0.99996,0.964518
13.75,1,0.92332,0.99996,0.964613
13.76,1,0.923263,0.99996,0.964707
13.77,1,0.923215,0.999961,0.964802
13.78,1,0.923174,0.999961,0.964896
13.79,1,0.923142,0.999961,0.96499
13.8,1,0.923117,0.999962,0.965084
13.81,1,0.9231,0.999962,0.965177
13.82,1,0.92309,0.999963,0.96527
13.83,1,0.923089,0.999963,0.965363
13.84,1,0.923095,0.999963,0.965456
13.85,1,0.923108,0.999964,0.965548
13.86,1,0.92313,0.999964,0.96564
13.87,1,0.923159,0.999964,0.965732
13.88,1,0.923195,0.999965,0.965824
13.89,1,0.923239,0.999965,0.965916
13.9,1,0.92329,0.999965,0.966007
13.91,1,0.923349,0.999966,0.966098
13.92,1,0.923416,0.999966,0.966188
13.93,1,0.923489,0.999966,0.966279
13.94,1,0.92357,0.999966,0.966369
13.95,1,0.923659,0.999967,0.966459
13.96,1,0.923754,0.999967,0.966549
13.97,1,0.923857,0.999967,0.966638
13.98,1,0.923967,0.999968,0.966728
13.99,1,0.924084,0.999968,0.966817
14,1,0.924208,0.999968,0.966906
14.01,1,0.92434,0.999969,0.966994
14.02,1,0.924478,0.999969,0.967082
14.03,1,0.924623,0.999969,0.96717
14.04,1,0.924776,0.999969,0.967258
14.05,1,0.924935,0.99997,0.967346
14.06,1,0.925101,0.99997,0.967433
14.07,1,0.925274,0.99997,0.96752
14.08,1,0.925453,0.999971,0.967607
14.09,1,0.92564,0.999971,0.967694
14.1,1,0.925833,0.999971,0.96778
14.11,1,0.926032,0.999971,0.967867
14.12,1,0.926239,0.999972,0.967953
14.13,1,0.926451,0.999972,0.968038
14.14,1,0.926671,0.999972,0.968124
14.15,1,0.926896,0.999972,0.968209
14.16,1,0.927128,0.999973,0.968294
14.17,1,0.927367,0.999973,0.968379
14.18,1,0.927612,0.999973,0.968464
14.19,1,0.927863,0.999973,0.968548
14.2,1,0.92812,0.999974,0.968632
14.21,1,0.928383,0.999974,0.968716
14.22,1,0.928653,0.999974,0.9688
14.23,1,0.928928,0.999974,0.968883
14.24,1,0.929209,0.999975,0.968967
14.25,1,0.929497,0.999975,0.96905
14.26,1,0.92979,0.999975,0.969133
14.27,1,0.930089,0.999975,0.969215
14.28,1,0.930394,0.999976,0.969298
14.29,1,0.930705,0.999976,0.96938
14.3,1,0.931021,0.999976,0.969462
14.31,1,0.931343,0.999976,0.969543
14.32,1,0.931671,0.999976,0.969625
14.33,1,0.932004,0.999977,0.969706
14.34,1,0.932342,0.999977,0.969787
14.35,1,0.932686,0.999977,0.969868
14.36,1,0.933035,0.999977,0.969949
14.37,1,0.93339,0.999978,0.970029
14.38,1,0.93375,0.999978,0.970109
14.39,1,0.934114,0.999978,0.970189
14.4,1,0.934484,0.999978,0.970269
14.41,1,0.93486,0.999978,0.970349
14.42,1,0.93524,0.999979,0.970428
14.43,1,0.935625,0.999979,0.970507
14.44,1,0.936015,0.999979,0.970586
14.45,1,0.936409,0.999979,0.970665
14.46,1,0.936809,0.999979,0.970743
14.47,1,0.937213,0.99998,0.970822
14.48,1,0.937622,0.99998,0.9709
14.49,1,0.938036,0.99998,0.970977
14.5,1,0.938454,0.99998,0.971055
14.51,1,0.938876,0.99998,0.971133
14.52,1,0.939303,0.99998,0.97121
14.53,1,0.939734,0.999981,0.971287
14.54,1,0.94017,0.999981,0.971364
14.55,1,0.94061,0.999981,0.97144
14.56,1,0.941054,0.999981,0.971517
14.57,1,0.941502,0.999981,0.971593
14.58,1,0.941954,0.999982,0.971669
14.59,1,0.94241,0.999982,0.971745
14.6,1,0.94287,0.999982,0.97182
14.61,1,0.943334,0.999982,0.971896
14.62,1,0.943802,0.999982,0.971971
14.63,1,0.944273,0.999982,0.972046
14.64,1,0.944748,0.999983,0.972121
14.65,1,0.945227,0.999983,0.972195
14.66,1,0.945709,0.999983,0.97227
14.67,1,0.946195,0.999983,0.972344
14.68,1,0.946684,0.999983,0.972418
14.69,1,0.947177,0.999983,0.972492
14.7,1,0.947673,0.999983,0.972565
14.71,1,0.948172,0.999984,0.972639
14.72,1,0.948674,0.999984,0.972712
14.73,1,0.94918,0.999984,0.972785
14.74,1,0.949688,0.999984,0.972858
14.75,1,0.9502,0.999984,0.972931
14.76,1,0.950714,0.999984,0.973003
14.77,1,0.951231,0.999985,0.973075
14.78,1,0.951751,0.999985,0.973147
14.79,1,0.952274,0.999985,0.973219
14.8,1,0.9528,0.999985,0.973291
14.81,1,0.953328,0.999985,0.973362
14.82,1,0.953858,0.999985,0.973434
14.83,1,0.954392,0.999985,0.973505
14.84,1,0.954927,0.999985,0.973576
14.85,1,0.955465,0.999986,0.973646
14.86,1,0.956005,0.999986,0.973717
14.87,1,0.956548,0.999986,0.973787
14.88,1,0.957092,0.999986,0.973857
14.89,1,0.957639,0.999986,0.973927
14.9,1,0.958188,0.999986,0.973997
14.91,1,0.958739,0.999986,0.974067
14.92,1,0.959291,0.999987,0.974136
14.93,1,0.959846,0.999987,0.974205
14.94,1,0.960402,0.999987,0.974274
14.95,1,0.96096,0.999987,0.974343
14.96,1,0.96152,0.999987,0.974412
14.97,1,0.962081,0.999987,0.97448
14.98,1,0.962644,0.999987,0.974548
14.99,1,0.963209,0.999987,0.974617
15,1,0.963774,0.999988,0.974684
15.01,1,0.964342,0.999988,0.974752
15.02,1,0.96491,0.999988,0.97482
15.03,1,0.96548,0.999988,0.974887
15.04,1,0.96605,0.999988,0.974954
15.05,1,0.966622,0.999988,0.975021
15.06,1,0.967195,0.999988,0.975088
15.07,1,0.967769,0.999988,0.975155
15.08,1,0.968344,0.999988,0.975221
15.09,1,0.96892,0.999989,0.975288
15.1,1,0.969497,0.999989,0.975354
15.11,1,0.970074,0.999989,0.97542
15.12,1,0.970652,0.999989,0.975486
15.13,1,0.971231,0.999989,0.975551
15.14,1,0.97181,0.999989,0.975617
15.15,1,0.972389,0.999989,0.975682
15.16,1,0.97297,0.999989,0.975747
15.17,1,0.97355,0.999989,0.975812
15.18,1,0.974131,0.999989,0.975876
15.19,1,0.974712,0.99999,0.975941
15.2,1,0.975293,0.99999,0.976005
15.21,1,0.975875,0.99999,0.97607
15.22,1,0.976456,0.99999,0.976134
15.23,1,0.977038,0.99999,0.976198
15.24,1,0.977619,0.99999,0.976261
15.25,1,0.978201,0.99999,0.976325
15.26,1,0.978782,0.99999,0.976388
15.27,1,0.979363,0.99999,0.976451
15.28,1,0.979944,0.99999,0.976514
15.29,1,0.980524,0.99999,0.976577
15.3,1,0.981105,0.999991,0.97664
15.31,1,0.981684,0.999991,0.976702
15.32,1,0.982263,0.999991,0.976765
15.33,1,0.982842,0.999991,0.976827
15.34,1,0.98342,0.999991,0.976889
15.35,1,0.983998,0.999991,0.976951
15.36,1,0.984574,0.999991,0.977012
15.37,1,0.98515,0.999991,0.977074
15.38,1,0.985725,0.999991,0.977135
15.39,1,0.9863,0.999991,0.977196
15.4,1,0.986873,0.999991,0.977257
15.41,1,0.987445,0.999991,0.977318
15.42,1,0.988017,0.999992,0.977379
15.43,1,0.988587,0.999992,0.97744
15.44,1,0.989156,0.999992,0.9775
15.45,1,0.989724,0.999992,0.97756
15.46,1,0.990291,0.999992,0.97762
15.47,1,0.990856,0.999992,0.97768
15.48,1,0.99142,0.999992,0.97774
15.49,1,0.991983,0.999992,0.977799
15.5,1,0.992544,0.999992,0.977859
15.51,1,0.993104,0.999992,0.977918
15.52,1,0.993662,0.999992,0.977977
15.53,1,0.994218,0.999992,0.978036
15.54,1,0.994773,0.999992,0.978095
15.55,1,0.995327,0.999993,0.978153
15.56,1,0.995878,0.999993,0.978212
15.57,1,0.996428,0.999993,0.97827
15.58,1,0.996976,0.999993,0.978328
15.59,1,0.997522,0.999993,0.978386
15.6,1,0.998066,0.999993,0.978444
15.61,1,0.998608,0.999993,0.978502
15.62,1,0.999148,0.999993,0.978559
15.63,1,0.999686,0.999993,0.978617
15.64,1,1.00022,0.999993,0.978674
15.65,1,1.00076,0.999993,0.978731
15.66,1,1.00129,0.999993,0.978788
15.67,1,1.00182,0.999993,0.978845
15.68,1,1.00234,0.999993,0.978901
15.69,1,1.00287,0.999993,0.978958
15.7,1,1.00339,0.999994,0.979014
15.71,1,1.00391,0.999994,0.97907
15.72,1,1.00443,0.999994,0.979126
15.73,1,1.00494,0.999994,0.979182
15.74,1,1.00545,0.999994,0.979238
15.75,1,1.00596,0.999994,0.979293
15.76,1,1.00647,0.999994,0.979349
15.77,1,1.00697,0.999994,0.979404
15.78,1,1.00748,0.999994,0.979459
15.79,1,1.00798,0.999994,0.979514
15.8,1,1.00847,0.999994,0.979569
15.81,1,1.00896,0.999994,0.979624
15.82,1,1.00946,0.999994,0.979678
15.83,1,1.00994,0.999994,0.979732
15.84,1,1.01043,0.999994,0.979787
15.85,1,1.01091,0.999994,0.979841
15.86,1,1.01139,0.999994,0.979895
15.87,1,1.01186,0.999994,0.979949
15.88,1,1.01234,0.999995,0.980002
15.89,1,1.01281,0.999995,0.980056
15.9,1,1.01327,0.999995,0.980109
15.91,1,1.01373,0.999995,0.980162
15.92,1,1.01419,0.999995,0.980215
15.93,1,1.01465,0.999995,0.980268
15.94,1,1.0151,0.999995,0.980321
15.95,1,1.01555,0.999995,0.980374
15.96,1,1.016,0.999995,0.980426
15.97,1,1.01644,0.999995,0.980479
15.98,1,1.01688,0.999995,0.980531
15.99,1,1.01732,0.999995,0.980583
16,1,1.01775,0.999995,0.980635
16.01,1,1.01818,0.999995,0.980687
16.02,1,1.01861,0.999995,0.980738
16.03,1,1.01903,0.999995,0.98079
16.04,1,1.01945,0.999995,0.980841
16.05,1,1.01986,0.999995,0.980893
16.06,1,1.02028,0.999995,0.980944
16.07,1,1.02068,0.999995,0.980995
16.08,1,1.02109,0.999995,0.981046
16.09,1,1.02149,0.999995,0.981096
16.1,1,1.02189,0.999996,0.981147
16.11,1,1.02228,0.999996,0.981197
16.12,1,1.02267,0.999996,0.981248
16.13,1,1.02305,0.999996,0.981298
16.14,1,1.02343,0.999996,0.981348
16.15,1,1.02381,0.999996,0.981398
16.16,1,1.02419,0.999996,0.981448
16.17,1,1.02456,0.999996,0.981497
16.18,1,1.02492,0.999996,0.981547
16.19,1,1.02528,0.999996,0.981596
16.2,1,1.02564,0.999996,0.981645
16.21,1,1.02599,0.999996,0.981695
16.22,1,1.02634,0.999996,0.981744
16.23,1,1.02669,0.999996,0.981792
16.24,1,1.02703,0.999996,0.981841
16.25,1,1.02737,0.999996,0.98189
16.26,1,1.0277,0.999996,0.981938
16.27,1,1.02803,0.999996,0.981986
16.28,1,1.02836,0.999996,0.982035
16.29,1,1.02868,0.999996,0.982083
16.3,1,1.029,0.999996,0.982131
16.31,1,1.02931,0.999996,0.982179
16.32,1,1.02962,0.999996,0.982226
16.33,1,1.02992,0.999996,0.982274
16.34,1,1.03023,0.999996,0.982321
16.35,1,1.03052,0.999996,0.982369
16.36,1,1.03081,0.999997,0.982416
16.37,1,1.0311,0.999997,0.982463
16.38,1,1.03139,0.999997,0.98251
16.39,1,1.03166,0.999997,0.982556
16.4,1,1.03194,0.999997,0.982603
16.41,1,1.03221,0.999997,0.98265
16.42,1,1.03248,0.999997,0.982696
16.43,1,1.03274,0.999997,0.982742
16.44,1,1.033,0.999997,0.982789
16.45,1,1.03325,0.999997,0.982835
16.46,1,1.0335,0.999997,0.982881
16.47,1,1.03374,0.999997,0.982926
16.48,1,1.03399,0.999997,0.982972
16.49,1,1.03422,0.999997,0.983018
16.5,1,1.03445,0.999997,0.983063
16.51,1,1.03468,0.999997,0.983108
16.52,1,1.0349,0.999997,0.983154
16.53,1,1.03512,0.999997,0.983199
16.54,1,1.03534,0.999997,0.983244
16.55,1,1.03555,0.999997,0.983289
16.56,1,1.03575,0.999997,0.983333
16.57,1,1.03595,0.999997,0.983378
16.58,1,1.03615,0.999997,0.983422
16.59,1,1.03634,0.999997,0.983467
16.6,1,1.03653,0.999997,0.983511
16.61,1,1.03671,0.999997,0.983555
16.62,1,1.03689,0.999997,0.983599
16.63,1,1.03707,0.999997,0.983643
16.64,1,1.03724,0.999997,0.983687
16.65,1,1.0374,0.999997,0.98373
16.66,1,1.03757,0.999997,0.983774
16.67,1,1.03772,0.999997,0.983817
16.68,1,1.03788,0.999997,0.983861
16.69,1,1.03802,0.999997,0.983904
16.7,1,1.03817,0.999997,0.983947
16.71,1,1.03831,0.999997,0.98399
16.72,1,1.03844,0.999998,0.984033
16.73,1,1.03857,0.999998,0.984075
16.74,1,1.0387,0.999998,0.984118
16.75,1,1.03882,0.999998,0.984161
16.76,1,1.03894,0.999998,0.984203
16.77,1,1.03905,0.999998,0.984245
16.78,1,1.03916,0.999998,0.984287
16.79,1,1.03927,0.999998,0.984329
16.8,1,1.03937,0.999998,0.984371
16.81,1,1.03946,0.999998,0.984413
16.82,1,1.03956,0.999998,0.984455
16.83,1,1.03964,0.999998,0.984496
16.84,1,1.03973,0.999998,0.984538
16.85,1,1.03981,0.999998,0.984579
16.86,1,1.03988,0.999998,0.984621
16.87,1,1.03995,0.999998,0.984662
16.88,1,1.04002,0.999998,0.984703
16.89,1,1.04008,0.999998,0.984744
16.9,1,1.04014,0.999998,0.984785
16.91,1,1.04019,0.999998,0.984825
16.92,1,1.04024,0.999998,0.984866
16.93,1,1.04028,0.999998,0.984906
16.94,1,1.04032,0.999998,0.984947
16.95,1,1.04036,0.999998,0.984987
16.96,1,1.04039,0.999998,0.985027
16.97,1,1.04042,0.999998,0.985067
16.98,1,1.04044,0.999998,0.985107
16.99,1,1.04046,0.999998,0.985147
17,1,1.04048,0.999998,0.985187
17.01,1,1.04049,0.999998,0.985226
17.02,1,1.0405,0.999998,0.985266
17.03,1,1.0405,0.999998,0.985305
17.04,1,1.0405,0.999998,0.985345
17.05,1,1.0405,0.999998,0.985384
17.06,1,1.04049,0.999998,0.985423
17.07,1,1.04048,0.999998,0.985462
17.08,1,1.04046,0.999998,0.985501
17.09,1,1.04044,0.999998,0.98554
17.1,1,1.04041,0.999998,0.985578
17.11,1,1.04039,0.999998,0.985617
17.12,1,1.04035,0.999998,0.985656
17.13,1,1.04032,0.999998,0.985694
17.14,1,1.04028,0.999998,0.985732
17.15,1,1.04023,0.999998,0.98577
17.16,1,1.04019,0.999998,0.985808
17.17,1,1.04013,0.999998,0.985846
17.18,1,1.04008,0.999998,0.985884
17.19,1,1.04002,0.999998,0.985922
17.2,1,1.03996,0.999998,0.98596
17.21,1,1.03989,0.999998,0.985997
17.22,1,1.03982,0.999998,0.986035
17.23,1,1.03974,0.999998,0.986072
17.24,1,1.03967,0.999998,0.986109
17.25,1,1.03958,0.999998,0.986147
17.26,1,1.0395,0.999998,0.986184
17.27,1,1.03941,0.999999,0.986221
17.28,1,1.03932,0.999999,0.986257
17.29,1,1.03922,0.999999,0.986294
17.3,1,1.03912,0.999999,0.986331
17.31,1,1.03902,0.999999,0.986368
17.32,1,1.03891,0.999999,0.986404
17.33,1,1.0388,0.999999,0.98644
17.34,1,1.03869,0.999999,0.986477
17.35,1,1.03857,0.999999,0.986513
17.36,1,1.03845,0.999999,0.986549
17.37,1,1.03833,0.999999,0.986585
17.38,1,1.0382,0.999999,0.986621
17.39,1,1.03807,0.999999,0.986657
17.4,1,1.03794,0.999999,0.986692
17.41,1,1.0378,0.999999,0.986728
17.42,1,1.03766,0.999999,0.986763
17.43,1,1.03752,0.999999,0.986799
17.44,1,1.03737,0.999999,0.986834
17.45,1,1.03723,0.999999,0.986869
17.46,1,1.03707,0.999999,0.986905
17.47,1,1.03692,0.999999,0.98694
17.48,1,1.03676,0.999999,0.986975
17.49,1,1.0366,0.999999,0.987009
17.5,1,1.03643,0.999999,0.987044
17.51,1,1.03626,0.999999,0.987079
17.52,1,1.03609,0.999999,0.987113
17.53,1,1.03592,0.999999,0.987148
17.54,1,1.03574,0.999999,0.987182
17.55,1,1.03556,0.999999,0.987217
17.56,1,1.03538,0.999999,0.987251
17.57,1,1.0352,0.999999,0.987285
17.58,1,1.03501,0.999999,0.987319
17.59,1,1.03482,0.999999,0.987353
17.6,1,1.03463,0.999999,0.987387
17.61,1,1.03443,0.999999,0.98742
17.62,1,1.03423,0.999999,0.987454
17.63,1,1.03403,0.999999,0.987488
17.64,1,1.03383,0.999999,0.987521
17.65,1,1.03362,0.999999,0.987555
17.66,1,1.03341,0.999999,0.987588
17.67,1,1.0332,0.999999,0.987621
17.68,1,1.03299,0.999999,0.987654
17.69,1,1.03277,0.999999,0.987687
17.7,1,1.03255,0.999999,0.98772
17.71,1,1.03233,0.999999,0.987753
17.72,1,1.03211,0.999999,0.987786
17.73,1,1.03188,0.999999,0.987819
17.74,1,1.03165,0.999999,0.987851
17.75,1,1.03142,0.999999,0.987884
17.76,1,1.03119,0.999999,0.987916
17.77,1,1.03096,0.999999,0.987948
17.78,1,1.03072,0.999999,0.987981
17.79,1,1.03048,0.999999,0.988013
17.8,1,1.03024,0.999999,0.988045
17.81,1,1.03,0.999999,0.988077
17.82,1,1.02975,0.999999,0.988109
17.83,1,1.02951,0.999999,0.988141
17.84,1,1.02926,0.999999,0.988172
17.85,1,1.02901,0.999999,0.988204
17.86,1,1.02875,0.999999,0.988236
17.87,1,1.0285,0.999999,0.988267
17.88,1,1.02824,0.999999,0.988298
17.89,1,1.02798,0.999999,0.98833
17.9,1,1.02772,0.999999,0.988361
17.91,1,1.02746,0.999999,0.988392
17.92,1,1.0272,0.999999,0.988423
17.93,1,1.02693,0.999999,0.988454
17.94,1,1.02667,0.999999,0.988485
17.95,1,1.0264,0.999999,0.988516
17.96,1,1.02613,0.999999,0.988547
17.97,1,1.02586,0.999999,0.988577
17.98,1,1.02558,0.999999,0.988608
17.99,1,1.02531,0.999999,0.988638
18,1,1.02503,0.999999,0.988669
18.01,1,1.02476,0.999999,0.988699
18.02,1,1.02448,0.999999,0.988729
18.03,1,1.0242,0.999999,0.988759
18.04,1,1.02392,0.999999,0.988789
18.05,1,1.02363,0.999999,0.988819
18.06,1,1.02335,0.999999,0.988849
18.07,1,1.02307,0.999999,0.988879
18.08,1,1.02278,0.999999,0.988909
18.09,1,1.02249,0.999999,0.988939
18.1,1,1.0222,0.999999,0.988968
18.11,1,1.02191,0.999999,0.988998
18.12,1,1.02162,0.999999,0.989027
18.13,1,1.02133,0.999999,0.989057
18.14,1,1.02104,0.999999,0.989086
18.15,1,1.02075,0.999999,0.989115
18.16,1,1.02045,0.999999,0.989144
18.17,1,1.02016,0.999999,0.989173
18.18,1,1.01986,0.999999,0.989202
18.19,1,1.01956,0.999999,0.989231
18.2,1,1.01927,0.999999,0.98926
18.21,1,1.01897,0.999999,0.989289
18.22,1,1.01867,0.999999,0.989317
18.23,1,1.01837,0.999999,0.989346
18.24,1,1.01807,0.999999,0.989374
18.25,1,1.01777,0.999999,0.989403
18.26,1,1.01747,0.999999,0.989431
18.27,1,1.01717,0.999999,0.98946
18.28,1,1.01686,0.999999,0.989488
18.29,1,1.01656,0.999999,0.989516
18.3,1,1.01626,0.999999,0.989544
18.31,1,1.01595,0.999999,0.989572
18.32,1,1.01565,0.999999,0.9896
18.33,1,1.01534,0.999999,0.989628
18.34,1,1.01504,0.999999,0.989655
18.35,1,1.01473,0.999999,0.989683
18.36,1,1.01443,0.999999,0.989711
18.37,1,1.01412,0.999999,0.989738
18.38,1,1.01382,0.999999,0.989766
18.39,1,1.01351,0.999999,0.989793
18.4,1,1.01321,0.999999,0.98982
18.41,1,1.0129,0.999999,0.989848
18.42,1,1.01259,0.999999,0.989875
18.43,1,1.01229,1,0.989902
18.44,1,1.01198,1,0.989929
18.45,1,1.01168,1,0.989956
18.46,1,1.01137,1,0.989983
18.47,1,1.01106,1,0.99001
18.48,1,1.01076,1,0.990036
18.49,1,1.01045,1,0.990063
18.5,1,1.01015,1,0.990089
18.51,1,1.00984,1,0.990116
18.52,1,1.00953,1,0.990142
18.53,1,1.00923,1,0.990169
18.54,1,1.00893,1,0.990195
18.55,1,1.00862,1,0.990221
18.56,1,1.00832,1,0.990248
18.57,1,1.00801,1,0.990274
18.58,1,1.00771,1,0.9903
18.59,1,1.00741,1,0.990326
18.6,1,1.00711,1,0.990352
18.61,1,1.0068,1,0.990377
18.62,1,1.0065,1,0.990403
18.63,1,1.0062,1,0.990429
18.64,1,1.0059,1,0.990454
18.65,1,1.0056,1,0.99048
18.66,1,1.0053,1,0.990505
18.67,1,1.00501,1,0.990531
18.68,1,1.00471,1,0.990556
18.69,1,1.00441,1,0.990581
18.7,1,1.00411,1,0.990607
18.71,1,1.00382,1,0.990632
18.72,1,1.00353,1,0.990657
18.73,1,1.00323,1,0.990682
18.74,1,1.00294,1,0.990707
18.75,1,1.00265,1,0.990732
18.76,1,1.00236,1,0.990756
18.77,1,1.00207,1,0.990781
18.78,1,1.00178,1,0.990806
18.79,1,1.00149,1,0.99083
18.8,1,1.0012,1,0.990855
18.81,1,1.00092,1,0.990879
18.82,1,1.00063,1,0.990904
18.83,1,1.00035,1,0.990928
18.84,1,1.00006,1,0.990952
18.85,1,0.999781,1,0.990977
18.86,1,0.999501,1,0.991001
18.87,1,0.999221,1,0.991025
18.88,1,0.998943,1,0.991049
18.89,1,0.998666,1,0.991073
18.9,1,0.99839,1,0.991097
18.91,1,0.998116,1,0.991121
18.92,1,0.997842,1,0.991144
18.93,1,0.99757,1,0.991168
18.94,1,0.9973,1,0.991192
18.95,1,0.99703,1,0.991215
18.96,1,0.996763,1,0.991239
18.97,1,0.996496,1,0.991262
18.98,1,0.996231,1,0.991286
18.99,1,0.995967,1,0.991309
19,1,0.995705,1,0.991332
19.01,1,0.995444,1,0.991355
19.02,1,0.995185,1,0.991378
19.03,1,0.994927,1,0.991402
19.04,1,0.994671,1,0.991425
19.05,1,0.994416,1,0.991448
19.06,1,0.994163,1,0.99147
19.07,1,0.993912,1,0.991493
19.08,1,0.993662,1,0.991516
19.09,1,0.993414,1,0.991539
19.1,1,0.993167,1,0.991561
19.11,1,0.992922,1,0.991584
19.12,1,0.992679,1,0.991606
19.13,1,0.992438,1,0.991629
19.14,1,0.992198,1,0.991651
19.15,1,0.99196,1,0.991674
19.16,1,0.991723,1,0.991696
19.17,1,0.991489,1,0.991718
19.18,1,0.991256,1,0.99174
19.19,1,0.991025,1,0.991762
19.2,1,0.990796,1,0.991784
19.21,1,0.990569,1,0.991806
19.22,1,0.990343,1,0.991828
19.23,1,0.99012,1,0.99185
19.24,1,0.989898,1,0.991872
19.25,1,0.989678,1,0.991894
19.26,1,0.98946,1,0.991915
19.27,1,0.989244,1,0.991937
19.28,1,0.98903,1,0.991959
19.29,1,0.988818,1,0.99198
19.3,1,0.988608,1,0.992002
19.31,1,0.9884,1,0.992023
19.32,1,0.988193,1,0.992044
19.33,1,0.987989,1,0.992066
19.34,1,0.987787,1,0.992087
19.35,1,0.987587,1,0.992108
19.36,1,0.987389,1,0.992129
19.37,1,0.987193,1,0.99215
19.38,1,0.986999,1,0.992171
19.39,1,0.986807,1,0.992192
19.4,1,0.986617,1,0.992213
19.41,1,0.986429,1,0.992234
19.42,1,0.986244,1,0.992255
19.43,1,0.98606,1,0.992275
19.44,1,0.985879,1,0.992296
19.45,1,0.985699,1,0.992317
19.46,1,0.985522,1,0.992337
19.47,1,0.985347,1,0.992358
19.48,1,0.985174,1,0.992378
19.49,1,0.985004,1,0.992399
19.5,1,0.984835,1,0.992419
19.51,1,0.984669,1,0.992439
19.52,1,0.984505,1,0.99246
19.53,1,0.984343,1,0.99248
19.54,1,0.984183,1,0.9925
19.55,1,0.984026,1,0.99252
19.56,1,0.983871,1,0.99254
19.57,1,0.983718,1,0.99256
19.58,1,0.983567,1,0.99258
19.59,1,0.983418,1,0.9926
19.6,1,0.983272,1,0.992619
19.61,1,0.983128,1,0.992639
19.62,1,0.982986,1,0.992659
19.63,1,0.982847,1,0.992679
19.64,1,0.982709,1,0.992698
19.65,1,0.982574,1,0.992718
19.66,1,0.982442,1,0.992737
19.67,1,0.982311,1,0.992757
19.68,1,0.982183,1,0.992776
19.69,1,0.982057,1,0.992795
19.7,1,0.981934,1,0.992815
19.71,1,0.981813,1,0.992834
19.72,1,0.981694,1,0.992853
19.73,1,0.981577,1,0.992872
19.74,1,0.981463,1,0.992891
19.75,1,0.981351,1,0.99291
19.76,1,0.981241,1,0.992929
19.77,1,0.981134,1,0.992948
19.78,1,0.981028,1,0.992967
19.79,1,0.980926,1,0.992986
19.8,1,0.980825,1,0.993005
19.81,1,0.980727,1,0.993023
19.82,1,0.980631,1,0.993042
19.83,1,0.980538,1,0.993061
19.84,1,0.980446,1,0.993079
19.85,1,0.980357,1,0.993098
19.86,1,0.980271,1,0.993116
19.87,1,0.980187,1,0.993135
19.88,1,0.980105,1,0.993153
19.89,1,0.980025,1,0.993171
19.9,1,0.979948,1,0.993189
19.91,1,0.979873,1,0.993208
19.92,1,0.9798,1,0.993226
19.93,1,0.97973,1,0.993244
19.94,1,0.979661,1,0.993262
19.95,1,0.979596,1,0.99328
19.96,1,0.979532,1,0.993298
19.97,1,0.979471,1,0.993316
19.98,1,0.979412,1,0.993334
19.99,1,0.979355,1,0.993352
