time,Step_Input,_1__s_1_
0,0,0
0.01,0,0
0.02,0,0
0.03,0,0
0.04,0,0
0.05,0,0
0.06,0,0
0.07,0,0
0.08,0,0
0.09,0,0
0.1,0,0
0.11,0,0
0.12,0,0
0.13,0,0
0.14,0,0
0.15,0,0
0.16,0,0
0.17,0,0
0.18,0,0
0.19,0,0
0.2,0,0
0.21,0,0
0.22,0,0
0.23,0,0
0.24,0,0
0.25,0,0
0.26,0,0
0.27,0,0
0.28,0,0
0.29,0,0
0.3,0,0
0.31,0,0
0.32,0,0
0.33,0,0
0.34,0,0
0.35,0,0
0.36,0,0
0.37,0,0
0.38,0,0
0.39,0,0
0.4,0,0
0.41,0,0
0.42,0,0
0.43,0,0
0.44,0,0
0.45,0,0
0.46,0,0
0.47,0,0
0.48,0,0
0.49,0,0
0.5,0,0
0.51,0,0
0.52,0,0
0.53,0,0
0.54,0,0
0.55,0,0
0.56,0,0
0.57,0,0
0.58,0,0
0.59,0,0
0.6,0,0
0.61,0,0
0.62,0,0
0.63,0,0
0.64,0,0
0.65,0,0
0.66,0,0
0.67,0,0
0.68,0,0
0.69,0,0
0.7,0,0
0.71,0,0
0.72,0,0
0.73,0,0
0.74,0,0
0.75,0,0
0.76,0,0
0.77,0,0
0.78,0,0
0.79,0,0
0.8,0,0
0.81,0,0
0.82,0,0
0.83,0,0
0.84,0,0
0.85,0,0
0.86,0,0
0.87,0,0
0.88,0,0
0.89,0,0
0.9,0,0
0.91,0,0
0.92,0,0
0.93,0,0
0.94,0,0
0.95,0,0
0.96,0,0
0.97,0,0
0.98,0,0
0.99,0,0
1,0,0
1.01,1,0.00995
1.02,1,0.0181677
1.03,1,0.0279371
1.04,1,0.0376093
1.05,1,0.0471853
1.06,1,0.0566659
1.07,1,0.0660523
1.08,1,0.0753452
1.09,1,0.0845457
1.1,1,0.0936546
1.11,1,0.102673
1.12,1,0.111601
1.13,1,0.120441
1.14,1,0.129193
1.15,1,0.137858
1.16,1,0.146436
1.17,1,0.154929
1.18,1,0.163338
1.19,1,0.171663
1.2,1,0.179905
1.21,1,0.188065
1.22,1,0.196144
1.23,1,0.204142
1.24,1,0.212061
1.25,1,0.219901
1.26,1,0.227663
1.27,1,0.235348
1.28,1,0.242957
1.29,1,0.250489
1.3,1,0.257947
1.31,1,0.265331
1.32,1,0.272641
1.33,1,0.279878
1.34,1,0.287043
1.35,1,0.294137
1.36,1,0.301161
1.37,1,0.308115
1.38,1,0.314999
1.39,1,0.321815
1.4,1,0.328563
1.41,1,0.335244
1.42,1,0.341858
1.43,1,0.348407
1.44,1,0.35489
1.45,1,0.361309
1.46,1,0.367664
1.47,1,0.373956
1.48,1,0.380185
1.49,1,0.386353
1.5,1,0.392459
1.51,1,0.398504
1.52,1,0.404489
1.53,1,0.410414
1.54,1,0.416281
1.55,1,0.422089
1.56,1,0.427839
1.57,1,0.433532
1.58,1,0.439169
1.59,1,0.444749
1.6,1,0.450274
1.61,1,0.455744
1.62,1,0.461159
1.63,1,0.466521
1.64,1,0.471829
1.65,1,0.477084
1.66,1,0.482287
1.67,1,0.487439
1.68,1,0.492539
1.69,1,0.497588
1.7,1,0.502587
1.71,1,0.507536
1.72,1,0.512437
1.73,1,0.517288
1.74,1,0.522091
1.75,1,0.526846
1.76,1,0.531554
1.77,1,0.536215
1.78,1,0.54083
1.79,1,0.545399
1.8,1,0.549922
1.81,1,0.554401
1.82,1,0.558834
1.83,1,0.563224
1.84,1,0.56757
1.85,1,0.571873
1.86,1,0.576133
1.87,1,0.58035
1.88,1,0.584526
1.89,1,0.58866
1.9,1,0.592753
1.91,1,0.596805
1.92,1,0.600817
1.93,1,0.604789
1.94,1,0.608721
1.95,1,0.612614
1.96,1,0.616469
1.97,1,0.620285
1.98,1,0.624063
1.99,1,0.627804
2,1,0.631507
2.01,1,0.635174
2.02,1,0.638804
2.03,1,0.642398
2.04,1,0.645956
2.05,1,0.649479
2.06,1,0.652967
2.07,1,0.65642
2.08,1,0.659839
2.09,1,0.663223
2.1,1,0.666574
2.11,1,0.669892
2.12,1,0.673176
2.13,1,0.676428
2.14,1,0.679648
2.15,1,0.682836
2.16,1,0.685991
2.17,1,0.689116
2.18,1,0.692209
2.19,1,0.695272
2.2,1,0.698304
2.21,1,0.701306
2.22,1,0.704278
2.23,1,0.70722
2.24,1,0.710133
2.25,1,0.713018
2.26,1,0.715873
2.27,1,0.7187
2.28,1,0.721499
2.29,1,0.72427
2.3,1,0.727014
2.31,1,0.72973
2.32,1,0.732419
2.33,1,0.735082
2.34,1,0.737718
2.35,1,0.740328
2.36,1,0.742911
2.37,1,0.74547
2.38,1,0.748002
2.39,1,0.75051
2.4,1,0.752992
2.41,1,0.75545
2.42,1,0.757883
2.43,1,0.760292
2.44,1,0.762677
2.45,1,0.765039
2.46,1,0.767377
2.47,1,0.769691
2.48,1,0.771983
2.49,1,0.774252
2.5,1,0.776498
2.51,1,0.778722
2.52,1,0.780924
2.53,1,0.783103
2.54,1,0.785262
2.55,1,0.787398
2.56,1,0.789514
2.57,1,0.791608
2.58,1,0.793682
2.59,1,0.795735
2.6,1,0.797767
2.61,1,0.799779
2.62,1,0.801771
2.63,1,0.803744
2.64,1,0.805697
2.65,1,0.80763
2.66,1,0.809544
2.67,1,0.811439
2.68,1,0.813315
2.69,1,0.815173
2.7,1,0.817012
2.71,1,0.818833
2.72,1,0.820635
2.73,1,0.82242
2.74,1,0.824187
2.75,1,0.825936
2.76,1,0.827668
2.77,1,0.829383
2.78,1,0.831081
2.79,1,0.832762
2.8,1,0.834426
2.81,1,0.836073
2.82,1,0.837704
2.83,1,0.839319
2.84,1,0.840918
2.85,1,0.842501
2.86,1,0.844068
2.87,1,0.845619
2.88,1,0.847156
2.89,1,0.848676
2.9,1,0.850182
2.91,1,0.851673
2.92,1,0.853149
2.93,1,0.85461
2.94,1,0.856057
2.95,1,0.857489
2.96,1,0.858907
2.97,1,0.860311
2.98,1,0.861701
2.99,1,0.863077
3,1,0.864439
3.01,1,0.865788
3.02,1,0.867123
3.03,1,0.868446
3.04,1,0.869755
3.05,1,0.871051
3.06,1,0.872334
3.07,1,0.873604
3.08,1,0.874862
3.09,1,0.876107
3.1,1,0.877339
3.11,1,0.87856
3.12,1,0.879768
3.13,1,0.880965
3.14,1,0.882149
3.15,1,0.883322
3.16,1,0.884483
3.17,1,0.885632
3.18,1,0.88677
3.19,1,0.887897
3.2,1,0.889012
3.21,1,0.890117
3.22,1,0.89121
3.23,1,0.892292
3.24,1,0.893364
3.25,1,0.894425
3.26,1,0.895476
3.27,1,0.896516
3.28,1,0.897545
3.29,1,0.898565
3.3,1,0.899574
3.31,1,0.900573
3.32,1,0.901563
3.33,1,0.902542
3.34,1,0.903512
3.35,1,0.904472
3.36,1,0.905422
3.37,1,0.906363
3.38,1,0.907295
3.39,1,0.908218
3.4,1,0.909131
3.41,1,0.910035
3.42,1,0.91093
3.43,1,0.911816
3.44,1,0.912694
3.45,1,0.913563
3.46,1,0.914423
3.47,1,0.915274
3.48,1,0.916117
3.49,1,0.916952
3.5,1,0.917778
3.51,1,0.918596
3.52,1,0.919406
3.53,1,0.920208
3.54,1,0.921002
3.55,1,0.921788
3.56,1,0.922566
3.57,1,0.923337
3.58,1,0.9241
3.59,1,0.924855
3.6,1,0.925603
3.61,1,0.926343
3.62,1,0.927076
3.63,1,0.927801
3.64,1,0.92852
3.65,1,0.929231
3.66,1,0.929935
3.67,1,0.930632
3.68,1,0.931323
3.69,1,0.932006
3.7,1,0.932682
3.71,1,0.933352
3.72,1,0.934015
3.73,1,0.934672
3.74,1,0.935322
3.75,1,0.935966
3.76,1,0.936603
3.77,1,0.937234
3.78,1,0.937858
3.79,1,0.938476
3.8,1,0.939089
3.81,1,0.939695
3.82,1,0.940295
3.83,1,0.940889
3.84,1,0.941477
3.85,1,0.942059
3.86,1,0.942636
3.87,1,0.943207
3.88,1,0.943772
3.89,1,0.944331
3.9,1,0.944885
3.91,1,0.945433
3.92,1,0.945976
3.93,1,0.946514
3.94,1,0.947046
3.95,1,0.947573
3.96,1,0.948095
3.97,1,0.948611
3.98,1,0.949123
3.99,1,0.949629
4,1,0.95013
4.01,1,0.950626
4.02,1,0.951117
4.03,1,0.951604
4.04,1,0.952085
4.05,1,0.952562
4.06,1,0.953034
4.07,1,0.953501
4.08,1,0.953964
4.09,1,0.954422
4.1,1,0.954876
4.11,1,0.955325
4.12,1,0.955769
4.13,1,0.956209
4.14,1,0.956645
4.15,1,0.957076
4.16,1,0.957504
4.17,1,0.957926
4.18,1,0.958345
4.19,1,0.95876
4.2,1,0.95917
4.21,1,0.959576
4.22,1,0.959978
4.23,1,0.960377
4.24,1,0.960771
4.25,1,0.961161
4.26,1,0.961548
4.27,1,0.96193
4.28,1,0.962309
4.29,1,0.962684
4.3,1,0.963055
4.31,1,0.963423
4.32,1,0.963787
4.33,1,0.964147
4.34,1,0.964504
4.35,1,0.964857
4.36,1,0.965207
4.37,1,0.965553
4.38,1,0.965896
4.39,1,0.966235
4.4,1,0.966571
4.41,1,0.966904
4.42,1,0.967233
4.43,1,0.967559
4.44,1,0.967882
4.45,1,0.968201
4.46,1,0.968518
4.47,1,0.968831
4.48,1,0.969141
4.49,1,0.969448
4.5,1,0.969752
4.51,1,0.970053
4.52,1,0.970351
4.53,1,0.970646
4.54,1,0.970938
4.55,1,0.971227
4.56,1,0.971514
4.57,1,0.971797
4.58,1,0.972078
4.59,1,0.972356
4.6,1,0.972631
4.61,1,0.972903
4.62,1,0.973173
4.63,1,0.97344
4.64,1,0.973704
4.65,1,0.973966
4.66,1,0.974225
4.67,1,0.974481
4.68,1,0.974735
4.69,1,0.974986
4.7,1,0.975235
4.71,1,0.975482
4.72,1,0.975726
4.73,1,0.975967
4.74,1,0.976206
4.75,1,0.976443
4.76,1,0.976677
4.77,1,0.97691
4.78,1,0.977139
4.79,1,0.977367
4.8,1,0.977592
4.81,1,0.977815
4.82,1,0.978036
4.83,1,0.978254
4.84,1,0.978471
4.85,1,0.978685
4.86,1,0.978897
4.87,1,0.979107
4.88,1,0.979315
4.89,1,0.979521
4.9,1,0.979724
4.91,1,0.979926
4.92,1,0.980126
4.93,1,0.980324
4.94,1,0.980519
4.95,1,0.980713
4.96,1,0.980905
4.97,1,0.981095
4.98,1,0.981283
4.99,1,0.981469
5,1,0.981654
5.01,1,0.981836
5.02,1,0.982017
5.03,1,0.982196
5.04,1,0.982373
5.05,1,0.982549
5.06,1,0.982722
5.07,1,0.982894
5.08,1,0.983064
5.09,1,0.983233
5.1,1,0.9834
5.11,1,0.983565
5.12,1,0.983728
5.13,1,0.98389
5.14,1,0.984051
5.15,1,0.984209
5.16,1,0.984366
5.17,1,0.984522
5.18,1,0.984676
5.19,1,0.984828
5.2,1,0.984979
5.21,1,0.985129
5.22,1,0.985277
5.23,1,0.985423
5.24,1,0.985568
5.25,1,0.985712
5.26,1,0.985854
5.27,1,0.985995
5.28,1,0.986134
5.29,1,0.986272
5.3,1,0.986409
5.31,1,0.986544
5.32,1,0.986678
5.33,1,0.986811
5.34,1,0.986942
5.35,1,0.987072
5.36,1,0.9872
5.37,1,0.987328
5.38,1,0.987454
5.39,1,0.987579
5.4,1,0.987702
5.41,1,0.987825
5.42,1,0.987946
5.43,1,0.988066
5.44,1,0.988184
5.45,1,0.988302
5.46,1,0.988418
5.47,1,0.988534
5.48,1,0.988648
5.49,1,0.988761
5.5,1,0.988872
5.51,1,0.988983
5.52,1,0.989093
5.53,1,0.989201
5.54,1,0.989309
5.55,1,0.989415
5.56,1,0.989521
5.57,1,0.989625
5.58,1,0.989728
5.59,1,0.98983
5.6,1,0.989931
5.61,1,0.990032
5.62,1,0.990131
5.63,1,0.990229
5.64,1,0.990326
5.65,1,0.990422
5.66,1,0.990518
5.67,1,0.990612
5.68,1,0.990706
5.69,1,0.990798
5.7,1,0.99089
5.71,1,0.99098
5.72,1,0.99107
5.73,1,0.991159
5.74,1,0.991247
5.75,1,0.991334
5.76,1,0.99142
5.77,1,0.991505
5.78,1,0.99159
5.79,1,0.991674
5.8,1,0.991757
5.81,1,0.991839
5.82,1,0.99192
5.83,1,0.992
5.84,1,0.99208
5.85,1,0.992159
5.86,1,0.992237
5.87,1,0.992314
5.88,1,0.99239
5.89,1,0.992466
5.9,1,0.992541
5.91,1,0.992615
5.92,1,0.992689
5.93,1,0.992761
5.94,1,0.992833
5.95,1,0.992905
5.96,1,0.992975
5.97,1,0.993045
5.98,1,0.993114
5.99,1,0.993183
6,1,0.993251
6.01,1,0.993318
6.02,1,0.993384
6.03,1,0.99345
6.04,1,0.993515
6.05,1,0.99358
6.06,1,0.993644
6.07,1,0.993707
6.08,1,0.99377
6.09,1,0.993832
6.1,1,0.993893
6.11,1,0.993954
6.12,1,0.994014
6.13,1,0.994074
6.14,1,0.994133
6.15,1,0.994191
6.16,1,0.994249
6.17,1,0.994306
6.18,1,0.994363
6.19,1,0.994419
6.2,1,0.994474
6.21,1,0.994529
6.22,1,0.994584
6.23,1,0.994638
6.24,1,0.994691
6.25,1,0.994744
6.26,1,0.994796
6.27,1,0.994848
6.28,1,0.994899
6.29,1,0.99495
6.3,1,0.995
6.31,1,0.99505
6.32,1,0.995099
6.33,1,0.995148
6.34,1,0.995196
6.35,1,0.995244
6.36,1,0.995291
6.37,1,0.995338
6.38,1,0.995384
6.39,1,0.99543
6.4,1,0.995476
6.41,1,0.995521
6.42,1,0.995565
6.43,1,0.99561
6.44,1,0.995653
6.45,1,0.995697
6.46,1,0.995739
6.47,1,0.995782
6.48,1,0.995824
6.49,1,0.995865
6.5,1,0.995906
6.51,1,0.995947
6.52,1,0.995987
6.53,1,0.996027
6.54,1,0.996067
6.55,1,0.996106
6.56,1,0.996145
6.57,1,0.996183
6.58,1,0.996221
6.59,1,0.996259
6.6,1,0.996296
6.61,1,0.996333
6.62,1,0.996369
6.63,1,0.996405
6.64,1,0.996441
6.65,1,0.996477
6.66,1,0.996512
6.67,1,0.996546
6.68,1,0.996581
6.69,1,0.996615
6.7,1,0.996648
6.71,1,0.996682
6.72,1,0.996715
6.73,1,0.996748
6.74,1,0.99678
6.75,1,0.996812
6.76,1,0.996844
6.77,1,0.996875
6.78,1,0.996906
6.79,1,0.996937
6.8,1,0.996967
6.81,1,0.996998
6.82,1,0.997027
6.83,1,0.997057
6.84,1,0.997086
6.85,1,0.997115
6.86,1,0.997144
6.87,1,0.997172
6.88,1,0.997201
6.89,1,0.997228
6.9,1,0.997256
6.91,1,0.997283
6.92,1,0.99731
6.93,1,0.997337
6.94,1,0.997364
6.95,1,0.99739
6.96,1,0.997416
6.97,1,0.997442
6.98,1,0.997467
6.99,1,0.997492
7,1,0.997517
7.01,1,0.997542
7.02,1,0.997566
7.03,1,0.99759
7.04,1,0.997614
7.05,1,0.997638
7.06,1,0.997662
7.07,1,0.997685
7.08,1,0.997708
7.09,1,0.997731
7.1,1,0.997753
7.11,1,0.997776
7.12,1,0.997798
7.13,1,0.99782
7.14,1,0.997841
7.15,1,0.997863
7.16,1,0.997884
7.17,1,0.997905
7.18,1,0.997926
7.19,1,0.997947
7.2,1,0.997967
7.21,1,0.997987
7.22,1,0.998007
7.23,1,0.998027
7.24,1,0.998047
7.25,1,0.998066
7.26,1,0.998086
7.27,1,0.998105
7.28,1,0.998123
7.29,1,0.998142
7.3,1,0.998161
7.31,1,0.998179
7.32,1,0.998197
7.33,1,0.998215
7.34,1,0.998233
7.35,1,0.99825
7.36,1,0.998268
7.37,1,0.998285
7.38,1,0.998302
7.39,1,0.998319
7.4,1,0.998336
7.41,1,0.998352
7.42,1,0.998369
7.43,1,0.998385
7.44,1,0.998401
7.45,1,0.998417
7.46,1,0.998433
7.47,1,0.998448
7.48,1,0.998464
7.49,1,0.998479
7.5,1,0.998494
7.51,1,0.998509
7.52,1,0.998524
7.53,1,0.998539
7.54,1,0.998553
7.55,1,0.998568
7.56,1,0.998582
7.57,1,0.998596
7.58,1,0.99861
7.59,1,0.998624
7.6,1,0.998637
7.61,1,0.998651
7.62,1,0.998664
7.63,1,0.998678
7.64,1,0.998691
7.65,1,0.998704
7.66,1,0.998717
7.67,1,0.998729
7.68,1,0.998742
7.69,1,0.998755
7.7,1,0.998767
7.71,1,0.998779
7.72,1,0.998791
7.73,1,0.998803
7.74,1,0.998815
7.75,1,0.998827
7.76,1,0.998839
7.77,1,0.99885
7.78,1,0.998862
7.79,1,0.998873
7.8,1,0.998884
7.81,1,0.998895
7.82,1,0.998906
7.83,1,0.998917
7.84,1,0.998928
7.85,1,0.998939
7.86,1,0.998949
7.87,1,0.99896
7.88,1,0.99897
7.89,1,0.99898
7.9,1,0.998991
7.91,1,0.999001
7.92,1,0.999011
7.93,1,0.99902
7.94,1,0.99903
7.95,1,0.99904
7.96,1,0.999049
7.97,1,0.999059
7.98,1,0.999068
7.99,1,0.999077
8,1,0.999087
8.01,1,0.999096
8.02,1,0.999105
8.03,1,0.999114
8.04,1,0.999122
8.05,1,0.999131
8.06,1,0.99914
8.07,1,0.999148
8.08,1,0.999157
8.09,1,0.999165
8.1,1,0.999174
8.11,1,0.999182
8.12,1,0.99919
8.13,1,0.999198
8.14,1,0.999206
8.15,1,0.999214
8.16,1,0.999222
8.17,1,0.999229
8.18,1,0.999237
8.19,1,0.999245
8.2,1,0.999252
8.21,1,0.99926
8.22,1,0.999267
8.23,1,0.999274
8.24,1,0.999281
8.25,1,0.999289
8.26,1,0.999296
8.27,1,0.999303
8.28,1,0.99931
8.29,1,0.999317
8.3,1,0.999323
8.31,1,0.99933
8.32,1,0.999337
8.33,1,0.999343
8.34,1,0.99935
8.35,1,0.999356
8.36,1,0.999363
8.37,1,0.999369
8.38,1,0.999375
8.39,1,0.999382
8.4,1,0.999388
8.41,1,0.999394
8.42,1,0.9994
8.43,1,0.999406
8.44,1,0.999412
8.45,1,0.999418
8.46,1,0.999423
8.47,1,0.999429
8.48,1,0.999435
8.49,1,0.99944
8.5,1,0.999446
8.51,1,0.999452
8.52,1,0.999457
8.53,1,0.999462
8.54,1,0.999468
8.55,1,0.999473
8.56,1,0.999478
8.57,1,0.999483
8.58,1,0.999489
8.59,1,0.999494
8.6,1,0.999499
8.61,1,0.999504
8.62,1,0.999509
8.63,1,0.999514
8.64,1,0.999518
8.65,1,0.999523
8.66,1,0.999528
8.67,1,0.999533
8.68,1,0.999537
8.69,1,0.999542
8.7,1,0.999546
8.71,1,0.999551
8.72,1,0.999555
8.73,1,0.99956
8.74,1,0.999564
8.75,1,0.999569
8.76,1,0.999573
8.77,1,0.999577
8.78,1,0.999581
8.79,1,0.999585
8.8,1,0.99959
8.81,1,0.999594
8.82,1,0.999598
8.83,1,0.999602
8.84,1,0.999606
8.85,1,0.99961
8.86,1,0.999613
8.87,1,0.999617
8.88,1,0.999621
8.89,1,0.999625
8.9,1,0.999629
8.91,1,0.999632
8.92,1,0.999636
8.93,1,0.99964
8.94,1,0.999643
8.95,1,0.999647
8.96,1,0.99965
8.97,1,0.999654
8.98,1,0.999657
8.99,1,0.999661
9,1,0.999664
9.01,1,0.999667
9.02,1,0.999671
9.03,1,0.999674
9.04,1,0.999677
9.05,1,0.99968
9.06,1,0.999684
9.07,1,0.999687
9.08,1,0.99969
9.09,1,0.999693
9.1,1,0.999696
9.11,1,0.999699
9.12,1,0.999702
9.13,1,0.999705
9.14,1,0.999708
9.15,1,0.999711
9.16,1,0.999714
9.17,1,0.999717
9.18,1,0.999719
9.19,1,0.999722
9.2,1,0.999725
9.21,1,0.999728
9.22,1,0.99973
9.23,1,0.999733
9.24,1,0.999736
9.25,1,0.999738
9.26,1,0.999741
9.27,1,0.999743
9.28,1,0.999746
9.29,1,0.999749
9.3,1,0.999751
9.31,1,0.999754
9.32,1,0.999756
9.33,1,0.999758
9.34,1,0.999761
9.35,1,0.999763
9.36,1,0.999766
9.37,1,0.999768
9.38,1,0.99977
9.39,1,0.999772
9.4,1,0.999775
9.41,1,0.999777
9.42,1,0.999779
9.43,1,0.999781
9.44,1,0.999784
9.45,1,0.999786
9.46,1,0.999788
9.47,1,0.99979
9.48,1,0.999792
9.49,1,0.999794
9.5,1,0.999796
9.51,1,0.999798
9.52,1,0.9998
9.53,1,0.999802
9.54,1,0.999804
9.55,1,0.999806
9.56,1,0.999808
9.57,1,0.99981
9.58,1,0.999812
9.59,1,0.999814
9.6,1,0.999816
9.61,1,0.999817
9.62,1,0.999819
9.63,1,0.999821
9.64,1,0.999823
9.65,1,0.999825
9.66,1,0.999826
9.67,1,0.999828
9.68,1,0.99983
9.69,1,0.999831
9.7,1,0.999833
9.71,1,0.999835
9.72,1,0.999836
9.73,1,0.999838
9.74,1,0.99984
9.75,1,0.999841
9.76,1,0.999843
9.77,1,0.999844
9.78,1,0.999846
9.79,1,0.999847
9.8,1,0.999849
9.81,1,0.999851
9.82,1,0.999852
9.83,1,0.999853
9.84,1,0.999855
9.85,1,0.999856
9.86,1,0.999858
9.87,1,0.999859
9.88,1,0.999861
9.89,1,0.999862
9.9,1,0.999863
9.91,1,0.999865
9.92,1,0.999866
9.93,1,0.999867
9.94,1,0.999869
9.95,1,0.99987
9.96,1,0.999871
9.97,1,0.999873
9.98,1,0.999874
9.99,1,0.999875
10,1,0.999876
