time,Speed__RPM_,Torque__N__m_,Efficiency__0_1_,Power__T_____
0,0,0,0,1
0.01,0,10,0,0
0.02,1,9.999,0.00225,0.0224978
0.03,2,9.998,0.0045,0.044991
0.04,3,9.997,0.00675,0.0674798
0.05,4,9.996,0.009,0.089964
0.06,5,9.995,0.01125,0.112444
0.07,6,9.994,0.0135,0.134919
0.08,7,9.993,0.01575,0.15739
0.09,8,9.992,0.018,0.179856
0.1,9,9.991,0.02025,0.202318
0.11,10,9.99,0.0225,0.224775
0.12,11,9.989,0.02475,0.247228
0.13,12,9.988,0.027,0.269676
0.14,13,9.987,0.02925,0.29212
0.15,14,9.986,0.0315,0.314559
0.16,15,9.985,0.03375,0.336994
0.17,16,9.984,0.036,0.359424
0.18,17,9.983,0.03825,0.38185
0.19,18,9.982,0.0405,0.404271
0.2,19,9.981,0.04275,0.426688
0.21,20,9.98,0.045,0.4491
0.22,21,9.979,0.04725,0.471508
0.23,22,9.978,0.0495,0.493911
0.24,23,9.977,0.05175,0.51631
0.25,24,9.976,0.054,0.538704
0.26,25,9.975,0.05625,0.561094
0.27,26,9.974,0.0585,0.583479
0.28,27,9.973,0.06075,0.60586
0.29,28,9.972,0.063,0.628236
0.3,29,9.971,0.06525,0.650608
0.31,30,9.97,0.0675,0.672975
0.32,31,9.969,0.06975,0.695338
0.33,32,9.968,0.072,0.717696
0.34,33,9.967,0.07425,0.74005
0.35,34,9.966,0.0765,0.762399
0.36,35,9.965,0.07875,0.784744
0.37,36,9.964,0.081,0.807084
0.38,37,9.963,0.08325,0.82942
0.39,38,9.962,0.0855,0.851751
0.4,39,9.961,0.08775,0.874078
0.41,40,9.96,0.09,0.8964
0.42,41,9.959,0.09225,0.918718
0.43,42,9.958,0.0945,0.941031
0.44,43,9.957,0.09675,0.96334
0.45,44,9.956,0.099,0.985644
0.46,45,9.955,0.10125,1.00794
0.47,46,9.954,0.1035,1.03024
0.48,47,9.953,0.10575,1.05253
0.49,48,9.952,0.108,1.07482
0.5,49,9.951,0.11025,1.0971
0.51,50,9.95,0.1125,1.11938
0.52,51,9.949,0.11475,1.14165
0.53,52,9.948,0.117,1.16392
0.54,53,9.947,0.11925,1.18618
0.55,54,9.946,0.1215,1.20844
0.56,55,9.945,0.12375,1.23069
0.57,56,9.944,0.126,1.25294
0.58,57,9.943,0.12825,1.27519
0.59,58,9.942,0.1305,1.29743
0.6,59,9.941,0.13275,1.31967
0.61,60,9.94,0.135,1.3419
0.62,61,9.939,0.13725,1.36413
0.63,62,9.938,0.1395,1.38635
0.64,63,9.937,0.14175,1.40857
0.65,64,9.936,0.144,1.43078
0.66,65,9.935,0.14625,1.45299
0.67,66,9.934,0.1485,1.4752
0.68,67,9.933,0.15075,1.4974
0.69,68,9.932,0.153,1.5196
0.7,69,9.931,0.15525,1.54179
0.71,70,9.93,0.1575,1.56398
0.72,71,9.929,0.15975,1.58616
0.73,72,9.928,0.162,1.60834
0.74,73,9.927,0.16425,1.63051
0.75,74,9.926,0.1665,1.65268
0.76,75,9.925,0.16875,1.67484
0.77,76,9.924,0.171,1.697
0.78,77,9.923,0.17325,1.71916
0.79,78,9.922,0.1755,1.74131
0.8,79,9.921,0.17775,1.76346
0.81,80,9.92,0.18,1.7856
0.82,81,9.919,0.18225,1.80774
0.83,82,9.918,0.1845,1.82987
0.84,83,9.917,0.18675,1.852
0.85,84,9.916,0.189,1.87412
0.86,85,9.915,0.19125,1.89624
0.87,86,9.914,0.1935,1.91836
0.88,87,9.913,0.19575,1.94047
0.89,88,9.912,0.198,1.96258
0.9,89,9.911,0.20025,1.98468
0.91,90,9.91,0.2025,2.00678
0.92,91,9.909,0.20475,2.02887
0.93,92,9.908,0.207,2.05096
0.94,93,9.907,0.20925,2.07304
0.95,94,9.906,0.2115,2.09512
0.96,95,9.905,0.21375,2.11719
0.97,96,9.904,0.216,2.13926
0.98,97,9.903,0.21825,2.16133
0.99,98,9.902,0.2205,2.18339
1,99,9.901,0.22275,2.20545
1.01,100,9.9,0.225,2.2275
1.02,101,9.899,0.22725,2.24955
1.03,102,9.898,0.2295,2.27159
1.04,103,9.897,0.23175,2.29363
1.05,104,9.896,0.234,2.31566
1.06,105,9.895,0.23625,2.33769
1.07,106,9.894,0.2385,2.35972
1.08,107,9.893,0.24075,2.38174
1.09,108,9.892,0.243,2.40376
1.1,109,9.891,0.24525,2.42577
1.11,110,9.89,0.2475,2.44778
1.12,111,9.889,0.24975,2.46978
1.13,112,9.888,0.252,2.49178
1.14,113,9.887,0.25425,2.51377
1.15,114,9.886,0.2565,2.53576
1.16,115,9.885,0.25875,2.55774
1.17,116,9.884,0.261,2.57972
1.18,117,9.883,0.26325,2.6017
1.19,118,9.882,0.2655,2.62367
1.2,119,9.881,0.26775,2.64564
1.21,120,9.88,0.27,2.6676
1.22,121,9.879,0.27225,2.68956
1.23,122,9.878,0.2745,2.71151
1.24,123,9.877,0.27675,2.73346
1.25,124,9.876,0.279,2.7554
1.26,125,9.875,0.28125,2.77734
1.27,126,9.874,0.2835,2.79928
1.28,127,9.873,0.28575,2.82121
1.29,128,9.872,0.288,2.84314
1.3,129,9.871,0.29025,2.86506
1.31,130,9.87,0.2925,2.88698
1.32,131,9.869,0.29475,2.90889
1.33,132,9.868,0.297,2.9308
1.34,133,9.867,0.29925,2.9527
1.35,134,9.866,0.3015,2.9746
1.36,135,9.865,0.30375,2.99649
1.37,136,9.864,0.306,3.01838
1.38,137,9.863,0.30825,3.04027
1.39,138,9.862,0.3105,3.06215
1.4,139,9.861,0.31275,3.08403
1.41,140,9.86,0.315,3.1059
1.42,141,9.859,0.31725,3.12777
1.43,142,9.858,0.3195,3.14963
1.44,143,9.857,0.32175,3.17149
1.45,144,9.856,0.324,3.19334
1.46,145,9.855,0.32625,3.21519
1.47,146,9.854,0.3285,3.23704
1.48,147,9.853,0.33075,3.25888
1.49,148,9.852,0.333,3.28072
1.5,149,9.851,0.33525,3.30255
1.51,150,9.85,0.3375,3.32438
1.52,151,9.849,0.33975,3.3462
1.53,152,9.848,0.342,3.36802
1.54,153,9.847,0.34425,3.38983
1.55,154,9.846,0.3465,3.41164
1.56,155,9.845,0.34875,3.43344
1.57,156,9.844,0.351,3.45524
1.58,157,9.843,0.35325,3.47704
1.59,158,9.842,0.3555,3.49883
1.6,159,9.841,0.35775,3.52062
1.61,160,9.84,0.36,3.5424
1.62,161,9.839,0.36225,3.56418
1.63,162,9.838,0.3645,3.58595
1.64,163,9.837,0.36675,3.60772
1.65,164,9.836,0.369,3.62948
1.66,165,9.835,0.37125,3.65124
1.67,166,9.834,0.3735,3.673
1.68,167,9.833,0.37575,3.69475
1.69,168,9.832,0.378,3.7165
1.7,169,9.831,0.38025,3.73824
1.71,170,9.83,0.3825,3.75998
1.72,171,9.829,0.38475,3.78171
1.73,172,9.828,0.387,3.80344
1.74,173,9.827,0.38925,3.82516
1.75,174,9.826,0.3915,3.84688
1.76,175,9.825,0.39375,3.86859
1.77,176,9.824,0.396,3.8903
1.78,177,9.823,0.39825,3.91201
1.79,178,9.822,0.4005,3.93371
1.8,179,9.821,0.40275,3.95541
1.81,180,9.82,0.405,3.9771
1.82,181,9.819,0.40725,3.99879
1.83,182,9.818,0.4095,4.02047
1.84,183,9.817,0.41175,4.04215
1.85,184,9.816,0.414,4.06382
1.86,185,9.815,0.41625,4.08549
1.87,186,9.814,0.4185,4.10716
1.88,187,9.813,0.42075,4.12882
1.89,188,9.812,0.423,4.15048
1.9,189,9.811,0.42525,4.17213
1.91,190,9.81,0.4275,4.19378
1.92,191,9.809,0.42975,4.21542
1.93,192,9.808,0.432,4.23706
1.94,193,9.807,0.43425,4.25869
1.95,194,9.806,0.4365,4.28032
1.96,195,9.805,0.43875,4.30194
1.97,196,9.804,0.441,4.32356
1.98,197,9.803,0.44325,4.34518
1.99,198,9.802,0.4455,4.36679
2,199,9.801,0.44775,4.3884
2.01,200,9.8,0.45,4.41
2.02,201,9.7985,0.45125,4.42157
2.03,202,9.797,0.4525,4.43314
2.04,203,9.7955,0.45375,4.44471
2.05,204,9.794,0.455,4.45627
2.06,205,9.7925,0.45625,4.46783
2.07,206,9.791,0.4575,4.47938
2.08,207,9.7895,0.45875,4.49093
2.09,208,9.788,0.46,4.50248
2.1,209,9.7865,0.46125,4.51402
2.11,210,9.785,0.4625,4.52556
2.12,211,9.7835,0.46375,4.5371
2.13,212,9.782,0.465,4.54863
2.14,213,9.7805,0.46625,4.56016
2.15,214,9.779,0.4675,4.57168
2.16,215,9.7775,0.46875,4.5832
2.17,216,9.776,0.47,4.59472
2.18,217,9.7745,0.47125,4.60623
2.19,218,9.773,0.4725,4.61774
2.2,219,9.7715,0.47375,4.62925
2.21,220,9.77,0.475,4.64075
2.22,221,9.7685,0.47625,4.65225
2.23,222,9.767,0.4775,4.66374
2.24,223,9.7655,0.47875,4.67523
2.25,224,9.764,0.48,4.68672
2.26,225,9.7625,0.48125,4.6982
2.27,226,9.761,0.4825,4.70968
2.28,227,9.7595,0.48375,4.72116
2.29,228,9.758,0.485,4.73263
2.3,229,9.7565,0.48625,4.7441
2.31,230,9.755,0.4875,4.75556
2.32,231,9.7535,0.48875,4.76702
2.33,232,9.752,0.49,4.77848
2.34,233,9.7505,0.49125,4.78993
2.35,234,9.749,0.4925,4.80138
2.36,235,9.7475,0.49375,4.81283
2.37,236,9.746,0.495,4.82427
2.38,237,9.7445,0.49625,4.83571
2.39,238,9.743,0.4975,4.84714
2.4,239,9.7415,0.49875,4.85857
2.41,240,9.74,0.5,4.87
2.42,241,9.7385,0.50125,4.88142
2.43,242,9.737,0.5025,4.89284
2.44,243,9.7355,0.50375,4.90426
2.45,244,9.734,0.505,4.91567
2.46,245,9.7325,0.50625,4.92708
2.47,246,9.731,0.5075,4.93848
2.48,247,9.7295,0.50875,4.94988
2.49,248,9.728,0.51,4.96128
2.5,249,9.7265,0.51125,4.97267
2.51,250,9.725,0.5125,4.98406
2.52,251,9.7235,0.51375,4.99545
2.53,252,9.722,0.515,5.00683
2.54,253,9.7205,0.51625,5.01821
2.55,254,9.719,0.5175,5.02958
2.56,255,9.7175,0.51875,5.04095
2.57,256,9.716,0.52,5.05232
2.58,257,9.7145,0.52125,5.06368
2.59,258,9.713,0.5225,5.07504
2.6,259,9.7115,0.52375,5.0864
2.61,260,9.71,0.525,5.09775
2.62,261,9.7085,0.52625,5.1091
2.63,262,9.707,0.5275,5.12044
2.64,263,9.7055,0.52875,5.13178
2.65,264,9.704,0.53,5.14312
2.66,265,9.7025,0.53125,5.15445
2.67,266,9.701,0.5325,5.16578
2.68,267,9.6995,0.53375,5.17711
2.69,268,9.698,0.535,5.18843
2.7,269,9.6965,0.53625,5.19975
2.71,270,9.695,0.5375,5.21106
2.72,271,9.6935,0.53875,5.22237
2.73,272,9.692,0.54,5.23368
2.74,273,9.6905,0.54125,5.24498
2.75,274,9.689,0.5425,5.25628
2.76,275,9.6875,0.54375,5.26758
2.77,276,9.686,0.545,5.27887
2.78,277,9.6845,0.54625,5.29016
2.79,278,9.683,0.5475,5.30144
2.8,279,9.6815,0.54875,5.31272
2.81,280,9.68,0.55,5.324
2.82,281,9.6785,0.55125,5.33527
2.83,282,9.677,0.5525,5.34654
2.84,283,9.6755,0.55375,5.35781
2.85,284,9.674,0.555,5.36907
2.86,285,9.6725,0.55625,5.38033
2.87,286,9.671,0.5575,5.39158
2.88,287,9.6695,0.55875,5.40283
2.89,288,9.668,0.56,5.41408
2.9,289,9.6665,0.56125,5.42532
2.91,290,9.665,0.5625,5.43656
2.92,291,9.6635,0.56375,5.4478
2.93,292,9.662,0.565,5.45903
2.94,293,9.6605,0.56625,5.47026
2.95,294,9.659,0.5675,5.48148
2.96,295,9.6575,0.56875,5.4927
2.97,296,9.656,0.57,5.50392
2.98,297,9.6545,0.57125,5.51513
2.99,298,9.653,0.5725,5.52634
3,299,9.6515,0.57375,5.53755
3.01,300,9.65,0.575,5.54875
3.02,301,9.6485,0.57625,5.55995
3.03,302,9.647,0.5775,5.57114
3.04,303,9.6455,0.57875,5.58233
3.05,304,9.644,0.58,5.59352
3.06,305,9.6425,0.58125,5.6047
3.07,306,9.641,0.5825,5.61588
3.08,307,9.6395,0.58375,5.62706
3.09,308,9.638,0.585,5.63823
3.1,309,9.6365,0.58625,5.6494
3.11,310,9.635,0.5875,5.66056
3.12,311,9.6335,0.58875,5.67172
3.13,312,9.632,0.59,5.68288
3.14,313,9.6305,0.59125,5.69403
3.15,314,9.629,0.5925,5.70518
3.16,315,9.6275,0.59375,5.71633
3.17,316,9.626,0.595,5.72747
3.18,317,9.6245,0.59625,5.73861
3.19,318,9.623,0.5975,5.74974
3.2,319,9.6215,0.59875,5.76087
3.21,320,9.62,0.6,5.772
3.22,321,9.6185,0.60125,5.78312
3.23,322,9.617,0.6025,5.79424
3.24,323,9.6155,0.60375,5.80536
3.25,324,9.614,0.605,5.81647
3.26,325,9.6125,0.60625,5.82758
3.27,326,9.611,0.6075,5.83868
3.28,327,9.6095,0.60875,5.84978
3.29,328,9.608,0.61,5.86088
3.3,329,9.6065,0.61125,5.87197
3.31,330,9.605,0.6125,5.88306
3.32,331,9.6035,0.61375,5.89415
3.33,332,9.602,0.615,5.90523
3.34,333,9.6005,0.61625,5.91631
3.35,334,9.599,0.6175,5.92738
3.36,335,9.5975,0.61875,5.93845
3.37,336,9.596,0.62,5.94952
3.38,337,9.5945,0.62125,5.96058
3.39,338,9.593,0.6225,5.97164
3.4,339,9.5915,0.62375,5.9827
3.41,340,9.59,0.625,5.99375
3.42,341,9.5885,0.62625,6.0048
3.43,342,9.587,0.6275,6.01584
3.44,343,9.5855,0.62875,6.02688
3.45,344,9.584,0.63,6.03792
3.46,345,9.5825,0.63125,6.04895
3.47,346,9.581,0.6325,6.05998
3.48,347,9.5795,0.63375,6.07101
3.49,348,9.578,0.635,6.08203
3.5,349,9.5765,0.63625,6.09305
3.51,350,9.575,0.6375,6.10406
3.52,351,9.5735,0.63875,6.11507
3.53,352,9.572,0.64,6.12608
3.54,353,9.5705,0.64125,6.13708
3.55,354,9.569,0.6425,6.14808
3.56,355,9.5675,0.64375,6.15908
3.57,356,9.566,0.645,6.17007
3.58,357,9.5645,0.64625,6.18106
3.59,358,9.563,0.6475,6.19204
3.6,359,9.5615,0.64875,6.20302
3.61,360,9.56,0.65,6.214
3.62,361,9.5585,0.65125,6.22497
3.63,362,9.557,0.6525,6.23594
3.64,363,9.5555,0.65375,6.24691
3.65,364,9.554,0.655,6.25787
3.66,365,9.5525,0.65625,6.26883
3.67,366,9.551,0.6575,6.27978
3.68,367,9.5495,0.65875,6.29073
3.69,368,9.548,0.66,6.30168
3.7,369,9.5465,0.66125,6.31262
3.71,370,9.545,0.6625,6.32356
3.72,371,9.5435,0.66375,6.3345
3.73,372,9.542,0.665,6.34543
3.74,373,9.5405,0.66625,6.35636
3.75,374,9.539,0.6675,6.36728
3.76,375,9.5375,0.66875,6.3782
3.77,376,9.536,0.67,6.38912
3.78,377,9.5345,0.67125,6.40003
3.79,378,9.533,0.6725,6.41094
3.8,379,9.5315,0.67375,6.42185
3.81,380,9.53,0.675,6.43275
3.82,381,9.5285,0.67625,6.44365
3.83,382,9.527,0.6775,6.45454
3.84,383,9.5255,0.67875,6.46543
3.85,384,9.524,0.68,6.47632
3.86,385,9.5225,0.68125,6.4872
3.87,386,9.521,0.6825,6.49808
3.88,387,9.5195,0.68375,6.50896
3.89,388,9.518,0.685,6.51983
3.9,389,9.5165,0.68625,6.5307
3.91,390,9.515,0.6875,6.54156
3.92,391,9.5135,0.68875,6.55242
3.93,392,9.512,0.69,6.56328
3.94,393,9.5105,0.69125,6.57413
3.95,394,9.509,0.6925,6.58498
3.96,395,9.5075,0.69375,6.59583
3.97,396,9.506,0.695,6.60667
3.98,397,9.5045,0.69625,6.61751
3.99,398,9.503,0.6975,6.62834
4,399,9.5015,0.69875,6.63917
4.01,400,9.5,0.7,6.65
4.02,401,9.4975,0.7006,6.65395
4.03,402,9.495,0.7012,6.65789
4.04,403,9.4925,0.7018,6.66184
4.05,404,9.49,0.7024,6.66578
4.06,405,9.4875,0.703,6.66971
4.07,406,9.485,0.7036,6.67365
4.08,407,9.4825,0.7042,6.67758
4.09,408,9.48,0.7048,6.6815
4.1,409,9.4775,0.7054,6.68543
4.11,410,9.475,0.706,6.68935
4.12,411,9.4725,0.7066,6.69327
4.13,412,9.47,0.7072,6.69718
4.14,413,9.4675,0.7078,6.7011
4.15,414,9.465,0.7084,6.70501
4.16,415,9.4625,0.709,6.70891
4.17,416,9.46,0.7096,6.71282
4.18,417,9.4575,0.7102,6.71672
4.19,418,9.455,0.7108,6.72061
4.2,419,9.4525,0.7114,6.72451
4.21,420,9.45,0.712,6.7284
4.22,421,9.4475,0.7126,6.73229
4.23,422,9.445,0.7132,6.73617
4.24,423,9.4425,0.7138,6.74006
4.25,424,9.44,0.7144,6.74394
4.26,425,9.4375,0.715,6.74781
4.27,426,9.435,0.7156,6.75169
4.28,427,9.4325,0.7162,6.75556
4.29,428,9.43,0.7168,6.75942
4.3,429,9.4275,0.7174,6.76329
4.31,430,9.425,0.718,6.76715
4.32,431,9.4225,0.7186,6.77101
4.33,432,9.42,0.7192,6.77486
4.34,433,9.4175,0.7198,6.77872
4.35,434,9.415,0.7204,6.78257
4.36,435,9.4125,0.721,6.78641
4.37,436,9.41,0.7216,6.79026
4.38,437,9.4075,0.7222,6.7941
4.39,438,9.405,0.7228,6.79793
4.4,439,9.4025,0.7234,6.80177
4.41,440,9.4,0.724,6.8056
4.42,441,9.3975,0.7246,6.80943
4.43,442,9.395,0.7252,6.81325
4.44,443,9.3925,0.7258,6.81708
4.45,444,9.39,0.7264,6.8209
4.46,445,9.3875,0.727,6.82471
4.47,446,9.385,0.7276,6.82853
4.48,447,9.3825,0.7282,6.83234
4.49,448,9.38,0.7288,6.83614
4.5,449,9.3775,0.7294,6.83995
4.51,450,9.375,0.73,6.84375
4.52,451,9.3725,0.7306,6.84755
4.53,452,9.37,0.7312,6.85134
4.54,453,9.3675,0.7318,6.85514
4.55,454,9.365,0.7324,6.85893
4.56,455,9.3625,0.733,6.86271
4.57,456,9.36,0.7336,6.8665
4.58,457,9.3575,0.7342,6.87028
4.59,458,9.355,0.7348,6.87405
4.6,459,9.3525,0.7354,6.87783
4.61,460,9.35,0.736,6.8816
4.62,461,9.3475,0.7366,6.88537
4.63,462,9.345,0.7372,6.88913
4.64,463,9.3425,0.7378,6.8929
4.65,464,9.34,0.7384,6.89666
4.66,465,9.3375,0.739,6.90041
4.67,466,9.335,0.7396,6.90417
4.68,467,9.3325,0.7402,6.90792
4.69,468,9.33,0.7408,6.91166
4.7,469,9.3275,0.7414,6.91541
4.71,470,9.325,0.742,6.91915
4.72,471,9.3225,0.7426,6.92289
4.73,472,9.32,0.7432,6.92662
4.74,473,9.3175,0.7438,6.93036
4.75,474,9.315,0.7444,6.93409
4.76,475,9.3125,0.745,6.93781
4.77,476,9.31,0.7456,6.94154
4.78,477,9.3075,0.7462,6.94526
4.79,478,9.305,0.7468,6.94897
4.8,479,9.3025,0.7474,6.95269
4.81,480,9.3,0.748,6.9564
4.82,481,9.2975,0.7486,6.96011
4.83,482,9.295,0.7492,6.96381
4.84,483,9.2925,0.7498,6.96752
4.85,484,9.29,0.7504,6.97122
4.86,485,9.2875,0.751,6.97491
4.87,486,9.285,0.7516,6.97861
4.88,487,9.2825,0.7522,6.9823
4.89,488,9.28,0.7528,6.98598
4.9,489,9.2775,0.7534,6.98967
4.91,490,9.275,0.754,6.99335
4.92,491,9.2725,0.7546,6.99703
4.93,492,9.27,0.7552,7.0007
4.94,493,9.2675,0.7558,7.00438
4.95,494,9.265,0.7564,7.00805
4.96,495,9.2625,0.757,7.01171
4.97,496,9.26,0.7576,7.01538
4.98,497,9.2575,0.7582,7.01904
4.99,498,9.255,0.7588,7.02269
5,499,9.2525,0.7594,7.02635
5.01,500,9.25,0.76,7.03
5.02,501,9.2475,0.7606,7.03365
5.03,502,9.245,0.7612,7.03729
5.04,503,9.2425,0.7618,7.04094
5.05,504,9.24,0.7624,7.04458
5.06,505,9.2375,0.763,7.04821
5.07,506,9.235,0.7636,7.05185
5.08,507,9.2325,0.7642,7.05548
5.09,508,9.23,0.7648,7.0591
5.1,509,9.2275,0.7654,7.06273
5.11,510,9.225,0.766,7.06635
5.12,511,9.2225,0.7666,7.06997
5.13,512,9.22,0.7672,7.07358
5.14,513,9.2175,0.7678,7.0772
5.15,514,9.215,0.7684,7.08081
5.16,515,9.2125,0.769,7.08441
5.17,516,9.21,0.7696,7.08802
5.18,517,9.2075,0.7702,7.09162
5.19,518,9.205,0.7708,7.09521
5.2,519,9.2025,0.7714,7.09881
5.21,520,9.2,0.772,7.1024
5.22,521,9.1975,0.7726,7.10599
5.23,522,9.195,0.7732,7.10957
5.24,523,9.1925,0.7738,7.11316
5.25,524,9.19,0.7744,7.11674
5.26,525,9.1875,0.775,7.12031
5.27,526,9.185,0.7756,7.12389
5.28,527,9.1825,0.7762,7.12746
5.29,528,9.18,0.7768,7.13102
5.3,529,9.1775,0.7774,7.13459
5.31,530,9.175,0.778,7.13815
5.32,531,9.1725,0.7786,7.14171
5.33,532,9.17,0.7792,7.14526
5.34,533,9.1675,0.7798,7.14882
5.35,534,9.165,0.7804,7.15237
5.36,535,9.1625,0.781,7.15591
5.37,536,9.16,0.7816,7.15946
5.38,537,9.1575,0.7822,7.163
5.39,538,9.155,0.7828,7.16653
5.4,539,9.1525,0.7834,7.17007
5.41,540,9.15,0.784,7.1736
5.42,541,9.1475,0.7846,7.17713
5.43,542,9.145,0.7852,7.18065
5.44,543,9.1425,0.7858,7.18418
5.45,544,9.14,0.7864,7.1877
5.46,545,9.1375,0.787,7.19121
5.47,546,9.135,0.7876,7.19473
5.48,547,9.1325,0.7882,7.19824
5.49,548,9.13,0.7888,7.20174
5.5,549,9.1275,0.7894,7.20525
5.51,550,9.125,0.79,7.20875
5.52,551,9.1225,0.7906,7.21225
5.53,552,9.12,0.7912,7.21574
5.54,553,9.1175,0.7918,7.21924
5.55,554,9.115,0.7924,7.22273
5.56,555,9.1125,0.793,7.22621
5.57,556,9.11,0.7936,7.2297
5.58,557,9.1075,0.7942,7.23318
5.59,558,9.105,0.7948,7.23665
5.6,559,9.1025,0.7954,7.24013
5.61,560,9.1,0.796,7.2436
5.62,561,9.0975,0.7966,7.24707
5.63,562,9.095,0.7972,7.25053
5.64,563,9.0925,0.7978,7.254
5.65,564,9.09,0.7984,7.25746
5.66,565,9.0875,0.799,7.26091
5.67,566,9.085,0.7996,7.26437
5.68,567,9.0825,0.8002,7.26782
5.69,568,9.08,0.8008,7.27126
5.7,569,9.0775,0.8014,7.27471
5.71,570,9.075,0.802,7.27815
5.72,571,9.0725,0.8026,7.28159
5.73,572,9.07,0.8032,7.28502
5.74,573,9.0675,0.8038,7.28846
5.75,574,9.065,0.8044,7.29189
5.76,575,9.0625,0.805,7.29531
5.77,576,9.06,0.8056,7.29874
5.78,577,9.0575,0.8062,7.30216
5.79,578,9.055,0.8068,7.30557
5.8,579,9.0525,0.8074,7.30899
5.81,580,9.05,0.808,7.3124
5.82,581,9.0475,0.8086,7.31581
5.83,582,9.045,0.8092,7.31921
5.84,583,9.0425,0.8098,7.32262
5.85,584,9.04,0.8104,7.32602
5.86,585,9.0375,0.811,7.32941
5.87,586,9.035,0.8116,7.33281
5.88,587,9.0325,0.8122,7.3362
5.89,588,9.03,0.8128,7.33958
5.9,589,9.0275,0.8134,7.34297
5.91,590,9.025,0.814,7.34635
5.92,591,9.0225,0.8146,7.34973
5.93,592,9.02,0.8152,7.3531
5.94,593,9.0175,0.8158,7.35648
5.95,594,9.015,0.8164,7.35985
5.96,595,9.0125,0.817,7.36321
5.97,596,9.01,0.8176,7.36658
5.98,597,9.0075,0.8182,7.36994
5.99,598,9.005,0.8188,7.37329
6,599,9.0025,0.8194,7.37665
6.01,600,9,0.82,7.38
6.02,601,8.9965,0.8203,7.37983
6.03,602,8.993,0.8206,7.37966
6.04,603,8.9895,0.8209,7.37948
6.05,604,8.986,0.8212,7.3793
6.06,605,8.9825,0.8215,7.37912
6.07,606,8.979,0.8218,7.37894
6.08,607,8.9755,0.8221,7.37876
6.09,608,8.972,0.8224,7.37857
6.1,609,8.9685,0.8227,7.37838
6.11,610,8.965,0.823,7.3782
6.12,611,8.9615,0.8233,7.378
6.13,612,8.958,0.8236,7.37781
6.14,613,8.9545,0.8239,7.37761
6.15,614,8.951,0.8242,7.37741
6.16,615,8.9475,0.8245,7.37721
6.17,616,8.944,0.8248,7.37701
6.18,617,8.9405,0.8251,7.37681
6.19,618,8.937,0.8254,7.3766
6.2,619,8.9335,0.8257,7.37639
6.21,620,8.93,0.826,7.37618
6.22,621,8.9265,0.8263,7.37597
6.23,622,8.923,0.8266,7.37575
6.24,623,8.9195,0.8269,7.37553
6.25,624,8.916,0.8272,7.37532
6.26,625,8.9125,0.8275,7.37509
6.27,626,8.909,0.8278,7.37487
6.28,627,8.9055,0.8281,7.37464
6.29,628,8.902,0.8284,7.37442
6.3,629,8.8985,0.8287,7.37419
6.31,630,8.895,0.829,7.37396
6.32,631,8.8915,0.8293,7.37372
6.33,632,8.888,0.8296,7.37348
6.34,633,8.8845,0.8299,7.37325
6.35,634,8.881,0.8302,7.37301
6.36,635,8.8775,0.8305,7.37276
6.37,636,8.874,0.8308,7.37252
6.38,637,8.8705,0.8311,7.37227
6.39,638,8.867,0.8314,7.37202
6.4,639,8.8635,0.8317,7.37177
6.41,640,8.86,0.832,7.37152
6.42,641,8.8565,0.8323,7.37126
6.43,642,8.853,0.8326,7.37101
6.44,643,8.8495,0.8329,7.37075
6.45,644,8.846,0.8332,7.37049
6.46,645,8.8425,0.8335,7.37022
6.47,646,8.839,0.8338,7.36996
6.48,647,8.8355,0.8341,7.36969
6.49,648,8.832,0.8344,7.36942
6.5,649,8.8285,0.8347,7.36915
6.51,650,8.825,0.835,7.36888
6.52,651,8.8215,0.8353,7.3686
6.53,652,8.818,0.8356,7.36832
6.54,653,8.8145,0.8359,7.36804
6.55,654,8.811,0.8362,7.36776
6.56,655,8.8075,0.8365,7.36747
6.57,656,8.804,0.8368,7.36719
6.58,657,8.8005,0.8371,7.3669
6.59,658,8.797,0.8374,7.36661
6.6,659,8.7935,0.8377,7.36631
6.61,660,8.79,0.838,7.36602
6.62,661,8.7865,0.8383,7.36572
6.63,662,8.783,0.8386,7.36542
6.64,663,8.7795,0.8389,7.36512
6.65,664,8.776,0.8392,7.36482
6.66,665,8.7725,0.8395,7.36451
6.67,666,8.769,0.8398,7.36421
6.68,667,8.7655,0.8401,7.3639
6.69,668,8.762,0.8404,7.36358
6.7,669,8.7585,0.8407,7.36327
6.71,670,8.755,0.841,7.36296
6.72,671,8.7515,0.8413,7.36264
6.73,672,8.748,0.8416,7.36232
6.74,673,8.7445,0.8419,7.36199
6.75,674,8.741,0.8422,7.36167
6.76,675,8.7375,0.8425,7.36134
6.77,676,8.734,0.8428,7.36102
6.78,677,8.7305,0.8431,7.36068
6.79,678,8.727,0.8434,7.36035
6.8,679,8.7235,0.8437,7.36002
6.81,680,8.72,0.844,7.35968
6.82,681,8.7165,0.8443,7.35934
6.83,682,8.713,0.8446,7.359
6.84,683,8.7095,0.8449,7.35866
6.85,684,8.706,0.8452,7.35831
6.86,685,8.7025,0.8455,7.35796
6.87,686,8.699,0.8458,7.35761
6.88,687,8.6955,0.8461,7.35726
6.89,688,8.692,0.8464,7.35691
6.9,689,8.6885,0.8467,7.35655
6.91,690,8.685,0.847,7.3562
6.92,691,8.6815,0.8473,7.35583
6.93,692,8.678,0.8476,7.35547
6.94,693,8.6745,0.8479,7.35511
6.95,694,8.671,0.8482,7.35474
6.96,695,8.6675,0.8485,7.35437
6.97,696,8.664,0.8488,7.354
6.98,697,8.6605,0.8491,7.35363
6.99,698,8.657,0.8494,7.35326
7,699,8.6535,0.8497,7.35288
7.01,700,8.65,0.85,7.3525
7.02,701,8.6465,0.8503,7.35212
7.03,702,8.643,0.8506,7.35174
7.04,703,8.6395,0.8509,7.35135
7.05,704,8.636,0.8512,7.35096
7.06,705,8.6325,0.8515,7.35057
7.07,706,8.629,0.8518,7.35018
7.08,707,8.6255,0.8521,7.34979
7.09,708,8.622,0.8524,7.34939
7.1,709,8.6185,0.8527,7.34899
7.11,710,8.615,0.853,7.3486
7.12,711,8.6115,0.8533,7.34819
7.13,712,8.608,0.8536,7.34779
7.14,713,8.6045,0.8539,7.34738
7.15,714,8.601,0.8542,7.34697
7.16,715,8.5975,0.8545,7.34656
7.17,716,8.594,0.8548,7.34615
7.18,717,8.5905,0.8551,7.34574
7.19,718,8.587,0.8554,7.34532
7.2,719,8.5835,0.8557,7.3449
7.21,720,8.58,0.856,7.34448
7.22,721,8.5765,0.8563,7.34406
7.23,722,8.573,0.8566,7.34363
7.24,723,8.5695,0.8569,7.3432
7.25,724,8.566,0.8572,7.34278
7.26,725,8.5625,0.8575,7.34234
7.27,726,8.559,0.8578,7.34191
7.28,727,8.5555,0.8581,7.34147
7.29,728,8.552,0.8584,7.34104
7.3,729,8.5485,0.8587,7.3406
7.31,730,8.545,0.859,7.34016
7.32,731,8.5415,0.8593,7.33971
7.33,732,8.538,0.8596,7.33926
7.34,733,8.5345,0.8599,7.33882
7.35,734,8.531,0.8602,7.33837
7.36,735,8.5275,0.8605,7.33791
7.37,736,8.524,0.8608,7.33746
7.38,737,8.5205,0.8611,7.337
7.39,738,8.517,0.8614,7.33654
7.4,739,8.5135,0.8617,7.33608
7.41,740,8.51,0.862,7.33562
7.42,741,8.5065,0.8623,7.33515
7.43,742,8.503,0.8626,7.33469
7.44,743,8.4995,0.8629,7.33422
7.45,744,8.496,0.8632,7.33375
7.46,745,8.4925,0.8635,7.33327
7.47,746,8.489,0.8638,7.3328
7.48,747,8.4855,0.8641,7.33232
7.49,748,8.482,0.8644,7.33184
7.5,749,8.4785,0.8647,7.33136
7.51,750,8.475,0.865,7.33088
7.52,751,8.4715,0.8653,7.33039
7.53,752,8.468,0.8656,7.3299
7.54,753,8.4645,0.8659,7.32941
7.55,754,8.461,0.8662,7.32892
7.56,755,8.4575,0.8665,7.32842
7.57,756,8.454,0.8668,7.32793
7.58,757,8.4505,0.8671,7.32743
7.59,758,8.447,0.8674,7.32693
7.6,759,8.4435,0.8677,7.32642
7.61,760,8.44,0.868,7.32592
7.62,761,8.4365,0.8683,7.32541
7.63,762,8.433,0.8686,7.3249
7.64,763,8.4295,0.8689,7.32439
7.65,764,8.426,0.8692,7.32388
7.66,765,8.4225,0.8695,7.32336
7.67,766,8.419,0.8698,7.32285
7.68,767,8.4155,0.8701,7.32233
7.69,768,8.412,0.8704,7.3218
7.7,769,8.4085,0.8707,7.32128
7.71,770,8.405,0.871,7.32076
7.72,771,8.4015,0.8713,7.32023
7.73,772,8.398,0.8716,7.3197
7.74,773,8.3945,0.8719,7.31916
7.75,774,8.391,0.8722,7.31863
7.76,775,8.3875,0.8725,7.31809
7.77,776,8.384,0.8728,7.31756
7.78,777,8.3805,0.8731,7.31701
7.79,778,8.377,0.8734,7.31647
7.8,779,8.3735,0.8737,7.31593
7.81,780,8.37,0.874,7.31538
7.82,781,8.3665,0.8743,7.31483
7.83,782,8.363,0.8746,7.31428
7.84,783,8.3595,0.8749,7.31373
7.85,784,8.356,0.8752,7.31317
7.86,785,8.3525,0.8755,7.31261
7.87,786,8.349,0.8758,7.31205
7.88,787,8.3455,0.8761,7.31149
7.89,788,8.342,0.8764,7.31093
7.9,789,8.3385,0.8767,7.31036
7.91,790,8.335,0.877,7.3098
7.92,791,8.3315,0.8773,7.30922
7.93,792,8.328,0.8776,7.30865
7.94,793,8.3245,0.8779,7.30808
7.95,794,8.321,0.8782,7.3075
7.96,795,8.3175,0.8785,7.30692
7.97,796,8.314,0.8788,7.30634
7.98,797,8.3105,0.8791,7.30576
7.99,798,8.307,0.8794,7.30518
8,799,8.3035,0.8797,7.30459
8.01,800,8.3,0.88,7.304
8.02,801,8.296,0.8802,7.30214
8.03,802,8.292,0.8804,7.30028
8.04,803,8.288,0.8806,7.29841
8.05,804,8.284,0.8808,7.29655
8.06,805,8.28,0.881,7.29468
8.07,806,8.276,0.8812,7.29281
8.08,807,8.272,0.8814,7.29094
8.09,808,8.268,0.8816,7.28907
8.1,809,8.264,0.8818,7.2872
8.11,810,8.26,0.882,7.28532
8.12,811,8.256,0.8822,7.28344
8.13,812,8.252,0.8824,7.28156
8.14,813,8.248,0.8826,7.27968
8.15,814,8.244,0.8828,7.2778
8.16,815,8.24,0.883,7.27592
8.17,816,8.236,0.8832,7.27404
8.18,817,8.232,0.8834,7.27215
8.19,818,8.228,0.8836,7.27026
8.2,819,8.224,0.8838,7.26837
8.21,820,8.22,0.884,7.26648
8.22,821,8.216,0.8842,7.26459
8.23,822,8.212,0.8844,7.26269
8.24,823,8.208,0.8846,7.2608
8.25,824,8.204,0.8848,7.2589
8.26,825,8.2,0.885,7.257
8.27,826,8.196,0.8852,7.2551
8.28,827,8.192,0.8854,7.2532
8.29,828,8.188,0.8856,7.25129
8.3,829,8.184,0.8858,7.24939
8.31,830,8.18,0.886,7.24748
8.32,831,8.176,0.8862,7.24557
8.33,832,8.172,0.8864,7.24366
8.34,833,8.168,0.8866,7.24175
8.35,834,8.164,0.8868,7.23984
8.36,835,8.16,0.887,7.23792
8.37,836,8.156,0.8872,7.236
8.38,837,8.152,0.8874,7.23408
8.39,838,8.148,0.8876,7.23216
8.4,839,8.144,0.8878,7.23024
8.41,840,8.14,0.888,7.22832
8.42,841,8.136,0.8882,7.2264
8.43,842,8.132,0.8884,7.22447
8.44,843,8.128,0.8886,7.22254
8.45,844,8.124,0.8888,7.22061
8.46,845,8.12,0.889,7.21868
8.47,846,8.116,0.8892,7.21675
8.48,847,8.112,0.8894,7.21481
8.49,848,8.108,0.8896,7.21288
8.5,849,8.104,0.8898,7.21094
8.51,850,8.1,0.89,7.209
8.52,851,8.096,0.8902,7.20706
8.53,852,8.092,0.8904,7.20512
8.54,853,8.088,0.8906,7.20317
8.55,854,8.084,0.8908,7.20123
8.56,855,8.08,0.891,7.19928
8.57,856,8.076,0.8912,7.19733
8.58,857,8.072,0.8914,7.19538
8.59,858,8.068,0.8916,7.19343
8.6,859,8.064,0.8918,7.19148
8.61,860,8.06,0.892,7.18952
8.62,861,8.056,0.8922,7.18756
8.63,862,8.052,0.8924,7.1856
8.64,863,8.048,0.8926,7.18364
8.65,864,8.044,0.8928,7.18168
8.66,865,8.04,0.893,7.17972
8.67,866,8.036,0.8932,7.17776
8.68,867,8.032,0.8934,7.17579
8.69,868,8.028,0.8936,7.17382
8.7,869,8.024,0.8938,7.17185
8.71,870,8.02,0.894,7.16988
8.72,871,8.016,0.8942,7.16791
8.73,872,8.012,0.8944,7.16593
8.74,873,8.008,0.8946,7.16396
8.75,874,8.004,0.8948,7.16198
8.76,875,8,0.895,7.16
8.77,876,7.996,0.8952,7.15802
8.78,877,7.992,0.8954,7.15604
8.79,878,7.988,0.8956,7.15405
8.8,879,7.984,0.8958,7.15207
8.81,880,7.98,0.896,7.15008
8.82,881,7.976,0.8962,7.14809
8.83,882,7.972,0.8964,7.1461
8.84,883,7.968,0.8966,7.14411
8.85,884,7.964,0.8968,7.14212
8.86,885,7.96,0.897,7.14012
8.87,886,7.956,0.8972,7.13812
8.88,887,7.952,0.8974,7.13612
8.89,888,7.948,0.8976,7.13412
8.9,889,7.944,0.8978,7.13212
8.91,890,7.94,0.898,7.13012
8.92,891,7.936,0.8982,7.12812
8.93,892,7.932,0.8984,7.12611
8.94,893,7.928,0.8986,7.1241
8.95,894,7.924,0.8988,7.12209
8.96,895,7.92,0.899,7.12008
8.97,896,7.916,0.8992,7.11807
8.98,897,7.912,0.8994,7.11605
8.99,898,7.908,0.8996,7.11404
9,899,7.904,0.8998,7.11202
9.01,900,7.9,0.9,7.11
9.02,901,7.896,0.9002,7.10798
9.03,902,7.892,0.9004,7.10596
9.04,903,7.888,0.9006,7.10393
9.05,904,7.884,0.9008,7.10191
9.06,905,7.88,0.901,7.09988
9.07,906,7.876,0.9012,7.09785
9.08,907,7.872,0.9014,7.09582
9.09,908,7.868,0.9016,7.09379
9.1,909,7.864,0.9018,7.09176
9.11,910,7.86,0.902,7.08972
9.12,911,7.856,0.9022,7.08768
9.13,912,7.852,0.9024,7.08564
9.14,913,7.848,0.9026,7.0836
9.15,914,7.844,0.9028,7.08156
9.16,915,7.84,0.903,7.07952
9.17,916,7.836,0.9032,7.07748
9.18,917,7.832,0.9034,7.07543
9.19,918,7.828,0.9036,7.07338
9.2,919,7.824,0.9038,7.07133
9.21,920,7.82,0.904,7.06928
9.22,921,7.816,0.9042,7.06723
9.23,922,7.812,0.9044,7.06517
9.24,923,7.808,0.9046,7.06312
9.25,924,7.804,0.9048,7.06106
9.26,925,7.8,0.905,7.059
9.27,926,7.796,0.9052,7.05694
9.28,927,7.792,0.9054,7.05488
9.29,928,7.788,0.9056,7.05281
9.3,929,7.784,0.9058,7.05075
9.31,930,7.78,0.906,7.04868
9.32,931,7.776,0.9062,7.04661
9.33,932,7.772,0.9064,7.04454
9.34,933,7.768,0.9066,7.04247
9.35,934,7.764,0.9068,7.0404
9.36,935,7.76,0.907,7.03832
9.37,936,7.756,0.9072,7.03624
9.38,937,7.752,0.9074,7.03416
9.39,938,7.748,0.9076,7.03208
9.4,939,7.744,0.9078,7.03
9.41,940,7.74,0.908,7.02792
9.42,941,7.736,0.9082,7.02584
9.43,942,7.732,0.9084,7.02375
9.44,943,7.728,0.9086,7.02166
9.45,944,7.724,0.9088,7.01957
9.46,945,7.72,0.909,7.01748
9.47,946,7.716,0.9092,7.01539
9.48,947,7.712,0.9094,7.01329
9.49,948,7.708,0.9096,7.0112
9.5,949,7.704,0.9098,7.0091
9.51,950,7.7,0.91,7.007
9.52,951,7.696,0.9102,7.0049
9.53,952,7.692,0.9104,7.0028
9.54,953,7.688,0.9106,7.00069
9.55,954,7.684,0.9108,6.99859
9.56,955,7.68,0.911,6.99648
9.57,956,7.676,0.9112,6.99437
9.58,957,7.672,0.9114,6.99226
9.59,958,7.668,0.9116,6.99015
9.6,959,7.664,0.9118,6.98804
9.61,960,7.66,0.912,6.98592
9.62,961,7.656,0.9122,6.9838
9.63,962,7.652,0.9124,6.98168
9.64,963,7.648,0.9126,6.97956
9.65,964,7.644,0.9128,6.97744
9.66,965,7.64,0.913,6.97532
9.67,966,7.636,0.9132,6.9732
9.68,967,7.632,0.9134,6.97107
9.69,968,7.628,0.9136,6.96894
9.7,969,7.624,0.9138,6.96681
9.71,970,7.62,0.914,6.96468
9.72,971,7.616,0.9142,6.96255
9.73,972,7.612,0.9144,6.96041
9.74,973,7.608,0.9146,6.95828
9.75,974,7.604,0.9148,6.95614
9.76,975,7.6,0.915,6.954
9.77,976,7.596,0.9152,6.95186
9.78,977,7.592,0.9154,6.94972
9.79,978,7.588,0.9156,6.94757
9.8,979,7.584,0.9158,6.94543
9.81,980,7.58,0.916,6.94328
9.82,981,7.576,0.9162,6.94113
9.83,982,7.572,0.9164,6.93898
9.84,983,7.568,0.9166,6.93683
9.85,984,7.564,0.9168,6.93468
9.86,985,7.56,0.917,6.93252
9.87,986,7.556,0.9172,6.93036
9.88,987,7.552,0.9174,6.9282
9.89,988,7.548,0.9176,6.92604
9.9,989,7.544,0.9178,6.92388
9.91,990,7.54,0.918,6.92172
9.92,991,7.536,0.9182,6.91956
9.93,992,7.532,0.9184,6.91739
9.94,993,7.528,0.9186,6.91522
9.95,994,7.524,0.9188,6.91305
9.96,995,7.52,0.919,6.91088
9.97,996,7.516,0.9192,6.90871
9.98,997,7.512,0.9194,6.90653
9.99,998,7.508,0.9196,6.90436
10,999,7.504,0.9198,6.90218
10.01,1000,7.5,0.92,6.9
10.02,1001,7.495,0.9199,6.89465
10.03,1002,7.49,0.9198,6.8893
10.04,1003,7.485,0.9197,6.88395
10.05,1004,7.48,0.9196,6.87861
10.06,1005,7.475,0.9195,6.87326
10.07,1006,7.47,0.9194,6.86792
10.08,1007,7.465,0.9193,6.86257
10.09,1008,7.46,0.9192,6.85723
10.1,1009,7.455,0.9191,6.85189
10.11,1010,7.45,0.919,6.84655
10.12,1011,7.445,0.9189,6.84121
10.13,1012,7.44,0.9188,6.83587
10.14,1013,7.435,0.9187,6.83053
10.15,1014,7.43,0.9186,6.8252
10.16,1015,7.425,0.9185,6.81986
10.17,1016,7.42,0.9184,6.81453
10.18,1017,7.415,0.9183,6.80919
10.19,1018,7.41,0.9182,6.80386
10.2,1019,7.405,0.9181,6.79853
10.21,1020,7.4,0.918,6.7932
10.22,1021,7.395,0.9179,6.78787
10.23,1022,7.39,0.9178,6.78254
10.24,1023,7.385,0.9177,6.77721
10.25,1024,7.38,0.9176,6.77189
10.26,1025,7.375,0.9175,6.76656
10.27,1026,7.37,0.9174,6.76124
10.28,1027,7.365,0.9173,6.75591
10.29,1028,7.36,0.9172,6.75059
10.3,1029,7.355,0.9171,6.74527
10.31,1030,7.35,0.917,6.73995
10.32,1031,7.345,0.9169,6.73463
10.33,1032,7.34,0.9168,6.72931
10.34,1033,7.335,0.9167,6.72399
10.35,1034,7.33,0.9166,6.71868
10.36,1035,7.325,0.9165,6.71336
10.37,1036,7.32,0.9164,6.70805
10.38,1037,7.315,0.9163,6.70273
10.39,1038,7.31,0.9162,6.69742
10.4,1039,7.305,0.9161,6.69211
10.41,1040,7.3,0.916,6.6868
10.42,1041,7.295,0.9159,6.68149
10.43,1042,7.29,0.9158,6.67618
10.44,1043,7.285,0.9157,6.67087
10.45,1044,7.28,0.9156,6.66557
10.46,1045,7.275,0.9155,6.66026
10.47,1046,7.27,0.9154,6.65496
10.48,1047,7.265,0.9153,6.64965
10.49,1048,7.26,0.9152,6.64435
10.5,1049,7.255,0.9151,6.63905
10.51,1050,7.25,0.915,6.63375
10.52,1051,7.245,0.9149,6.62845
10.53,1052,7.24,0.9148,6.62315
10.54,1053,7.235,0.9147,6.61785
10.55,1054,7.23,0.9146,6.61256
10.56,1055,7.225,0.9145,6.60726
10.57,1056,7.22,0.9144,6.60197
10.58,1057,7.215,0.9143,6.59667
10.59,1058,7.21,0.9142,6.59138
10.6,1059,7.205,0.9141,6.58609
10.61,1060,7.2,0.914,6.5808
10.62,1061,7.195,0.9139,6.57551
10.63,1062,7.19,0.9138,6.57022
10.64,1063,7.185,0.9137,6.56493
10.65,1064,7.18,0.9136,6.55965
10.66,1065,7.175,0.9135,6.55436
10.67,1066,7.17,0.9134,6.54908
10.68,1067,7.165,0.9133,6.54379
10.69,1068,7.16,0.9132,6.53851
10.7,1069,7.155,0.9131,6.53323
10.71,1070,7.15,0.913,6.52795
10.72,1071,7.145,0.9129,6.52267
10.73,1072,7.14,0.9128,6.51739
10.74,1073,7.135,0.9127,6.51211
10.75,1074,7.13,0.9126,6.50684
10.76,1075,7.125,0.9125,6.50156
10.77,1076,7.12,0.9124,6.49629
10.78,1077,7.115,0.9123,6.49101
10.79,1078,7.11,0.9122,6.48574
10.8,1079,7.105,0.9121,6.48047
10.81,1080,7.1,0.912,6.4752
10.82,1081,7.095,0.9119,6.46993
10.83,1082,7.09,0.9118,6.46466
10.84,1083,7.085,0.9117,6.45939
10.85,1084,7.08,0.9116,6.45413
10.86,1085,7.075,0.9115,6.44886
10.87,1086,7.07,0.9114,6.4436
10.88,1087,7.065,0.9113,6.43833
10.89,1088,7.06,0.9112,6.43307
10.9,1089,7.055,0.9111,6.42781
10.91,1090,7.05,0.911,6.42255
10.92,1091,7.045,0.9109,6.41729
10.93,1092,7.04,0.9108,6.41203
10.94,1093,7.035,0.9107,6.40677
10.95,1094,7.03,0.9106,6.40152
10.96,1095,7.025,0.9105,6.39626
10.97,1096,7.02,0.9104,6.39101
10.98,1097,7.015,0.9103,6.38575
10.99,1098,7.01,0.9102,6.3805
11,1099,7.005,0.9101,6.37525
11.01,1100,7,0.91,6.37
11.02,1101,6.995,0.9099,6.36475
11.03,1102,6.99,0.9098,6.3595
11.04,1103,6.985,0.9097,6.35425
11.05,1104,6.98,0.9096,6.34901
11.06,1105,6.975,0.9095,6.34376
11.07,1106,6.97,0.9094,6.33852
11.08,1107,6.965,0.9093,6.33327
11.09,1108,6.96,0.9092,6.32803
11.1,1109,6.955,0.9091,6.32279
11.11,1110,6.95,0.909,6.31755
11.12,1111,6.945,0.9089,6.31231
11.13,1112,6.94,0.9088,6.30707
11.14,1113,6.935,0.9087,6.30183
11.15,1114,6.93,0.9086,6.2966
11.16,1115,6.925,0.9085,6.29136
11.17,1116,6.92,0.9084,6.28613
11.18,1117,6.915,0.9083,6.28089
11.19,1118,6.91,0.9082,6.27566
11.2,1119,6.905,0.9081,6.27043
11.21,1120,6.9,0.908,6.2652
11.22,1121,6.895,0.9079,6.25997
11.23,1122,6.89,0.9078,6.25474
11.24,1123,6.885,0.9077,6.24951
11.25,1124,6.88,0.9076,6.24429
11.26,1125,6.875,0.9075,6.23906
11.27,1126,6.87,0.9074,6.23384
11.28,1127,6.865,0.9073,6.22861
11.29,1128,6.86,0.9072,6.22339
11.3,1129,6.855,0.9071,6.21817
11.31,1130,6.85,0.907,6.21295
11.32,1131,6.845,0.9069,6.20773
11.33,1132,6.84,0.9068,6.20251
11.34,1133,6.835,0.9067,6.19729
11.35,1134,6.83,0.9066,6.19208
11.36,1135,6.825,0.9065,6.18686
11.37,1136,6.82,0.9064,6.18165
11.38,1137,6.815,0.9063,6.17643
11.39,1138,6.81,0.9062,6.17122
11.4,1139,6.805,0.9061,6.16601
11.41,1140,6.8,0.906,6.1608
11.42,1141,6.795,0.9059,6.15559
11.43,1142,6.79,0.9058,6.15038
11.44,1143,6.785,0.9057,6.14517
11.45,1144,6.78,0.9056,6.13997
11.46,1145,6.775,0.9055,6.13476
11.47,1146,6.77,0.9054,6.12956
11.48,1147,6.765,0.9053,6.12435
11.49,1148,6.76,0.9052,6.11915
11.5,1149,6.755,0.9051,6.11395
11.51,1150,6.75,0.905,6.10875
11.52,1151,6.745,0.9049,6.10355
11.53,1152,6.74,0.9048,6.09835
11.54,1153,6.735,0.9047,6.09315
11.55,1154,6.73,0.9046,6.08796
11.56,1155,6.725,0.9045,6.08276
11.57,1156,6.72,0.9044,6.07757
11.58,1157,6.715,0.9043,6.07237
11.59,1158,6.71,0.9042,6.06718
11.6,1159,6.705,0.9041,6.06199
11.61,1160,6.7,0.904,6.0568
11.62,1161,6.695,0.9039,6.05161
11.63,1162,6.69,0.9038,6.04642
11.64,1163,6.685,0.9037,6.04123
11.65,1164,6.68,0.9036,6.03605
11.66,1165,6.675,0.9035,6.03086
11.67,1166,6.67,0.9034,6.02568
11.68,1167,6.665,0.9033,6.02049
11.69,1168,6.66,0.9032,6.01531
11.7,1169,6.655,0.9031,6.01013
11.71,1170,6.65,0.903,6.00495
11.72,1171,6.645,0.9029,5.99977
11.73,1172,6.64,0.9028,5.99459
11.74,1173,6.635,0.9027,5.98941
11.75,1174,6.63,0.9026,5.98424
11.76,1175,6.625,0.9025,5.97906
11.77,1176,6.62,0.9024,5.97389
11.78,1177,6.615,0.9023,5.96871
11.79,1178,6.61,0.9022,5.96354
11.8,1179,6.605,0.9021,5.95837
11.81,1180,6.6,0.902,5.9532
11.82,1181,6.595,0.9019,5.94803
11.83,1182,6.59,0.9018,5.94286
11.84,1183,6.585,0.9017,5.93769
11.85,1184,6.58,0.9016,5.93253
11.86,1185,6.575,0.9015,5.92736
11.87,1186,6.57,0.9014,5.9222
11.88,1187,6.565,0.9013,5.91703
11.89,1188,6.56,0.9012,5.91187
11.9,1189,6.555,0.9011,5.90671
11.91,1190,6.55,0.901,5.90155
11.92,1191,6.545,0.9009,5.89639
11.93,1192,6.54,0.9008,5.89123
11.94,1193,6.535,0.9007,5.88607
11.95,1194,6.53,0.9006,5.88092
11.96,1195,6.525,0.9005,5.87576
11.97,1196,6.52,0.9004,5.87061
11.98,1197,6.515,0.9003,5.86545
11.99,1198,6.51,0.9002,5.8603
12,1199,6.505,0.9001,5.85515
12.01,1200,6.5,0.9,5.85
12.02,1201,6.494,0.89975,5.84298
12.03,1202,6.488,0.8995,5.83596
12.04,1203,6.482,0.89925,5.82894
12.05,1204,6.476,0.899,5.82192
12.06,1205,6.47,0.89875,5.81491
12.07,1206,6.464,0.8985,5.8079
12.08,1207,6.458,0.89825,5.8009
12.09,1208,6.452,0.898,5.7939
12.1,1209,6.446,0.89775,5.7869
12.11,1210,6.44,0.8975,5.7799
12.12,1211,6.434,0.89725,5.77291
12.13,1212,6.428,0.897,5.76592
12.14,1213,6.422,0.89675,5.75893
12.15,1214,6.416,0.8965,5.75194
12.16,1215,6.41,0.89625,5.74496
12.17,1216,6.404,0.896,5.73798
12.18,1217,6.398,0.89575,5.73101
12.19,1218,6.392,0.8955,5.72404
12.2,1219,6.386,0.89525,5.71707
12.21,1220,6.38,0.895,5.7101
12.22,1221,6.374,0.89475,5.70314
12.23,1222,6.368,0.8945,5.69618
12.24,1223,6.362,0.89425,5.68922
12.25,1224,6.356,0.894,5.68226
12.26,1225,6.35,0.89375,5.67531
12.27,1226,6.344,0.8935,5.66836
12.28,1227,6.338,0.89325,5.66142
12.29,1228,6.332,0.893,5.65448
12.3,1229,6.326,0.89275,5.64754
12.31,1230,6.32,0.8925,5.6406
12.32,1231,6.314,0.89225,5.63367
12.33,1232,6.308,0.892,5.62674
12.34,1233,6.302,0.89175,5.61981
12.35,1234,6.296,0.8915,5.61288
12.36,1235,6.29,0.89125,5.60596
12.37,1236,6.284,0.891,5.59904
12.38,1237,6.278,0.89075,5.59213
12.39,1238,6.272,0.8905,5.58522
12.4,1239,6.266,0.89025,5.57831
12.41,1240,6.26,0.89,5.5714
12.42,1241,6.254,0.88975,5.5645
12.43,1242,6.248,0.8895,5.5576
12.44,1243,6.242,0.88925,5.5507
12.45,1244,6.236,0.889,5.5438
12.46,1245,6.23,0.88875,5.53691
12.47,1246,6.224,0.8885,5.53002
12.48,1247,6.218,0.88825,5.52314
12.49,1248,6.212,0.888,5.51626
12.5,1249,6.206,0.88775,5.50938
12.51,1250,6.2,0.8875,5.5025
12.52,1251,6.194,0.88725,5.49563
12.53,1252,6.188,0.887,5.48876
12.54,1253,6.182,0.88675,5.48189
12.55,1254,6.176,0.8865,5.47502
12.56,1255,6.17,0.88625,5.46816
12.57,1256,6.164,0.886,5.4613
12.58,1257,6.158,0.88575,5.45445
12.59,1258,6.152,0.8855,5.4476
12.6,1259,6.146,0.88525,5.44075
12.61,1260,6.14,0.885,5.4339
12.62,1261,6.134,0.88475,5.42706
12.63,1262,6.128,0.8845,5.42022
12.64,1263,6.122,0.88425,5.41338
12.65,1264,6.116,0.884,5.40654
12.66,1265,6.11,0.88375,5.39971
12.67,1266,6.104,0.8835,5.39288
12.68,1267,6.098,0.88325,5.38606
12.69,1268,6.092,0.883,5.37924
12.7,1269,6.086,0.88275,5.37242
12.71,1270,6.08,0.8825,5.3656
12.72,1271,6.074,0.88225,5.35879
12.73,1272,6.068,0.882,5.35198
12.74,1273,6.062,0.88175,5.34517
12.75,1274,6.056,0.8815,5.33836
12.76,1275,6.05,0.88125,5.33156
12.77,1276,6.044,0.881,5.32476
12.78,1277,6.038,0.88075,5.31797
12.79,1278,6.032,0.8805,5.31118
12.8,1279,6.026,0.88025,5.30439
12.81,1280,6.02,0.88,5.2976
12.82,1281,6.014,0.87975,5.29082
12.83,1282,6.008,0.8795,5.28404
12.84,1283,6.002,0.87925,5.27726
12.85,1284,5.996,0.879,5.27048
12.86,1285,5.99,0.87875,5.26371
12.87,1286,5.984,0.8785,5.25694
12.88,1287,5.978,0.87825,5.25018
12.89,1288,5.972,0.878,5.24342
12.9,1289,5.966,0.87775,5.23666
12.91,1290,5.96,0.8775,5.2299
12.92,1291,5.954,0.87725,5.22315
12.93,1292,5.948,0.877,5.2164
12.94,1293,5.942,0.87675,5.20965
12.95,1294,5.936,0.8765,5.2029
12.96,1295,5.93,0.87625,5.19616
12.97,1296,5.924,0.876,5.18942
12.98,1297,5.918,0.87575,5.18269
12.99,1298,5.912,0.8755,5.17596
13,1299,5.906,0.87525,5.16923
13.01,1300,5.9,0.875,5.1625
13.02,1301,5.894,0.87475,5.15578
13.03,1302,5.888,0.8745,5.14906
13.04,1303,5.882,0.87425,5.14234
13.05,1304,5.876,0.874,5.13562
13.06,1305,5.87,0.87375,5.12891
13.07,1306,5.864,0.8735,5.1222
13.08,1307,5.858,0.87325,5.1155
13.09,1308,5.852,0.873,5.1088
13.1,1309,5.846,0.87275,5.1021
13.11,1310,5.84,0.8725,5.0954
13.12,1311,5.834,0.87225,5.08871
13.13,1312,5.828,0.872,5.08202
13.14,1313,5.822,0.87175,5.07533
13.15,1314,5.816,0.8715,5.06864
13.16,1315,5.81,0.87125,5.06196
13.17,1316,5.804,0.871,5.05528
13.18,1317,5.798,0.87075,5.04861
13.19,1318,5.792,0.8705,5.04194
13.2,1319,5.786,0.87025,5.03527
13.21,1320,5.78,0.87,5.0286
13.22,1321,5.774,0.86975,5.02194
13.23,1322,5.768,0.8695,5.01528
13.24,1323,5.762,0.86925,5.00862
13.25,1324,5.756,0.869,5.00196
13.26,1325,5.75,0.86875,4.99531
13.27,1326,5.744,0.8685,4.98866
13.28,1327,5.738,0.86825,4.98202
13.29,1328,5.732,0.868,4.97538
13.3,1329,5.726,0.86775,4.96874
13.31,1330,5.72,0.8675,4.9621
13.32,1331,5.714,0.86725,4.95547
13.33,1332,5.708,0.867,4.94884
13.34,1333,5.702,0.86675,4.94221
13.35,1334,5.696,0.8665,4.93558
13.36,1335,5.69,0.86625,4.92896
13.37,1336,5.684,0.866,4.92234
13.38,1337,5.678,0.86575,4.91573
13.39,1338,5.672,0.8655,4.90912
13.4,1339,5.666,0.86525,4.90251
13.41,1340,5.66,0.865,4.8959
13.42,1341,5.654,0.86475,4.8893
13.43,1342,5.648,0.8645,4.8827
13.44,1343,5.642,0.86425,4.8761
13.45,1344,5.636,0.864,4.8695
13.46,1345,5.63,0.86375,4.86291
13.47,1346,5.624,0.8635,4.85632
13.48,1347,5.618,0.86325,4.84974
13.49,1348,5.612,0.863,4.84316
13.5,1349,5.606,0.86275,4.83658
13.51,1350,5.6,0.8625,4.83
13.52,1351,5.594,0.86225,4.82343
13.53,1352,5.588,0.862,4.81686
13.54,1353,5.582,0.86175,4.81029
13.55,1354,5.576,0.8615,4.80372
13.56,1355,5.57,0.86125,4.79716
13.57,1356,5.564,0.861,4.7906
13.58,1357,5.558,0.86075,4.78405
13.59,1358,5.552,0.8605,4.7775
13.6,1359,5.546,0.86025,4.77095
13.61,1360,5.54,0.86,4.7644
13.62,1361,5.534,0.85975,4.75786
13.63,1362,5.528,0.8595,4.75132
13.64,1363,5.522,0.85925,4.74478
13.65,1364,5.516,0.859,4.73824
13.66,1365,5.51,0.85875,4.73171
13.67,1366,5.504,0.8585,4.72518
13.68,1367,5.498,0.85825,4.71866
13.69,1368,5.492,0.858,4.71214
13.7,1369,5.486,0.85775,4.70562
13.71,1370,5.48,0.8575,4.6991
13.72,1371,5.474,0.85725,4.69259
13.73,1372,5.468,0.857,4.68608
13.74,1373,5.462,0.85675,4.67957
13.75,1374,5.456,0.8565,4.67306
13.76,1375,5.45,0.85625,4.66656
13.77,1376,5.444,0.856,4.66006
13.78,1377,5.438,0.85575,4.65357
13.79,1378,5.432,0.8555,4.64708
13.8,1379,5.426,0.85525,4.64059
13.81,1380,5.42,0.855,4.6341
13.82,1381,5.414,0.85475,4.62762
13.83,1382,5.408,0.8545,4.62114
13.84,1383,5.402,0.85425,4.61466
13.85,1384,5.396,0.854,4.60818
13.86,1385,5.39,0.85375,4.60171
13.87,1386,5.384,0.8535,4.59524
13.88,1387,5.378,0.85325,4.58878
13.89,1388,5.372,0.853,4.58232
13.9,1389,5.366,0.85275,4.57586
13.91,1390,5.36,0.8525,4.5694
13.92,1391,5.354,0.85225,4.56295
13.93,1392,5.348,0.852,4.5565
13.94,1393,5.342,0.85175,4.55005
13.95,1394,5.336,0.8515,4.5436
13.96,1395,5.33,0.85125,4.53716
13.97,1396,5.324,0.851,4.53072
13.98,1397,5.318,0.85075,4.52429
13.99,1398,5.312,0.8505,4.51786
14,1399,5.306,0.85025,4.51143
14.01,1400,5.3,0.85,4.505
14.02,1401,5.2935,0.84965,4.49762
14.03,1402,5.287,0.8493,4.49025
14.04,1403,5.2805,0.84895,4.48288
14.05,1404,5.274,0.8486,4.47552
14.06,1405,5.2675,0.84825,4.46816
14.07,1406,5.261,0.8479,4.4608
14.08,1407,5.2545,0.84755,4.45345
14.09,1408,5.248,0.8472,4.44611
14.1,1409,5.2415,0.84685,4.43876
14.11,1410,5.235,0.8465,4.43143
14.12,1411,5.2285,0.84615,4.4241
14.13,1412,5.222,0.8458,4.41677
14.14,1413,5.2155,0.84545,4.40944
14.15,1414,5.209,0.8451,4.40213
14.16,1415,5.2025,0.84475,4.39481
14.17,1416,5.196,0.8444,4.3875
14.18,1417,5.1895,0.84405,4.3802
14.19,1418,5.183,0.8437,4.3729
14.2,1419,5.1765,0.84335,4.3656
14.21,1420,5.17,0.843,4.35831
14.22,1421,5.1635,0.84265,4.35102
14.23,1422,5.157,0.8423,4.34374
14.24,1423,5.1505,0.84195,4.33646
14.25,1424,5.144,0.8416,4.32919
14.26,1425,5.1375,0.84125,4.32192
14.27,1426,5.131,0.8409,4.31466
14.28,1427,5.1245,0.84055,4.3074
14.29,1428,5.118,0.8402,4.30014
14.3,1429,5.1115,0.83985,4.29289
14.31,1430,5.105,0.8395,4.28565
14.32,1431,5.0985,0.83915,4.27841
14.33,1432,5.092,0.8388,4.27117
14.34,1433,5.0855,0.83845,4.26394
14.35,1434,5.079,0.8381,4.25671
14.36,1435,5.0725,0.83775,4.24949
14.37,1436,5.066,0.8374,4.24227
14.38,1437,5.0595,0.83705,4.23505
14.39,1438,5.053,0.8367,4.22785
14.4,1439,5.0465,0.83635,4.22064
14.41,1440,5.04,0.836,4.21344
14.42,1441,5.0335,0.83565,4.20624
14.43,1442,5.027,0.8353,4.19905
14.44,1443,5.0205,0.83495,4.19187
14.45,1444,5.014,0.8346,4.18468
14.46,1445,5.0075,0.83425,4.17751
14.47,1446,5.001,0.8339,4.17033
14.48,1447,4.9945,0.83355,4.16317
14.49,1448,4.988,0.8332,4.156
14.5,1449,4.9815,0.83285,4.14884
14.51,1450,4.975,0.8325,4.14169
14.52,1451,4.9685,0.83215,4.13454
14.53,1452,4.962,0.8318,4.12739
14.54,1453,4.9555,0.83145,4.12025
14.55,1454,4.949,0.8311,4.11311
14.56,1455,4.9425,0.83075,4.10598
14.57,1456,4.936,0.8304,4.09885
14.58,1457,4.9295,0.83005,4.09173
14.59,1458,4.923,0.8297,4.08461
14.6,1459,4.9165,0.82935,4.0775
14.61,1460,4.91,0.829,4.07039
14.62,1461,4.9035,0.82865,4.06329
14.63,1462,4.897,0.8283,4.05619
14.64,1463,4.8905,0.82795,4.04909
14.65,1464,4.884,0.8276,4.042
14.66,1465,4.8775,0.82725,4.03491
14.67,1466,4.871,0.8269,4.02783
14.68,1467,4.8645,0.82655,4.02075
14.69,1468,4.858,0.8262,4.01368
14.7,1469,4.8515,0.82585,4.00661
14.71,1470,4.845,0.8255,3.99955
14.72,1471,4.8385,0.82515,3.99249
14.73,1472,4.832,0.8248,3.98543
14.74,1473,4.8255,0.82445,3.97838
14.75,1474,4.819,0.8241,3.97134
14.76,1475,4.8125,0.82375,3.9643
14.77,1476,4.806,0.8234,3.95726
14.78,1477,4.7995,0.82305,3.95023
14.79,1478,4.793,0.8227,3.9432
14.8,1479,4.7865,0.82235,3.93618
14.81,1480,4.78,0.822,3.92916
14.82,1481,4.7735,0.82165,3.92215
14.83,1482,4.767,0.8213,3.91514
14.84,1483,4.7605,0.82095,3.90813
14.85,1484,4.754,0.8206,3.90113
14.86,1485,4.7475,0.82025,3.89414
14.87,1486,4.741,0.8199,3.88715
14.88,1487,4.7345,0.81955,3.88016
14.89,1488,4.728,0.8192,3.87318
14.9,1489,4.7215,0.81885,3.8662
14.91,1490,4.715,0.8185,3.85923
14.92,1491,4.7085,0.81815,3.85226
14.93,1492,4.702,0.8178,3.8453
14.94,1493,4.6955,0.81745,3.83834
14.95,1494,4.689,0.8171,3.83138
14.96,1495,4.6825,0.81675,3.82443
14.97,1496,4.676,0.8164,3.81749
14.98,1497,4.6695,0.81605,3.81055
14.99,1498,4.663,0.8157,3.80361
15,1499,4.6565,0.81535,3.79668
15.01,1500,4.65,0.815,3.78975
15.02,1501,4.6435,0.81465,3.78283
15.03,1502,4.637,0.8143,3.77591
15.04,1503,4.6305,0.81395,3.769
15.05,1504,4.624,0.8136,3.76209
15.06,1505,4.6175,0.81325,3.75518
15.07,1506,4.611,0.8129,3.74828
15.08,1507,4.6045,0.81255,3.74139
15.09,1508,4.598,0.8122,3.7345
15.1,1509,4.5915,0.81185,3.72761
15.11,1510,4.585,0.8115,3.72073
15.12,1511,4.5785,0.81115,3.71385
15.13,1512,4.572,0.8108,3.70698
15.14,1513,4.5655,0.81045,3.70011
15.15,1514,4.559,0.8101,3.69325
15.16,1515,4.5525,0.80975,3.68639
15.17,1516,4.546,0.8094,3.67953
15.18,1517,4.5395,0.80905,3.67268
15.19,1518,4.533,0.8087,3.66584
15.2,1519,4.5265,0.80835,3.659
15.21,1520,4.52,0.808,3.65216
15.22,1521,4.5135,0.80765,3.64533
15.23,1522,4.507,0.8073,3.6385
15.24,1523,4.5005,0.80695,3.63168
15.25,1524,4.494,0.8066,3.62486
15.26,1525,4.4875,0.80625,3.61805
15.27,1526,4.481,0.8059,3.61124
15.28,1527,4.4745,0.80555,3.60443
15.29,1528,4.468,0.8052,3.59763
15.3,1529,4.4615,0.80485,3.59084
15.31,1530,4.455,0.8045,3.58405
15.32,1531,4.4485,0.80415,3.57726
15.33,1532,4.442,0.8038,3.57048
15.34,1533,4.4355,0.80345,3.5637
15.35,1534,4.429,0.8031,3.55693
15.36,1535,4.4225,0.80275,3.55016
15.37,1536,4.416,0.8024,3.5434
15.38,1537,4.4095,0.80205,3.53664
15.39,1538,4.403,0.8017,3.52989
15.4,1539,4.3965,0.80135,3.52314
15.41,1540,4.39,0.801,3.51639
15.42,1541,4.3835,0.80065,3.50965
15.43,1542,4.377,0.8003,3.50291
15.44,1543,4.3705,0.79995,3.49618
15.45,1544,4.364,0.7996,3.48945
15.46,1545,4.3575,0.79925,3.48273
15.47,1546,4.351,0.7989,3.47601
15.48,1547,4.3445,0.79855,3.4693
15.49,1548,4.338,0.7982,3.46259
15.5,1549,4.3315,0.79785,3.45589
15.51,1550,4.325,0.7975,3.44919
15.52,1551,4.3185,0.79715,3.44249
15.53,1552,4.312,0.7968,3.4358
15.54,1553,4.3055,0.79645,3.42912
15.55,1554,4.299,0.7961,3.42243
15.56,1555,4.2925,0.79575,3.41576
15.57,1556,4.286,0.7954,3.40908
15.58,1557,4.2795,0.79505,3.40242
15.59,1558,4.273,0.7947,3.39575
15.6,1559,4.2665,0.79435,3.38909
15.61,1560,4.26,0.794,3.38244
15.62,1561,4.2535,0.79365,3.37579
15.63,1562,4.247,0.7933,3.36915
15.64,1563,4.2405,0.79295,3.3625
15.65,1564,4.234,0.7926,3.35587
15.66,1565,4.2275,0.79225,3.34924
15.67,1566,4.221,0.7919,3.34261
15.68,1567,4.2145,0.79155,3.33599
15.69,1568,4.208,0.7912,3.32937
15.7,1569,4.2015,0.79085,3.32276
15.71,1570,4.195,0.7905,3.31615
15.72,1571,4.1885,0.79015,3.30954
15.73,1572,4.182,0.7898,3.30294
15.74,1573,4.1755,0.78945,3.29635
15.75,1574,4.169,0.7891,3.28976
15.76,1575,4.1625,0.78875,3.28317
15.77,1576,4.156,0.7884,3.27659
15.78,1577,4.1495,0.78805,3.27001
15.79,1578,4.143,0.7877,3.26344
15.8,1579,4.1365,0.78735,3.25687
15.81,1580,4.13,0.787,3.25031
15.82,1581,4.1235,0.78665,3.24375
15.83,1582,4.117,0.7863,3.2372
15.84,1583,4.1105,0.78595,3.23065
15.85,1584,4.104,0.7856,3.2241
15.86,1585,4.0975,0.78525,3.21756
15.87,1586,4.091,0.7849,3.21103
15.88,1587,4.0845,0.78455,3.20449
15.89,1588,4.078,0.7842,3.19797
15.9,1589,4.0715,0.78385,3.19145
15.91,1590,4.065,0.7835,3.18493
15.92,1591,4.0585,0.78315,3.17841
15.93,1592,4.052,0.7828,3.17191
15.94,1593,4.0455,0.78245,3.1654
15.95,1594,4.039,0.7821,3.1589
15.96,1595,4.0325,0.78175,3.15241
15.97,1596,4.026,0.7814,3.14592
15.98,1597,4.0195,0.78105,3.13943
15.99,1598,4.013,0.7807,3.13295
16,1599,4.0065,0.78035,3.12647
16.01,1600,4,0.78,3.12
16.02,1601,3.9925,0.7795,3.11215
16.03,1602,3.985,0.779,3.10432
16.04,1603,3.9775,0.7785,3.09648
16.05,1604,3.97,0.778,3.08866
16.06,1605,3.9625,0.7775,3.08084
16.07,1606,3.955,0.777,3.07304
16.08,1607,3.9475,0.7765,3.06523
16.09,1608,3.94,0.776,3.05744
16.1,1609,3.9325,0.7755,3.04965
16.11,1610,3.925,0.775,3.04188
16.12,1611,3.9175,0.7745,3.0341
16.13,1612,3.91,0.774,3.02634
16.14,1613,3.9025,0.7735,3.01858
16.15,1614,3.895,0.773,3.01084
16.16,1615,3.8875,0.7725,3.00309
16.17,1616,3.88,0.772,2.99536
16.18,1617,3.8725,0.7715,2.98763
16.19,1618,3.865,0.771,2.97992
16.2,1619,3.8575,0.7705,2.9722
16.21,1620,3.85,0.77,2.9645
16.22,1621,3.8425,0.7695,2.9568
16.23,1622,3.835,0.769,2.94912
16.24,1623,3.8275,0.7685,2.94143
16.25,1624,3.82,0.768,2.93376
16.26,1625,3.8125,0.7675,2.92609
16.27,1626,3.805,0.767,2.91844
16.28,1627,3.7975,0.7665,2.91078
16.29,1628,3.79,0.766,2.90314
16.3,1629,3.7825,0.7655,2.8955
16.31,1630,3.775,0.765,2.88788
16.32,1631,3.7675,0.7645,2.88025
16.33,1632,3.76,0.764,2.87264
16.34,1633,3.7525,0.7635,2.86503
16.35,1634,3.745,0.763,2.85744
16.36,1635,3.7375,0.7625,2.84984
16.37,1636,3.73,0.762,2.84226
16.38,1637,3.7225,0.7615,2.83468
16.39,1638,3.715,0.761,2.82712
16.4,1639,3.7075,0.7605,2.81955
16.41,1640,3.7,0.76,2.812
16.42,1641,3.6925,0.7595,2.80445
16.43,1642,3.685,0.759,2.79692
16.44,1643,3.6775,0.7585,2.78938
16.45,1644,3.67,0.758,2.78186
16.46,1645,3.6625,0.7575,2.77434
16.47,1646,3.655,0.757,2.76684
16.48,1647,3.6475,0.7565,2.75933
16.49,1648,3.64,0.756,2.75184
16.5,1649,3.6325,0.7555,2.74435
16.51,1650,3.625,0.755,2.73688
16.52,1651,3.6175,0.7545,2.7294
16.53,1652,3.61,0.754,2.72194
16.54,1653,3.6025,0.7535,2.71448
16.55,1654,3.595,0.753,2.70704
16.56,1655,3.5875,0.7525,2.69959
16.57,1656,3.58,0.752,2.69216
16.58,1657,3.5725,0.7515,2.68473
16.59,1658,3.565,0.751,2.67732
16.6,1659,3.5575,0.7505,2.6699
16.61,1660,3.55,0.75,2.6625
16.62,1661,3.5425,0.7495,2.6551
16.63,1662,3.535,0.749,2.64772
16.64,1663,3.5275,0.7485,2.64033
16.65,1664,3.52,0.748,2.63296
16.66,1665,3.5125,0.7475,2.62559
16.67,1666,3.505,0.747,2.61824
16.68,1667,3.4975,0.7465,2.61088
16.69,1668,3.49,0.746,2.60354
16.7,1669,3.4825,0.7455,2.5962
16.71,1670,3.475,0.745,2.58888
16.72,1671,3.4675,0.7445,2.58155
16.73,1672,3.46,0.744,2.57424
16.74,1673,3.4525,0.7435,2.56693
16.75,1674,3.445,0.743,2.55964
16.76,1675,3.4375,0.7425,2.55234
16.77,1676,3.43,0.742,2.54506
16.78,1677,3.4225,0.7415,2.53778
16.79,1678,3.415,0.741,2.53052
16.8,1679,3.4075,0.7405,2.52325
16.81,1680,3.4,0.74,2.516
16.82,1681,3.3925,0.7395,2.50875
16.83,1682,3.385,0.739,2.50152
16.84,1683,3.3775,0.7385,2.49428
16.85,1684,3.37,0.738,2.48706
16.86,1685,3.3625,0.7375,2.47984
16.87,1686,3.355,0.737,2.47264
16.88,1687,3.3475,0.7365,2.46543
16.89,1688,3.34,0.736,2.45824
16.9,1689,3.3325,0.7355,2.45105
16.91,1690,3.325,0.735,2.44388
16.92,1691,3.3175,0.7345,2.4367
16.93,1692,3.31,0.734,2.42954
16.94,1693,3.3025,0.7335,2.42238
16.95,1694,3.295,0.733,2.41524
16.96,1695,3.2875,0.7325,2.40809
16.97,1696,3.28,0.732,2.40096
16.98,1697,3.2725,0.7315,2.39383
16.99,1698,3.265,0.731,2.38672
17,1699,3.2575,0.7305,2.3796
17.01,1700,3.25,0.73,2.3725
17.02,1701,3.2425,0.7295,2.3654
17.03,1702,3.235,0.729,2.35832
17.04,1703,3.2275,0.7285,2.35123
17.05,1704,3.22,0.728,2.34416
17.06,1705,3.2125,0.7275,2.33709
17.07,1706,3.205,0.727,2.33004
17.08,1707,3.1975,0.7265,2.32298
17.09,1708,3.19,0.726,2.31594
17.1,1709,3.1825,0.7255,2.3089
17.11,1710,3.175,0.725,2.30188
17.12,1711,3.1675,0.7245,2.29485
17.13,1712,3.16,0.724,2.28784
17.14,1713,3.1525,0.7235,2.28083
17.15,1714,3.145,0.723,2.27384
17.16,1715,3.1375,0.7225,2.26684
17.17,1716,3.13,0.722,2.25986
17.18,1717,3.1225,0.7215,2.25288
17.19,1718,3.115,0.721,2.24592
17.2,1719,3.1075,0.7205,2.23895
17.21,1720,3.1,0.72,2.232
17.22,1721,3.0925,0.7195,2.22505
17.23,1722,3.085,0.719,2.21812
17.24,1723,3.0775,0.7185,2.21118
17.25,1724,3.07,0.718,2.20426
17.26,1725,3.0625,0.7175,2.19734
17.27,1726,3.055,0.717,2.19044
17.28,1727,3.0475,0.7165,2.18353
17.29,1728,3.04,0.716,2.17664
17.3,1729,3.0325,0.7155,2.16975
17.31,1730,3.025,0.715,2.16288
17.32,1731,3.0175,0.7145,2.156
17.33,1732,3.01,0.714,2.14914
17.34,1733,3.0025,0.7135,2.14228
17.35,1734,2.995,0.713,2.13544
17.36,1735,2.9875,0.7125,2.12859
17.37,1736,2.98,0.712,2.12176
17.38,1737,2.9725,0.7115,2.11493
17.39,1738,2.965,0.711,2.10812
17.4,1739,2.9575,0.7105,2.1013
17.41,1740,2.95,0.71,2.0945
17.42,1741,2.9425,0.7095,2.0877
17.43,1742,2.935,0.709,2.08092
17.44,1743,2.9275,0.7085,2.07413
17.45,1744,2.92,0.708,2.06736
17.46,1745,2.9125,0.7075,2.06059
17.47,1746,2.905,0.707,2.05384
17.48,1747,2.8975,0.7065,2.04708
17.49,1748,2.89,0.706,2.04034
17.5,1749,2.8825,0.7055,2.0336
17.51,1750,2.875,0.705,2.02688
17.52,1751,2.8675,0.7045,2.02015
17.53,1752,2.86,0.704,2.01344
17.54,1753,2.8525,0.7035,2.00673
17.55,1754,2.845,0.703,2.00004
17.56,1755,2.8375,0.7025,1.99334
17.57,1756,2.83,0.702,1.98666
17.58,1757,2.8225,0.7015,1.97998
17.59,1758,2.815,0.701,1.97332
17.6,1759,2.8075,0.7005,1.96665
17.61,1760,2.8,0.7,1.96
17.62,1761,2.7925,0.6995,1.95335
17.63,1762,2.785,0.699,1.94672
17.64,1763,2.7775,0.6985,1.94008
17.65,1764,2.77,0.698,1.93346
17.66,1765,2.7625,0.6975,1.92684
17.67,1766,2.755,0.697,1.92024
17.68,1767,2.7475,0.6965,1.91363
17.69,1768,2.74,0.696,1.90704
17.7,1769,2.7325,0.6955,1.90045
17.71,1770,2.725,0.695,1.89388
17.72,1771,2.7175,0.6945,1.8873
17.73,1772,2.71,0.694,1.88074
17.74,1773,2.7025,0.6935,1.87418
17.75,1774,2.695,0.693,1.86764
17.76,1775,2.6875,0.6925,1.86109
17.77,1776,2.68,0.692,1.85456
17.78,1777,2.6725,0.6915,1.84803
17.79,1778,2.665,0.691,1.84152
17.8,1779,2.6575,0.6905,1.835
17.81,1780,2.65,0.69,1.8285
17.82,1781,2.6425,0.6895,1.822
17.83,1782,2.635,0.689,1.81552
17.84,1783,2.6275,0.6885,1.80903
17.85,1784,2.62,0.688,1.80256
17.86,1785,2.6125,0.6875,1.79609
17.87,1786,2.605,0.687,1.78964
17.88,1787,2.5975,0.6865,1.78318
17.89,1788,2.59,0.686,1.77674
17.9,1789,2.5825,0.6855,1.7703
17.91,1790,2.575,0.685,1.76388
17.92,1791,2.5675,0.6845,1.75745
17.93,1792,2.56,0.684,1.75104
17.94,1793,2.5525,0.6835,1.74463
17.95,1794,2.545,0.683,1.73823
17.96,1795,2.5375,0.6825,1.73184
17.97,1796,2.53,0.682,1.72546
17.98,1797,2.5225,0.6815,1.71908
17.99,1798,2.515,0.681,1.71271
18,1799,2.5075,0.6805,1.70635
18.01,1800,2.5,0.68,1.7
18.02,1801,2.4925,0.67935,1.69328
18.03,1802,2.485,0.6787,1.68657
18.04,1803,2.4775,0.67805,1.67987
18.05,1804,2.47,0.6774,1.67318
18.06,1805,2.4625,0.67675,1.6665
18.07,1806,2.455,0.6761,1.65983
18.08,1807,2.4475,0.67545,1.65316
18.09,1808,2.44,0.6748,1.64651
18.1,1809,2.4325,0.67415,1.63987
18.11,1810,2.425,0.6735,1.63324
18.12,1811,2.4175,0.67285,1.62661
18.13,1812,2.41,0.6722,1.62
18.14,1813,2.4025,0.67155,1.6134
18.15,1814,2.395,0.6709,1.60681
18.16,1815,2.3875,0.67025,1.60022
18.17,1816,2.38,0.6696,1.59365
18.18,1817,2.3725,0.66895,1.58708
18.19,1818,2.365,0.6683,1.58053
18.2,1819,2.3575,0.66765,1.57398
18.21,1820,2.35,0.667,1.56745
18.22,1821,2.3425,0.66635,1.56092
18.23,1822,2.335,0.6657,1.55441
18.24,1823,2.3275,0.66505,1.5479
18.25,1824,2.32,0.6644,1.54141
18.26,1825,2.3125,0.66375,1.53492
18.27,1826,2.305,0.6631,1.52845
18.28,1827,2.2975,0.66245,1.52198
18.29,1828,2.29,0.6618,1.51552
18.3,1829,2.2825,0.66115,1.50907
18.31,1830,2.275,0.6605,1.50264
18.32,1831,2.2675,0.65985,1.49621
18.33,1832,2.26,0.6592,1.48979
18.34,1833,2.2525,0.65855,1.48338
18.35,1834,2.245,0.6579,1.47699
18.36,1835,2.2375,0.65725,1.4706
18.37,1836,2.23,0.6566,1.46422
18.38,1837,2.2225,0.65595,1.45785
18.39,1838,2.215,0.6553,1.45149
18.4,1839,2.2075,0.65465,1.44514
18.41,1840,2.2,0.654,1.4388
18.42,1841,2.1925,0.65335,1.43247
18.43,1842,2.185,0.6527,1.42615
18.44,1843,2.1775,0.65205,1.41984
18.45,1844,2.17,0.6514,1.41354
18.46,1845,2.1625,0.65075,1.40725
18.47,1846,2.155,0.6501,1.40097
18.48,1847,2.1475,0.64945,1.39469
18.49,1848,2.14,0.6488,1.38843
18.5,1849,2.1325,0.64815,1.38218
18.51,1850,2.125,0.6475,1.37594
18.52,1851,2.1175,0.64685,1.3697
18.53,1852,2.11,0.6462,1.36348
18.54,1853,2.1025,0.64555,1.35727
18.55,1854,2.095,0.6449,1.35107
18.56,1855,2.0875,0.64425,1.34487
18.57,1856,2.08,0.6436,1.33869
18.58,1857,2.0725,0.64295,1.33251
18.59,1858,2.065,0.6423,1.32635
18.6,1859,2.0575,0.64165,1.32019
18.61,1860,2.05,0.641,1.31405
18.62,1861,2.0425,0.64035,1.30791
18.63,1862,2.035,0.6397,1.30179
18.64,1863,2.0275,0.63905,1.29567
18.65,1864,2.02,0.6384,1.28957
18.66,1865,2.0125,0.63775,1.28347
18.67,1866,2.005,0.6371,1.27739
18.68,1867,1.9975,0.63645,1.27131
18.69,1868,1.99,0.6358,1.26524
18.7,1869,1.9825,0.63515,1.25918
18.71,1870,1.975,0.6345,1.25314
18.72,1871,1.9675,0.63385,1.2471
18.73,1872,1.96,0.6332,1.24107
18.74,1873,1.9525,0.63255,1.23505
18.75,1874,1.945,0.6319,1.22905
18.76,1875,1.9375,0.63125,1.22305
18.77,1876,1.93,0.6306,1.21706
18.78,1877,1.9225,0.62995,1.21108
18.79,1878,1.915,0.6293,1.20511
18.8,1879,1.9075,0.62865,1.19915
18.81,1880,1.9,0.628,1.1932
18.82,1881,1.8925,0.62735,1.18726
18.83,1882,1.885,0.6267,1.18133
18.84,1883,1.8775,0.62605,1.17541
18.85,1884,1.87,0.6254,1.1695
18.86,1885,1.8625,0.62475,1.1636
18.87,1886,1.855,0.6241,1.15771
18.88,1887,1.8475,0.62345,1.15182
18.89,1888,1.84,0.6228,1.14595
18.9,1889,1.8325,0.62215,1.14009
18.91,1890,1.825,0.6215,1.13424
18.92,1891,1.8175,0.62085,1.12839
18.93,1892,1.81,0.6202,1.12256
18.94,1893,1.8025,0.61955,1.11674
18.95,1894,1.795,0.6189,1.11093
18.96,1895,1.7875,0.61825,1.10512
18.97,1896,1.78,0.6176,1.09933
18.98,1897,1.7725,0.61695,1.09354
18.99,1898,1.765,0.6163,1.08777
19,1899,1.7575,0.61565,1.082
19.01,1900,1.75,0.615,1.07625
19.02,1901,1.7425,0.61435,1.0705
19.03,1902,1.735,0.6137,1.06477
19.04,1903,1.7275,0.61305,1.05904
19.05,1904,1.72,0.6124,1.05333
19.06,1905,1.7125,0.61175,1.04762
19.07,1906,1.705,0.6111,1.04193
19.08,1907,1.6975,0.61045,1.03624
19.09,1908,1.69,0.6098,1.03056
19.1,1909,1.6825,0.60915,1.02489
19.11,1910,1.675,0.6085,1.01924
19.12,1911,1.6675,0.60785,1.01359
19.13,1912,1.66,0.6072,1.00795
19.14,1913,1.6525,0.60655,1.00232
19.15,1914,1.645,0.6059,0.996705
19.16,1915,1.6375,0.60525,0.991097
19.17,1916,1.63,0.6046,0.985498
19.18,1917,1.6225,0.60395,0.979909
19.19,1918,1.615,0.6033,0.974329
19.2,1919,1.6075,0.60265,0.96876
19.21,1920,1.6,0.602,0.9632
19.22,1921,1.5925,0.60135,0.95765
19.23,1922,1.585,0.6007,0.952109
19.24,1923,1.5775,0.60005,0.946579
19.25,1924,1.57,0.5994,0.941058
19.26,1925,1.5625,0.59875,0.935547
19.27,1926,1.555,0.5981,0.930045
19.28,1927,1.5475,0.59745,0.924554
19.29,1928,1.54,0.5968,0.919072
19.3,1929,1.5325,0.59615,0.9136
19.31,1930,1.525,0.5955,0.908137
19.32,1931,1.5175,0.59485,0.902685
19.33,1932,1.51,0.5942,0.897242
19.34,1933,1.5025,0.59355,0.891809
19.35,1934,1.495,0.5929,0.886385
19.36,1935,1.4875,0.59225,0.880972
19.37,1936,1.48,0.5916,0.875568
19.38,1937,1.4725,0.59095,0.870174
19.39,1938,1.465,0.5903,0.864789
19.4,1939,1.4575,0.58965,0.859415
19.41,1940,1.45,0.589,0.85405
19.42,1941,1.4425,0.58835,0.848695
19.43,1942,1.435,0.5877,0.843349
19.44,1943,1.4275,0.58705,0.838014
19.45,1944,1.42,0.5864,0.832688
19.46,1945,1.4125,0.58575,0.827372
19.47,1946,1.405,0.5851,0.822065
19.48,1947,1.3975,0.58445,0.816769
19.49,1948,1.39,0.5838,0.811482
19.5,1949,1.3825,0.58315,0.806205
19.51,1950,1.375,0.5825,0.800937
19.52,1951,1.3675,0.58185,0.79568
19.53,1952,1.36,0.5812,0.790432
19.54,1953,1.3525,0.58055,0.785194
19.55,1954,1.345,0.5799,0.779965
19.56,1955,1.3375,0.57925,0.774747
19.57,1956,1.33,0.5786,0.769538
19.58,1957,1.3225,0.57795,0.764339
19.59,1958,1.315,0.5773,0.759149
19.6,1959,1.3075,0.57665,0.75397
19.61,1960,1.3,0.576,0.7488
19.62,1961,1.2925,0.57535,0.74364
19.63,1962,1.285,0.5747,0.738489
19.64,1963,1.2775,0.57405,0.733349
19.65,1964,1.27,0.5734,0.728218
19.66,1965,1.2625,0.57275,0.723097
19.67,1966,1.255,0.5721,0.717985
19.68,1967,1.2475,0.57145,0.712884
19.69,1968,1.24,0.5708,0.707792
19.7,1969,1.2325,0.57015,0.70271
19.71,1970,1.225,0.5695,0.697637
19.72,1971,1.2175,0.56885,0.692575
19.73,1972,1.21,0.5682,0.687522
19.74,1973,1.2025,0.56755,0.682479
19.75,1974,1.195,0.5669,0.677445
19.76,1975,1.1875,0.56625,0.672422
19.77,1976,1.18,0.5656,0.667408
19.78,1977,1.1725,0.56495,0.662404
19.79,1978,1.165,0.5643,0.657409
19.8,1979,1.1575,0.56365,0.652425
19.81,1980,1.15,0.563,0.64745
19.82,1981,1.1425,0.56235,0.642485
19.83,1982,1.135,0.5617,0.637529
19.84,1983,1.1275,0.56105,0.632584
19.85,1984,1.12,0.5604,0.627648
19.86,1985,1.1125,0.55975,0.622722
19.87,1986,1.105,0.5591,0.617805
19.88,1987,1.0975,0.55845,0.612899
19.89,1988,1.09,0.5578,0.608002
19.9,1989,1.0825,0.55715,0.603115
19.91,1990,1.075,0.5565,0.598237
19.92,1991,1.0675,0.55585,0.59337
19.93,1992,1.06,0.5552,0.588512
19.94,1993,1.0525,0.55455,0.583664
19.95,1994,1.045,0.5539,0.578825
19.96,1995,1.0375,0.55325,0.573997
19.97,1996,1.03,0.5526,0.569178
19.98,1997,1.0225,0.55195,0.564369
19.99,1998,1.015,0.5513,0.559569
