time,Velocity,Position
0,0,0
0.001,0,0
0.002,0,0
0.003,0,0
0.004,0,0
0.005,0,0
0.006,0,0
0.007,0,0
0.008,0,0
0.009,0,0
0.01,0,0
0.011,0,0
0.012,0,0
0.013,0,0
0.014,0,0
0.015,0,0
0.016,0,0
0.017,0,0
0.018,0,0
0.019,0,0
0.02,0,0
0.021,0,0
0.022,0,0
0.023,0,0
0.024,0,0
0.025,0,0
0.026,0,0
0.027,0,0
0.028,0,0
0.029,0,0
0.03,0,0
0.031,0,0
0.032,0,0
0.033,0,0
0.034,0,0
0.035,0,0
0.036,0,0
0.037,0,0
0.038,0,0
0.039,0,0
0.04,0,0
0.041,0,0
0.042,0,0
0.043,0,0
0.044,0,0
0.045,0,0
0.046,0,0
0.047,0,0
0.048,0,0
0.049,0,0
0.05,0,0
0.051,0,0
0.052,0,0
0.053,0,0
0.054,0,0
0.055,0,0
0.056,0,0
0.057,0,0
0.058,0,0
0.059,0,0
0.06,0,0
0.061,0,0
0.062,0,0
0.063,0,0
0.064,0,0
0.065,0,0
0.066,0,0
0.067,0,0
0.068,0,0
0.069,0,0
0.07,0,0
0.071,0,0
0.072,0,0
0.073,0,0
0.074,0,0
0.075,0,0
0.076,0,0
0.077,0,0
0.078,0,0
0.079,0,0
0.08,0,0
0.081,0,0
0.082,0,0
0.083,0,0
0.084,0,0
0.085,0,0
0.086,0,0
0.087,0,0
0.088,0,0
0.089,0,0
0.09,0,0
0.091,0,0
0.092,0,0
0.093,0,0
0.094,0,0
0.095,0,0
0.096,0,0
0.097,0,0
0.098,0,0
0.099,0,0
0.1,0,0
0.101,0,0
0.102,0,0
0.103,0,0
0.104,0,0
0.105,0,0
0.106,0,0
0.107,0,0
0.108,0,0
0.109,0,0
0.11,0,0
0.111,0,0
0.112,0,0
0.113,0,0
0.114,0,0
0.115,0,0
0.116,0,0
0.117,0,0
0.118,0,0
0.119,0,0
0.12,0,0
0.121,0,0
0.122,0,0
0.123,0,0
0.124,0,0
0.125,0,0
0.126,0,0
0.127,0,0
0.128,0,0
0.129,0,0
0.13,0,0
0.131,0,0
0.132,0,0
0.133,0,0
0.134,0,0
0.135,0,0
0.136,0,0
0.137,0,0
0.138,0,0
0.139,0,0
0.14,0,0
0.141,0,0
0.142,0,0
0.143,0,0
0.144,0,0
0.145,0,0
0.146,0,0
0.147,0,0
0.148,0,0
0.149,0,0
0.15,0,0
0.151,0,0
0.152,0,0
0.153,0,0
0.154,0,0
0.155,0,0
0.156,0,0
0.157,0,0
0.158,0,0
0.159,0,0
0.16,0,0
0.161,0,0
0.162,0,0
0.163,0,0
0.164,0,0
0.165,0,0
0.166,0,0
0.167,0,0
0.168,0,0
0.169,0,0
0.17,0,0
0.171,0,0
0.172,0,0
0.173,0,0
0.174,0,0
0.175,0,0
0.176,0,0
0.177,0,0
0.178,0,0
0.179,0,0
0.18,0,0
0.181,0,0
0.182,0,0
0.183,0,0
0.184,0,0
0.185,0,0
0.186,0,0
0.187,0,0
0.188,0,0
0.189,0,0
0.19,0,0
0.191,0,0
0.192,0,0
0.193,0,0
0.194,0,0
0.195,0,0
0.196,0,0
0.197,0,0
0.198,0,0
0.199,0,0
0.2,0,0
0.201,0,0
0.202,0,0
0.203,0,0
0.204,0,0
0.205,0,0
0.206,0,0
0.207,0,0
0.208,0,0
0.209,0,0
0.21,0,0
0.211,0,0
0.212,0,0
0.213,0,0
0.214,0,0
0.215,0,0
0.216,0,0
0.217,0,0
0.218,0,0
0.219,0,0
0.22,0,0
0.221,0,0
0.222,0,0
0.223,0,0
0.224,0,0
0.225,0,0
0.226,0,0
0.227,0,0
0.228,0,0
0.229,0,0
0.23,0,0
0.231,0,0
0.232,0,0
0.233,0,0
0.234,0,0
0.235,0,0
0.236,0,0
0.237,0,0
0.238,0,0
0.239,0,0
0.24,0,0
0.241,0,0
0.242,0,0
0.243,0,0
0.244,0,0
0.245,0,0
0.246,0,0
0.247,0,0
0.248,0,0
0.249,0,0
0.25,0,0
0.251,0,0
0.252,0,0
0.253,0,0
0.254,0,0
0.255,0,0
0.256,0,0
0.257,0,0
0.258,0,0
0.259,0,0
0.26,0,0
0.261,0,0
0.262,0,0
0.263,0,0
0.264,0,0
0.265,0,0
0.266,0,0
0.267,0,0
0.268,0,0
0.269,0,0
0.27,0,0
0.271,0,0
0.272,0,0
0.273,0,0
0.274,0,0
0.275,0,0
0.276,0,0
0.277,0,0
0.278,0,0
0.279,0,0
0.28,0,0
0.281,0,0
0.282,0,0
0.283,0,0
0.284,0,0
0.285,0,0
0.286,0,0
0.287,0,0
0.288,0,0
0.289,0,0
0.29,0,0
0.291,0,0
0.292,0,0
0.293,0,0
0.294,0,0
0.295,0,0
0.296,0,0
0.297,0,0
0.298,0,0
0.299,0,0
0.3,0,0
0.301,0,0
0.302,0,0
0.303,0,0
0.304,0,0
0.305,0,0
0.306,0,0
0.307,0,0
0.308,0,0
0.309,0,0
0.31,0,0
0.311,0,0
0.312,0,0
0.313,0,0
0.314,0,0
0.315,0,0
0.316,0,0
0.317,0,0
0.318,0,0
0.319,0,0
0.32,0,0
0.321,0,0
0.322,0,0
0.323,0,0
0.324,0,0
0.325,0,0
0.326,0,0
0.327,0,0
0.328,0,0
0.329,0,0
0.33,0,0
0.331,0,0
0.332,0,0
0.333,0,0
0.334,0,0
0.335,0,0
0.336,0,0
0.337,0,0
0.338,0,0
0.339,0,0
0.34,0,0
0.341,0,0
0.342,0,0
0.343,0,0
0.344,0,0
0.345,0,0
0.346,0,0
0.347,0,0
0.348,0,0
0.349,0,0
0.35,0,0
0.351,0,0
0.352,0,0
0.353,0,0
0.354,0,0
0.355,0,0
0.356,0,0
0.357,0,0
0.358,0,0
0.359,0,0
0.36,0,0
0.361,0,0
0.362,0,0
0.363,0,0
0.364,0,0
0.365,0,0
0.366,0,0
0.367,0,0
0.368,0,0
0.369,0,0
0.37,0,0
0.371,0,0
0.372,0,0
0.373,0,0
0.374,0,0
0.375,0,0
0.376,0,0
0.377,0,0
0.378,0,0
0.379,0,0
0.38,0,0
0.381,0,0
0.382,0,0
0.383,0,0
0.384,0,0
0.385,0,0
0.386,0,0
0.387,0,0
0.388,0,0
0.389,0,0
0.39,0,0
0.391,0,0
0.392,0,0
0.393,0,0
0.394,0,0
0.395,0,0
0.396,0,0
0.397,0,0
0.398,0,0
0.399,0,0
0.4,0,0
0.401,0,0
0.402,0,0
0.403,0,0
0.404,0,0
0.405,0,0
0.406,0,0
0.407,0,0
0.408,0,0
0.409,0,0
0.41,0,0
0.411,0,0
0.412,0,0
0.413,0,0
0.414,0,0
0.415,0,0
0.416,0,0
0.417,0,0
0.418,0,0
0.419,0,0
0.42,0,0
0.421,0,0
0.422,0,0
0.423,0,0
0.424,0,0
0.425,0,0
0.426,0,0
0.427,0,0
0.428,0,0
0.429,0,0
0.43,0,0
0.431,0,0
0.432,0,0
0.433,0,0
0.434,0,0
0.435,0,0
0.436,0,0
0.437,0,0
0.438,0,0
0.439,0,0
0.44,0,0
0.441,0,0
0.442,0,0
0.443,0,0
0.444,0,0
0.445,0,0
0.446,0,0
0.447,0,0
0.448,0,0
0.449,0,0
0.45,0,0
0.451,0,0
0.452,0,0
0.453,0,0
0.454,0,0
0.455,0,0
0.456,0,0
0.457,0,0
0.458,0,0
0.459,0,0
0.46,0,0
0.461,0,0
0.462,0,0
0.463,0,0
0.464,0,0
0.465,0,0
0.466,0,0
0.467,0,0
0.468,0,0
0.469,0,0
0.47,0,0
0.471,0,0
0.472,0,0
0.473,0,0
0.474,0,0
0.475,0,0
0.476,0,0
0.477,0,0
0.478,0,0
0.479,0,0
0.48,0,0
0.481,0,0
0.482,0,0
0.483,0,0
0.484,0,0
0.485,0,0
0.486,0,0
0.487,0,0
0.488,0,0
0.489,0,0
0.49,0,0
0.491,0,0
0.492,0,0
0.493,0,0
0.494,0,0
0.495,0,0
0.496,0,0
0.497,0,0
0.498,0,0
0.499,0,0
0.5,0,0
0.501,0,0
0.502,0,0
0.503,0,0
0.504,0,0
0.505,0,0
0.506,0,0
0.507,0,0
0.508,0,0
0.509,0,0
0.51,0,0
0.511,0,0
0.512,0,0
0.513,0,0
0.514,0,0
0.515,0,0
0.516,0,0
0.517,0,0
0.518,0,0
0.519,0,0
0.52,0,0
0.521,0,0
0.522,0,0
0.523,0,0
0.524,0,0
0.525,0,0
0.526,0,0
0.527,0,0
0.528,0,0
0.529,0,0
0.53,0,0
0.531,0,0
0.532,0,0
0.533,0,0
0.534,0,0
0.535,0,0
0.536,0,0
0.537,0,0
0.538,0,0
0.539,0,0
0.54,0,0
0.541,0,0
0.542,0,0
0.543,0,0
0.544,0,0
0.545,0,0
0.546,0,0
0.547,0,0
0.548,0,0
0.549,0,0
0.55,0,0
0.551,0,0
0.552,0,0
0.553,0,0
0.554,0,0
0.555,0,0
0.556,0,0
0.557,0,0
0.558,0,0
0.559,0,0
0.56,0,0
0.561,0,0
0.562,0,0
0.563,0,0
0.564,0,0
0.565,0,0
0.566,0,0
0.567,0,0
0.568,0,0
0.569,0,0
0.57,0,0
0.571,0,0
0.572,0,0
0.573,0,0
0.574,0,0
0.575,0,0
0.576,0,0
0.577,0,0
0.578,0,0
0.579,0,0
0.58,0,0
0.581,0,0
0.582,0,0
0.583,0,0
0.584,0,0
0.585,0,0
0.586,0,0
0.587,0,0
0.588,0,0
0.589,0,0
0.59,0,0
0.591,0,0
0.592,0,0
0.593,0,0
0.594,0,0
0.595,0,0
0.596,0,0
0.597,0,0
0.598,0,0
0.599,0,0
0.6,0,0
0.601,0,0
0.602,0,0
0.603,0,0
0.604,0,0
0.605,0,0
0.606,0,0
0.607,0,0
0.608,0,0
0.609,0,0
0.61,0,0
0.611,0,0
0.612,0,0
0.613,0,0
0.614,0,0
0.615,0,0
0.616,0,0
0.617,0,0
0.618,0,0
0.619,0,0
0.62,0,0
0.621,0,0
0.622,0,0
0.623,0,0
0.624,0,0
0.625,0,0
0.626,0,0
0.627,0,0
0.628,0,0
0.629,0,0
0.63,0,0
0.631,0,0
0.632,0,0
0.633,0,0
0.634,0,0
0.635,0,0
0.636,0,0
0.637,0,0
0.638,0,0
0.639,0,0
0.64,0,0
0.641,0,0
0.642,0,0
0.643,0,0
0.644,0,0
0.645,0,0
0.646,0,0
0.647,0,0
0.648,0,0
0.649,0,0
0.65,0,0
0.651,0,0
0.652,0,0
0.653,0,0
0.654,0,0
0.655,0,0
0.656,0,0
0.657,0,0
0.658,0,0
0.659,0,0
0.66,0,0
0.661,0,0
0.662,0,0
0.663,0,0
0.664,0,0
0.665,0,0
0.666,0,0
0.667,0,0
0.668,0,0
0.669,0,0
0.67,0,0
0.671,0,0
0.672,0,0
0.673,0,0
0.674,0,0
0.675,0,0
0.676,0,0
0.677,0,0
0.678,0,0
0.679,0,0
0.68,0,0
0.681,0,0
0.682,0,0
0.683,0,0
0.684,0,0
0.685,0,0
0.686,0,0
0.687,0,0
0.688,0,0
0.689,0,0
0.69,0,0
0.691,0,0
0.692,0,0
0.693,0,0
0.694,0,0
0.695,0,0
0.696,0,0
0.697,0,0
0.698,0,0
0.699,0,0
0.7,0,0
0.701,0,0
0.702,0,0
0.703,0,0
0.704,0,0
0.705,0,0
0.706,0,0
0.707,0,0
0.708,0,0
0.709,0,0
0.71,0,0
0.711,0,0
0.712,0,0
0.713,0,0
0.714,0,0
0.715,0,0
0.716,0,0
0.717,0,0
0.718,0,0
0.719,0,0
0.72,0,0
0.721,0,0
0.722,0,0
0.723,0,0
0.724,0,0
0.725,0,0
0.726,0,0
0.727,0,0
0.728,0,0
0.729,0,0
0.73,0,0
0.731,0,0
0.732,0,0
0.733,0,0
0.734,0,0
0.735,0,0
0.736,0,0
0.737,0,0
0.738,0,0
0.739,0,0
0.74,0,0
0.741,0,0
0.742,0,0
0.743,0,0
0.744,0,0
0.745,0,0
0.746,0,0
0.747,0,0
0.748,0,0
0.749,0,0
0.75,0,0
0.751,0,0
0.752,0,0
0.753,0,0
0.754,0,0
0.755,0,0
0.756,0,0
0.757,0,0
0.758,0,0
0.759,0,0
0.76,0,0
0.761,0,0
0.762,0,0
0.763,0,0
0.764,0,0
0.765,0,0
0.766,0,0
0.767,0,0
0.768,0,0
0.769,0,0
0.77,0,0
0.771,0,0
0.772,0,0
0.773,0,0
0.774,0,0
0.775,0,0
0.776,0,0
0.777,0,0
0.778,0,0
0.779,0,0
0.78,0,0
0.781,0,0
0.782,0,0
0.783,0,0
0.784,0,0
0.785,0,0
0.786,0,0
0.787,0,0
0.788,0,0
0.789,0,0
0.79,0,0
0.791,0,0
0.792,0,0
0.793,0,0
0.794,0,0
0.795,0,0
0.796,0,0
0.797,0,0
0.798,0,0
0.799,0,0
0.8,0,0
0.801,0,0
0.802,0,0
0.803,0,0
0.804,0,0
0.805,0,0
0.806,0,0
0.807,0,0
0.808,0,0
0.809,0,0
0.81,0,0
0.811,0,0
0.812,0,0
0.813,0,0
0.814,0,0
0.815,0,0
0.816,0,0
0.817,0,0
0.818,0,0
0.819,0,0
0.82,0,0
0.821,0,0
0.822,0,0
0.823,0,0
0.824,0,0
0.825,0,0
0.826,0,0
0.827,0,0
0.828,0,0
0.829,0,0
0.83,0,0
0.831,0,0
0.832,0,0
0.833,0,0
0.834,0,0
0.835,0,0
0.836,0,0
0.837,0,0
0.838,0,0
0.839,0,0
0.84,0,0
0.841,0,0
0.842,0,0
0.843,0,0
0.844,0,0
0.845,0,0
0.846,0,0
0.847,0,0
0.848,0,0
0.849,0,0
0.85,0,0
0.851,0,0
0.852,0,0
0.853,0,0
0.854,0,0
0.855,0,0
0.856,0,0
0.857,0,0
0.858,0,0
0.859,0,0
0.86,0,0
0.861,0,0
0.862,0,0
0.863,0,0
0.864,0,0
0.865,0,0
0.866,0,0
0.867,0,0
0.868,0,0
0.869,0,0
0.87,0,0
0.871,0,0
0.872,0,0
0.873,0,0
0.874,0,0
0.875,0,0
0.876,0,0
0.877,0,0
0.878,0,0
0.879,0,0
0.88,0,0
0.881,0,0
0.882,0,0
0.883,0,0
0.884,0,0
0.885,0,0
0.886,0,0
0.887,0,0
0.888,0,0
0.889,0,0
0.89,0,0
0.891,0,0
0.892,0,0
0.893,0,0
0.894,0,0
0.895,0,0
0.896,0,0
0.897,0,0
0.898,0,0
0.899,0,0
0.9,0,0
0.901,0,0
0.902,0,0
0.903,0,0
0.904,0,0
0.905,0,0
0.906,0,0
0.907,0,0
0.908,0,0
0.909,0,0
0.91,0,0
0.911,0,0
0.912,0,0
0.913,0,0
0.914,0,0
0.915,0,0
0.916,0,0
0.917,0,0
0.918,0,0
0.919,0,0
0.92,0,0
0.921,0,0
0.922,0,0
0.923,0,0
0.924,0,0
0.925,0,0
0.926,0,0
0.927,0,0
0.928,0,0
0.929,0,0
0.93,0,0
0.931,0,0
0.932,0,0
0.933,0,0
0.934,0,0
0.935,0,0
0.936,0,0
0.937,0,0
0.938,0,0
0.939,0,0
0.94,0,0
0.941,0,0
0.942,0,0
0.943,0,0
0.944,0,0
0.945,0,0
0.946,0,0
0.947,0,0
0.948,0,0
0.949,0,0
0.95,0,0
0.951,0,0
0.952,0,0
0.953,0,0
0.954,0,0
0.955,0,0
0.956,0,0
0.957,0,0
0.958,0,0
0.959,0,0
0.96,0,0
0.961,0,0
0.962,0,0
0.963,0,0
0.964,0,0
0.965,0,0
0.966,0,0
0.967,0,0
0.968,0,0
0.969,0,0
0.97,0,0
0.971,0,0
0.972,0,0
0.973,0,0
0.974,0,0
0.975,0,0
0.976,0,0
0.977,0,0
0.978,0,0
0.979,0,0
0.98,0,0
0.981,0,0
0.982,0,0
0.983,0,0
0.984,0,0
0.985,0,0
0.986,0,0
0.987,0,0
0.988,0,0
0.989,0,0
0.99,0,0
0.991,0,0
0.992,0,0
0.993,0,0
0.994,0,0
0.995,0,0
0.996,0,0
0.997,0,0
0.998,0,0
0.999,0,0
1,0,0
1.001,0,0
1.002,0.00116667,6.66667e-07
1.003,0.00209992,2.04722e-06
1.004,0.00293556,4.33856e-06
1.005,0.00368015,7.44243e-06
1.006,0.00434301,1.12722e-05
1.007,0.00493207,1.57479e-05
1.008,0.00545442,2.07974e-05
1.009,0.00591647,2.63554e-05
1.01,0.00632403,3.2363e-05
1.011,0.00668235,3.87669e-05
1.012,0.0069962,4.55189e-05
1.013,0.00726988,5.25756e-05
1.014,0.0075073,5.98977e-05
1.015,0.007712,6.74497e-05
1.016,0.00788717,7.51996e-05
1.017,0.00803572,8.31187e-05
1.018,0.00816026,9.11808e-05
1.019,0.00826316,9.93625e-05
1.02,0.00834658,0.000107643
1.021,0.00841247,0.000116002
1.022,0.00846258,0.000124424
1.023,0.00849851,0.000132893
1.024,0.0085217,0.000141395
1.025,0.00853345,0.000149917
1.026,0.00853496,0.000158449
1.027,0.00852728,0.00016698
1.028,0.00851138,0.000175502
1.029,0.00848814,0.000184006
1.03,0.00845834,0.000192485
1.031,0.00842271,0.000200933
1.032,0.0083819,0.000209345
1.033,0.00833648,0.000217715
1.034,0.00828698,0.000226038
1.035,0.00823388,0.000234311
1.036,0.00817762,0.00024253
1.037,0.00811859,0.000250692
1.038,0.00805712,0.000258795
1.039,0.00799356,0.000266836
1.04,0.00792817,0.000274813
1.041,0.00786123,0.000282724
1.042,0.00779296,0.000290568
1.043,0.00772357,0.000298343
1.044,0.00765326,0.000306049
1.045,0.0075822,0.000313684
1.046,0.00751053,0.000321248
1.047,0.0074384,0.000328741
1.048,0.00736593,0.000336161
1.049,0.00729324,0.000343509
1.05,0.00722042,0.000350784
1.051,0.00714757,0.000357986
1.052,0.00707477,0.000365115
1.053,0.00700208,0.000372172
1.054,0.00692957,0.000379156
1.055,0.0068573,0.000386067
1.056,0.00678533,0.000392907
1.057,0.00671369,0.000399674
1.058,0.00664243,0.00040637
1.059,0.00657158,0.000412995
1.06,0.00650118,0.000419549
1.061,0.00643125,0.000426033
1.062,0.00636182,0.000432447
1.063,0.00629291,0.000438791
1.064,0.00622454,0.000445067
1.065,0.00615672,0.000451275
1.066,0.00608947,0.000457415
1.067,0.0060228,0.000463488
1.068,0.00595672,0.000469494
1.069,0.00589124,0.000475435
1.07,0.00582636,0.00048131
1.071,0.00576209,0.00048712
1.072,0.00569844,0.000492866
1.073,0.00563541,0.000498549
1.074,0.00557299,0.000504169
1.075,0.0055112,0.000509727
1.076,0.00545003,0.000515223
1.077,0.00538948,0.000520658
1.078,0.00532955,0.000526032
1.079,0.00527024,0.000531347
1.08,0.00521155,0.000536603
1.081,0.00515347,0.0005418
1.082,0.005096,0.000546939
1.083,0.00503915,0.000552021
1.084,0.0049829,0.000557046
1.085,0.00492725,0.000562016
1.086,0.0048722,0.000566929
1.087,0.00481774,0.000571788
1.088,0.00476387,0.000576592
1.089,0.00471059,0.000581343
1.09,0.00465789,0.00058604
1.091,0.00460576,0.000590685
1.092,0.00455421,0.000595278
1.093,0.00450321,0.00059982
1.094,0.00445278,0.000604311
1.095,0.00440291,0.000608751
1.096,0.00435358,0.000613142
1.097,0.0043048,0.000617483
1.098,0.00425656,0.000621776
1.099,0.00420885,0.000626021
1.1,0.00416167,0.000630218
1.101,0.00411501,0.000634368
1.102,0.00406888,0.000638472
1.103,0.00402325,0.000642529
1.104,0.00397814,0.000646541
1.105,0.00393352,0.000650508
1.106,0.0038894,0.000654431
1.107,0.00384578,0.000658309
1.108,0.00380264,0.000662145
1.109,0.00375998,0.000665937
1.11,0.0037178,0.000669686
1.111,0.00367609,0.000673394
1.112,0.00363485,0.000677059
1.113,0.00359407,0.000680684
1.114,0.00355374,0.000684268
1.115,0.00351386,0.000687812
1.116,0.00347444,0.000691316
1.117,0.00343545,0.000694781
1.118,0.0033969,0.000698207
1.119,0.00335878,0.000701594
1.12,0.00332109,0.000704944
1.121,0.00328381,0.000708256
1.122,0.00324696,0.00071153
1.123,0.00321052,0.000714768
1.124,0.00317449,0.00071797
1.125,0.00313886,0.000721135
1.126,0.00310364,0.000724266
1.127,0.0030688,0.000727361
1.128,0.00303436,0.000730421
1.129,0.0030003,0.000733447
1.13,0.00296663,0.000736439
1.131,0.00293333,0.000739397
1.132,0.00290041,0.000742322
1.133,0.00286786,0.000745215
1.134,0.00283567,0.000748074
1.135,0.00280384,0.000750902
1.136,0.00277237,0.000753698
1.137,0.00274125,0.000756463
1.138,0.00271048,0.000759197
1.139,0.00268006,0.000761899
1.14,0.00264998,0.000764572
1.141,0.00262023,0.000767215
1.142,0.00259082,0.000769828
1.143,0.00256174,0.000772411
1.144,0.00253299,0.000774966
1.145,0.00250456,0.000777492
1.146,0.00247645,0.000779989
1.147,0.00244865,0.000782459
1.148,0.00242116,0.000784901
1.149,0.00239399,0.000787315
1.15,0.00236712,0.000789703
1.151,0.00234055,0.000792063
1.152,0.00231427,0.000794397
1.153,0.0022883,0.000796705
1.154,0.00226261,0.000798987
1.155,0.00223722,0.000801243
1.156,0.0022121,0.000803474
1.157,0.00218727,0.00080568
1.158,0.00216272,0.000807861
1.159,0.00213845,0.000810018
1.16,0.00211444,0.00081215
1.161,0.00209071,0.000814259
1.162,0.00206724,0.000816344
1.163,0.00204404,0.000818405
1.164,0.00202109,0.000820444
1.165,0.00199841,0.000822459
1.166,0.00197598,0.000824452
1.167,0.0019538,0.000826423
1.168,0.00193187,0.000828371
1.169,0.00191018,0.000830297
1.17,0.00188874,0.000832202
1.171,0.00186754,0.000834086
1.172,0.00184658,0.000835948
1.173,0.00182585,0.00083779
1.174,0.00180536,0.00083961
1.175,0.00178509,0.000841411
1.176,0.00176505,0.000843191
1.177,0.00174524,0.000844951
1.178,0.00172565,0.000846691
1.179,0.00170628,0.000848412
1.18,0.00168713,0.000850114
1.181,0.00166819,0.000851796
1.182,0.00164947,0.00085346
1.183,0.00163095,0.000855105
1.184,0.00161264,0.000856731
1.185,0.00159454,0.000858339
1.186,0.00157664,0.000859929
1.187,0.00155895,0.000861501
1.188,0.00154145,0.000863056
1.189,0.00152415,0.000864593
1.19,0.00150704,0.000866113
1.191,0.00149012,0.000867616
1.192,0.0014734,0.000869102
1.193,0.00145686,0.000870571
1.194,0.0014405,0.000872024
1.195,0.00142434,0.000873461
1.196,0.00140835,0.000874881
1.197,0.00139254,0.000876285
1.198,0.00137691,0.000877674
1.199,0.00136145,0.000879047
1.2,0.00134617,0.000880405
1.201,0.00133106,0.000881747
1.202,0.00131612,0.000883075
1.203,0.00130135,0.000884387
1.204,0.00128674,0.000885685
1.205,0.0012723,0.000886968
1.206,0.00125801,0.000888237
1.207,0.00124389,0.000889491
1.208,0.00122993,0.000890732
1.209,0.00121613,0.000891958
1.21,0.00120248,0.000893171
1.211,0.00118898,0.00089437
1.212,0.00117563,0.000895556
1.213,0.00116244,0.000896728
1.214,0.00114939,0.000897887
1.215,0.00113649,0.000899033
1.216,0.00112373,0.000900167
1.217,0.00111112,0.000901287
1.218,0.00109864,0.000902395
1.219,0.00108631,0.000903491
1.22,0.00107412,0.000904574
1.221,0.00106206,0.000905645
1.222,0.00105014,0.000906704
1.223,0.00103835,0.000907752
1.224,0.0010267,0.000908787
1.225,0.00101517,0.000909811
1.226,0.00100378,0.000910823
1.227,0.000992511,0.000911824
1.228,0.00098137,0.000912814
1.229,0.000970355,0.000913793
1.23,0.000959463,0.00091476
1.231,0.000948693,0.000915717
1.232,0.000938044,0.000916663
1.233,0.000927515,0.000917599
1.234,0.000917104,0.000918524
1.235,0.000906809,0.000919438
1.236,0.000896631,0.000920342
1.237,0.000886566,0.000921237
1.238,0.000876615,0.000922121
1.239,0.000866775,0.000922995
1.24,0.000857046,0.000923859
1.241,0.000847426,0.000924714
1.242,0.000837913,0.000925559
1.243,0.000828508,0.000926394
1.244,0.000819208,0.000927221
1.245,0.000810013,0.000928038
1.246,0.000800921,0.000928845
1.247,0.000791931,0.000929644
1.248,0.000783041,0.000930434
1.249,0.000774252,0.000931215
1.25,0.000765561,0.000931987
1.251,0.000756968,0.00093275
1.252,0.000748471,0.000933505
1.253,0.00074007,0.000934251
1.254,0.000731763,0.000934989
1.255,0.000723549,0.000935719
1.256,0.000715427,0.000936441
1.257,0.000707397,0.000937154
1.258,0.000699456,0.00093786
1.259,0.000691605,0.000938557
1.26,0.000683842,0.000939247
1.261,0.000676166,0.000939929
1.262,0.000668576,0.000940603
1.263,0.000661072,0.00094127
1.264,0.000653651,0.000941929
1.265,0.000646314,0.000942581
1.266,0.00063906,0.000943225
1.267,0.000631886,0.000943863
1.268,0.000624794,0.000944493
1.269,0.000617781,0.000945116
1.27,0.000610846,0.000945732
1.271,0.00060399,0.000946341
1.272,0.00059721,0.000946943
1.273,0.000590506,0.000947539
1.274,0.000583878,0.000948128
1.275,0.000577324,0.00094871
1.276,0.000570844,0.000949286
1.277,0.000564436,0.000949855
1.278,0.000558101,0.000950418
1.279,0.000551836,0.000950974
1.28,0.000545642,0.000951525
1.281,0.000539517,0.000952069
1.282,0.000533461,0.000952607
1.283,0.000527473,0.000953139
1.284,0.000521553,0.000953665
1.285,0.000515698,0.000954185
1.286,0.00050991,0.000954699
1.287,0.000504186,0.000955208
1.288,0.000498527,0.00095571
1.289,0.000492931,0.000956207
1.29,0.000487398,0.000956699
1.291,0.000481927,0.000957185
1.292,0.000476518,0.000957666
1.293,0.000471169,0.000958141
1.294,0.00046588,0.000958611
1.295,0.000460651,0.000959075
1.296,0.00045548,0.000959535
1.297,0.000450367,0.000959989
1.298,0.000445312,0.000960438
1.299,0.000440314,0.000960882
1.3,0.000435371,0.000961321
1.301,0.000430484,0.000961755
1.302,0.000425652,0.000962185
1.303,0.000420874,0.000962609
1.304,0.00041615,0.000963029
1.305,0.000411479,0.000963444
1.306,0.00040686,0.000963854
1.307,0.000402293,0.00096426
1.308,0.000397778,0.000964661
1.309,0.000393313,0.000965058
1.31,0.000388898,0.00096545
1.311,0.000384533,0.000965838
1.312,0.000380216,0.000966221
1.313,0.000375948,0.0009666
1.314,0.000371729,0.000966975
1.315,0.000367556,0.000967346
1.316,0.00036343,0.000967712
1.317,0.000359351,0.000968075
1.318,0.000355317,0.000968433
1.319,0.000351329,0.000968788
1.32,0.000347385,0.000969138
1.321,0.000343486,0.000969484
1.322,0.000339631,0.000969827
1.323,0.000335818,0.000970166
1.324,0.000332049,0.0009705
1.325,0.000328322,0.000970832
1.326,0.000324636,0.000971159
1.327,0.000320992,0.000971483
1.328,0.000317389,0.000971803
1.329,0.000313827,0.000972119
1.33,0.000310304,0.000972432
1.331,0.000306821,0.000972742
1.332,0.000303377,0.000973048
1.333,0.000299972,0.00097335
1.334,0.000296605,0.000973649
1.335,0.000293275,0.000973945
1.336,0.000289983,0.000974238
1.337,0.000286728,0.000974527
1.338,0.00028351,0.000974813
1.339,0.000280328,0.000975095
1.34,0.000277181,0.000975375
1.341,0.00027407,0.000975651
1.342,0.000270993,0.000975925
1.343,0.000267951,0.000976195
1.344,0.000264944,0.000976462
1.345,0.00026197,0.000976726
1.346,0.000259029,0.000976988
1.347,0.000256122,0.000977246
1.348,0.000253247,0.000977501
1.349,0.000250404,0.000977754
1.35,0.000247594,0.000978004
1.351,0.000244814,0.00097825
1.352,0.000242066,0.000978495
1.353,0.000239349,0.000978736
1.354,0.000236663,0.000978975
1.355,0.000234006,0.000979211
1.356,0.00023138,0.000979444
1.357,0.000228782,0.000979675
1.358,0.000226214,0.000979903
1.359,0.000223675,0.000980128
1.36,0.000221164,0.000980352
1.361,0.000218682,0.000980572
1.362,0.000216227,0.00098079
1.363,0.0002138,0.000981006
1.364,0.0002114,0.000981219
1.365,0.000209027,0.00098143
1.366,0.000206681,0.000981638
1.367,0.000204361,0.000981844
1.368,0.000202067,0.000982048
1.369,0.000199799,0.00098225
1.37,0.000197556,0.000982449
1.371,0.000195339,0.000982646
1.372,0.000193146,0.000982841
1.373,0.000190978,0.000983033
1.374,0.000188835,0.000983224
1.375,0.000186715,0.000983412
1.376,0.000184619,0.000983598
1.377,0.000182547,0.000983782
1.378,0.000180498,0.000983964
1.379,0.000178472,0.000984144
1.38,0.000176468,0.000984322
1.381,0.000174488,0.000984498
1.382,0.000172529,0.000984672
1.383,0.000170593,0.000984844
1.384,0.000168678,0.000985015
1.385,0.000166784,0.000985183
1.386,0.000164912,0.000985349
1.387,0.000163061,0.000985513
1.388,0.000161231,0.000985676
1.389,0.000159421,0.000985837
1.39,0.000157632,0.000985996
1.391,0.000155862,0.000986153
1.392,0.000154113,0.000986308
1.393,0.000152383,0.000986462
1.394,0.000150672,0.000986614
1.395,0.000148981,0.000986764
1.396,0.000147309,0.000986913
1.397,0.000145655,0.00098706
1.398,0.00014402,0.000987205
1.399,0.000142404,0.000987349
1.4,0.000140805,0.000987491
1.401,0.000139225,0.000987631
1.402,0.000137662,0.00098777
1.403,0.000136117,0.000987907
1.404,0.000134589,0.000988043
1.405,0.000133078,0.000988177
1.406,0.000131584,0.00098831
1.407,0.000130107,0.000988441
1.408,0.000128647,0.000988571
1.409,0.000127203,0.000988699
1.41,0.000125775,0.000988826
1.411,0.000124363,0.000988951
1.412,0.000122967,0.000989075
1.413,0.000121587,0.000989198
1.414,0.000120222,0.000989319
1.415,0.000118873,0.000989439
1.416,0.000117539,0.000989558
1.417,0.000116219,0.000989675
1.418,0.000114915,0.000989791
1.419,0.000113625,0.000989905
1.42,0.000112349,0.000990019
1.421,0.000111088,0.000990131
1.422,0.000109841,0.000990242
1.423,0.000108608,0.000990351
1.424,0.000107389,0.000990459
1.425,0.000106184,0.000990567
1.426,0.000104992,0.000990672
1.427,0.000103814,0.000990777
1.428,0.000102648,0.000990881
1.429,0.000101496,0.000990983
1.43,0.000100357,0.000991084
1.431,9.92303e-05,0.000991184
1.432,9.81165e-05,0.000991283
1.433,9.70152e-05,0.000991381
1.434,9.59262e-05,0.000991478
1.435,9.48495e-05,0.000991573
1.436,9.37848e-05,0.000991668
1.437,9.27321e-05,0.000991762
1.438,9.16912e-05,0.000991854
1.439,9.0662e-05,0.000991945
1.44,8.96443e-05,0.000992036
1.441,8.86381e-05,0.000992125
1.442,8.76432e-05,0.000992214
1.443,8.66594e-05,0.000992301
1.444,8.56867e-05,0.000992388
1.445,8.47248e-05,0.000992473
1.446,8.37738e-05,0.000992557
1.447,8.28335e-05,0.000992641
1.448,8.19037e-05,0.000992724
1.449,8.09844e-05,0.000992805
1.45,8.00753e-05,0.000992886
1.451,7.91765e-05,0.000992966
1.452,7.82878e-05,0.000993045
1.453,7.7409e-05,0.000993123
1.454,7.65401e-05,0.0009932
1.455,7.5681e-05,0.000993276
1.456,7.48315e-05,0.000993352
1.457,7.39915e-05,0.000993427
1.458,7.3161e-05,0.0009935
1.459,7.23398e-05,0.000993573
1.46,7.15278e-05,0.000993645
1.461,7.07249e-05,0.000993717
1.462,6.9931e-05,0.000993787
1.463,6.91461e-05,0.000993857
1.464,6.83699e-05,0.000993926
1.465,6.76025e-05,0.000993994
1.466,6.68437e-05,0.000994062
1.467,6.60934e-05,0.000994128
1.468,6.53515e-05,0.000994194
1.469,6.46179e-05,0.000994259
1.47,6.38926e-05,0.000994324
1.471,6.31754e-05,0.000994387
1.472,6.24663e-05,0.00099445
1.473,6.17651e-05,0.000994513
1.474,6.10718e-05,0.000994574
1.475,6.03863e-05,0.000994635
1.476,5.97085e-05,0.000994695
1.477,5.90383e-05,0.000994755
1.478,5.83756e-05,0.000994814
1.479,5.77204e-05,0.000994872
1.48,5.70725e-05,0.00099493
1.481,5.64318e-05,0.000994987
1.482,5.57984e-05,0.000995043
1.483,5.51721e-05,0.000995098
1.484,5.45528e-05,0.000995153
1.485,5.39405e-05,0.000995208
1.486,5.3335e-05,0.000995262
1.487,5.27363e-05,0.000995315
1.488,5.21444e-05,0.000995367
1.489,5.15591e-05,0.000995419
1.49,5.09803e-05,0.000995471
1.491,5.04081e-05,0.000995522
1.492,4.98423e-05,0.000995572
1.493,4.92828e-05,0.000995622
1.494,4.87296e-05,0.000995671
1.495,4.81826e-05,0.000995719
1.496,4.76418e-05,0.000995767
1.497,4.7107e-05,0.000995815
1.498,4.65783e-05,0.000995862
1.499,4.60554e-05,0.000995908
1.5,4.55385e-05,0.000995954
1.501,4.50273e-05,0.000996
1.502,4.45219e-05,0.000996045
1.503,4.40222e-05,0.000996089
1.504,4.3528e-05,0.000996133
1.505,4.30394e-05,0.000996176
1.506,4.25563e-05,0.000996219
1.507,4.20786e-05,0.000996262
1.508,4.16063e-05,0.000996304
1.509,4.11393e-05,0.000996345
1.51,4.06775e-05,0.000996386
1.511,4.02209e-05,0.000996427
1.512,3.97695e-05,0.000996467
1.513,3.93231e-05,0.000996506
1.514,3.88817e-05,0.000996546
1.515,3.84452e-05,0.000996584
1.516,3.80137e-05,0.000996623
1.517,3.7587e-05,0.000996661
1.518,3.71651e-05,0.000996698
1.519,3.67479e-05,0.000996735
1.52,3.63354e-05,0.000996772
1.521,3.59276e-05,0.000996808
1.522,3.55243e-05,0.000996844
1.523,3.51256e-05,0.000996879
1.524,3.47313e-05,0.000996914
1.525,3.43414e-05,0.000996949
1.526,3.3956e-05,0.000996983
1.527,3.35748e-05,0.000997017
1.528,3.31979e-05,0.000997051
1.529,3.28253e-05,0.000997084
1.53,3.24568e-05,0.000997116
1.531,3.20925e-05,0.000997149
1.532,3.17323e-05,0.000997181
1.533,3.13761e-05,0.000997213
1.534,3.10239e-05,0.000997244
1.535,3.06757e-05,0.000997275
1.536,3.03314e-05,0.000997305
1.537,2.99909e-05,0.000997336
1.538,2.96543e-05,0.000997365
1.539,2.93214e-05,0.000997395
1.54,2.89923e-05,0.000997424
1.541,2.86668e-05,0.000997453
1.542,2.83451e-05,0.000997482
1.543,2.80269e-05,0.00099751
1.544,2.77123e-05,0.000997538
1.545,2.74012e-05,0.000997566
1.546,2.70937e-05,0.000997593
1.547,2.67896e-05,0.00099762
1.548,2.64888e-05,0.000997647
1.549,2.61915e-05,0.000997673
1.55,2.58975e-05,0.000997699
1.551,2.56068e-05,0.000997725
1.552,2.53194e-05,0.000997751
1.553,2.50352e-05,0.000997776
1.554,2.47542e-05,0.000997801
1.555,2.44763e-05,0.000997825
1.556,2.42016e-05,0.00099785
1.557,2.39299e-05,0.000997874
1.558,2.36613e-05,0.000997898
1.559,2.33957e-05,0.000997921
1.56,2.31331e-05,0.000997945
1.561,2.28735e-05,0.000997968
1.562,2.26167e-05,0.000997991
1.563,2.23628e-05,0.000998013
1.564,2.21118e-05,0.000998036
1.565,2.18636e-05,0.000998058
1.566,2.16182e-05,0.000998079
1.567,2.13756e-05,0.000998101
1.568,2.11356e-05,0.000998122
1.569,2.08984e-05,0.000998143
1.57,2.06638e-05,0.000998164
1.571,2.04318e-05,0.000998185
1.572,2.02025e-05,0.000998205
1.573,1.99757e-05,0.000998225
1.574,1.97515e-05,0.000998245
1.575,1.95298e-05,0.000998265
1.576,1.93106e-05,0.000998284
1.577,1.90938e-05,0.000998304
1.578,1.88795e-05,0.000998323
1.579,1.86676e-05,0.000998342
1.58,1.84581e-05,0.00099836
1.581,1.82509e-05,0.000998379
1.582,1.8046e-05,0.000998397
1.583,1.78434e-05,0.000998415
1.584,1.76432e-05,0.000998433
1.585,1.74451e-05,0.00099845
1.586,1.72493e-05,0.000998468
1.587,1.70557e-05,0.000998485
1.588,1.68642e-05,0.000998502
1.589,1.66749e-05,0.000998519
1.59,1.64878e-05,0.000998535
1.591,1.63027e-05,0.000998552
1.592,1.61197e-05,0.000998568
1.593,1.59388e-05,0.000998584
1.594,1.57599e-05,0.0009986
1.595,1.5583e-05,0.000998616
1.596,1.5408e-05,0.000998631
1.597,1.52351e-05,0.000998646
1.598,1.50641e-05,0.000998662
1.599,1.4895e-05,0.000998677
1.6,1.47278e-05,0.000998692
1.601,1.45625e-05,0.000998706
1.602,1.4399e-05,0.000998721
1.603,1.42374e-05,0.000998735
1.604,1.40776e-05,0.000998749
1.605,1.39196e-05,0.000998763
1.606,1.37633e-05,0.000998777
1.607,1.36088e-05,0.000998791
1.608,1.34561e-05,0.000998805
1.609,1.3305e-05,0.000998818
1.61,1.31557e-05,0.000998831
1.611,1.3008e-05,0.000998844
1.612,1.2862e-05,0.000998857
1.613,1.27176e-05,0.00099887
1.614,1.25749e-05,0.000998883
1.615,1.24337e-05,0.000998895
1.616,1.22942e-05,0.000998908
1.617,1.21562e-05,0.00099892
1.618,1.20197e-05,0.000998932
1.619,1.18848e-05,0.000998944
1.62,1.17514e-05,0.000998956
1.621,1.16195e-05,0.000998968
1.622,1.14891e-05,0.000998979
1.623,1.13601e-05,0.000998991
1.624,1.12326e-05,0.000999002
1.625,1.11065e-05,0.000999013
1.626,1.09818e-05,0.000999024
1.627,1.08586e-05,0.000999035
1.628,1.07367e-05,0.000999046
1.629,1.06162e-05,0.000999057
1.63,1.0497e-05,0.000999067
1.631,1.03792e-05,0.000999078
1.632,1.02627e-05,0.000999088
1.633,1.01475e-05,0.000999098
1.634,1.00336e-05,0.000999109
1.635,9.92096e-06,0.000999119
1.636,9.8096e-06,0.000999129
1.637,9.69949e-06,0.000999138
1.638,9.59062e-06,0.000999148
1.639,9.48296e-06,0.000999158
1.64,9.37652e-06,0.000999167
1.641,9.27127e-06,0.000999176
1.642,9.1672e-06,0.000999186
1.643,9.0643e-06,0.000999195
1.644,8.96256e-06,0.000999204
1.645,8.86196e-06,0.000999213
1.646,8.76248e-06,0.000999222
1.647,8.66413e-06,0.00099923
1.648,8.56688e-06,0.000999239
1.649,8.47071e-06,0.000999247
1.65,8.37563e-06,0.000999256
1.651,8.28162e-06,0.000999264
1.652,8.18866e-06,0.000999273
1.653,8.09674e-06,0.000999281
1.654,8.00586e-06,0.000999289
1.655,7.916e-06,0.000999297
1.656,7.82714e-06,0.000999305
1.657,7.73928e-06,0.000999312
1.658,7.65241e-06,0.00099932
1.659,7.56652e-06,0.000999328
1.66,7.48158e-06,0.000999335
1.661,7.39761e-06,0.000999343
1.662,7.31457e-06,0.00099935
1.663,7.23247e-06,0.000999357
1.664,7.15128e-06,0.000999365
1.665,7.07101e-06,0.000999372
1.666,6.99164e-06,0.000999379
1.667,6.91316e-06,0.000999386
1.668,6.83556e-06,0.000999393
1.669,6.75884e-06,0.0009994
1.67,6.68297e-06,0.000999406
1.671,6.60796e-06,0.000999413
1.672,6.53378e-06,0.00099942
1.673,6.46044e-06,0.000999426
1.674,6.38793e-06,0.000999432
1.675,6.31622e-06,0.000999439
1.676,6.24533e-06,0.000999445
1.677,6.17522e-06,0.000999451
1.678,6.10591e-06,0.000999458
1.679,6.03737e-06,0.000999464
1.68,5.9696e-06,0.00099947
1.681,5.9026e-06,0.000999476
1.682,5.83634e-06,0.000999481
1.683,5.77083e-06,0.000999487
1.684,5.70605e-06,0.000999493
1.685,5.642e-06,0.000999499
1.686,5.57867e-06,0.000999504
1.687,5.51606e-06,0.00099951
1.688,5.45414e-06,0.000999515
1.689,5.39292e-06,0.000999521
1.69,5.33238e-06,0.000999526
1.691,5.27253e-06,0.000999532
1.692,5.21335e-06,0.000999537
1.693,5.15483e-06,0.000999542
1.694,5.09697e-06,0.000999547
1.695,5.03975e-06,0.000999552
1.696,4.98318e-06,0.000999557
1.697,4.92725e-06,0.000999562
1.698,4.87194e-06,0.000999567
1.699,4.81726e-06,0.000999572
1.7,4.76318e-06,0.000999577
1.701,4.70972e-06,0.000999582
1.702,4.65685e-06,0.000999586
1.703,4.60458e-06,0.000999591
1.704,4.5529e-06,0.000999596
1.705,4.50179e-06,0.0009996
1.706,4.45126e-06,0.000999605
1.707,4.4013e-06,0.000999609
1.708,4.35189e-06,0.000999613
1.709,4.30304e-06,0.000999618
1.71,4.25474e-06,0.000999622
1.711,4.20698e-06,0.000999626
1.712,4.15976e-06,0.00099963
1.713,4.11307e-06,0.000999635
1.714,4.0669e-06,0.000999639
1.715,4.02125e-06,0.000999643
1.716,3.97611e-06,0.000999647
1.717,3.93148e-06,0.000999651
1.718,3.88735e-06,0.000999655
1.719,3.84372e-06,0.000999659
1.72,3.80057e-06,0.000999662
1.721,3.75791e-06,0.000999666
1.722,3.71573e-06,0.00099967
1.723,3.67402e-06,0.000999674
1.724,3.63278e-06,0.000999677
1.725,3.59201e-06,0.000999681
1.726,3.55169e-06,0.000999684
1.727,3.51182e-06,0.000999688
1.728,3.4724e-06,0.000999692
1.729,3.43343e-06,0.000999695
1.73,3.39489e-06,0.000999698
1.731,3.35678e-06,0.000999702
1.732,3.3191e-06,0.000999705
1.733,3.28184e-06,0.000999708
1.734,3.24501e-06,0.000999712
1.735,3.20858e-06,0.000999715
1.736,3.17257e-06,0.000999718
1.737,3.13696e-06,0.000999721
1.738,3.10174e-06,0.000999724
1.739,3.06693e-06,0.000999728
1.74,3.0325e-06,0.000999731
1.741,2.99846e-06,0.000999734
1.742,2.96481e-06,0.000999737
1.743,2.93153e-06,0.00099974
1.744,2.89862e-06,0.000999742
1.745,2.86609e-06,0.000999745
1.746,2.83391e-06,0.000999748
1.747,2.8021e-06,0.000999751
1.748,2.77065e-06,0.000999754
1.749,2.73955e-06,0.000999757
1.75,2.7088e-06,0.000999759
1.751,2.6784e-06,0.000999762
1.752,2.64833e-06,0.000999765
1.753,2.6186e-06,0.000999767
1.754,2.58921e-06,0.00099977
1.755,2.56015e-06,0.000999773
1.756,2.53141e-06,0.000999775
1.757,2.503e-06,0.000999778
1.758,2.4749e-06,0.00099978
1.759,2.44712e-06,0.000999783
1.76,2.41965e-06,0.000999785
1.761,2.39249e-06,0.000999787
1.762,2.36564e-06,0.00099979
1.763,2.33908e-06,0.000999792
1.764,2.31283e-06,0.000999795
1.765,2.28687e-06,0.000999797
1.766,2.2612e-06,0.000999799
1.767,2.23582e-06,0.000999801
1.768,2.21072e-06,0.000999804
1.769,2.18591e-06,0.000999806
1.77,2.16137e-06,0.000999808
1.771,2.13711e-06,0.00099981
1.772,2.11312e-06,0.000999812
1.773,2.0894e-06,0.000999814
1.774,2.06595e-06,0.000999816
1.775,2.04276e-06,0.000999819
1.776,2.01983e-06,0.000999821
1.777,1.99716e-06,0.000999823
1.778,1.97474e-06,0.000999825
1.779,1.95257e-06,0.000999827
1.78,1.93066e-06,0.000999828
1.781,1.90898e-06,0.00099983
1.782,1.88756e-06,0.000999832
1.783,1.86637e-06,0.000999834
1.784,1.84542e-06,0.000999836
1.785,1.82471e-06,0.000999838
1.786,1.80422e-06,0.00099984
1.787,1.78397e-06,0.000999842
1.788,1.76395e-06,0.000999843
1.789,1.74415e-06,0.000999845
1.79,1.72457e-06,0.000999847
1.791,1.70521e-06,0.000999849
1.792,1.68607e-06,0.00099985
1.793,1.66715e-06,0.000999852
1.794,1.64843e-06,0.000999854
1.795,1.62993e-06,0.000999855
1.796,1.61163e-06,0.000999857
1.797,1.59354e-06,0.000999858
1.798,1.57566e-06,0.00099986
1.799,1.55797e-06,0.000999862
1.8,1.54048e-06,0.000999863
1.801,1.52319e-06,0.000999865
1.802,1.50609e-06,0.000999866
1.803,1.48919e-06,0.000999868
1.804,1.47247e-06,0.000999869
1.805,1.45594e-06,0.000999871
1.806,1.4396e-06,0.000999872
1.807,1.42344e-06,0.000999874
1.808,1.40746e-06,0.000999875
1.809,1.39167e-06,0.000999876
1.81,1.37605e-06,0.000999878
1.811,1.3606e-06,0.000999879
1.812,1.34533e-06,0.00099988
1.813,1.33023e-06,0.000999882
1.814,1.31529e-06,0.000999883
1.815,1.30053e-06,0.000999884
1.816,1.28593e-06,0.000999886
1.817,1.2715e-06,0.000999887
1.818,1.25723e-06,0.000999888
1.819,1.24311e-06,0.00099989
1.82,1.22916e-06,0.000999891
1.821,1.21536e-06,0.000999892
1.822,1.20172e-06,0.000999893
1.823,1.18823e-06,0.000999894
1.824,1.17489e-06,0.000999896
1.825,1.16171e-06,0.000999897
1.826,1.14867e-06,0.000999898
1.827,1.13577e-06,0.000999899
1.828,1.12302e-06,0.0009999
1.829,1.11042e-06,0.000999901
1.83,1.09796e-06,0.000999902
1.831,1.08563e-06,0.000999904
1.832,1.07344e-06,0.000999905
1.833,1.0614e-06,0.000999906
1.834,1.04948e-06,0.000999907
1.835,1.0377e-06,0.000999908
1.836,1.02605e-06,0.000999909
1.837,1.01454e-06,0.00099991
1.838,1.00315e-06,0.000999911
1.839,9.91889e-07,0.000999912
1.84,9.80755e-07,0.000999913
1.841,9.69746e-07,0.000999914
1.842,9.58861e-07,0.000999915
1.843,9.48098e-07,0.000999916
1.844,9.37456e-07,0.000999917
1.845,9.26933e-07,0.000999918
1.846,9.16529e-07,0.000999919
1.847,9.06241e-07,0.000999919
1.848,8.96069e-07,0.00099992
1.849,8.86011e-07,0.000999921
1.85,8.76065e-07,0.000999922
1.851,8.66232e-07,0.000999923
1.852,8.56509e-07,0.000999924
1.853,8.46894e-07,0.000999925
1.854,8.37388e-07,0.000999926
1.855,8.27989e-07,0.000999926
1.856,8.18695e-07,0.000999927
1.857,8.09505e-07,0.000999928
1.858,8.00419e-07,0.000999929
1.859,7.91434e-07,0.00099993
1.86,7.82551e-07,0.00099993
1.861,7.73767e-07,0.000999931
1.862,7.65081e-07,0.000999932
1.863,7.56494e-07,0.000999933
1.864,7.48002e-07,0.000999934
1.865,7.39606e-07,0.000999934
1.866,7.31304e-07,0.000999935
1.867,7.23095e-07,0.000999936
1.868,7.14979e-07,0.000999936
1.869,7.06953e-07,0.000999937
1.87,6.99018e-07,0.000999938
1.871,6.91172e-07,0.000999939
1.872,6.83414e-07,0.000999939
1.873,6.75742e-07,0.00099994
1.874,6.68157e-07,0.000999941
1.875,6.60657e-07,0.000999941
1.876,6.53242e-07,0.000999942
1.877,6.45909e-07,0.000999943
1.878,6.38659e-07,0.000999943
1.879,6.3149e-07,0.000999944
1.88,6.24402e-07,0.000999945
1.881,6.17393e-07,0.000999945
1.882,6.10463e-07,0.000999946
1.883,6.03611e-07,0.000999946
1.884,5.96836e-07,0.000999947
1.885,5.90136e-07,0.000999948
1.886,5.83512e-07,0.000999948
1.887,5.76962e-07,0.000999949
1.888,5.70486e-07,0.000999949
1.889,5.64083e-07,0.00099995
1.89,5.57751e-07,0.00099995
1.891,5.5149e-07,0.000999951
1.892,5.453e-07,0.000999952
1.893,5.39179e-07,0.000999952
1.894,5.33127e-07,0.000999953
1.895,5.27143e-07,0.000999953
1.896,5.21226e-07,0.000999954
1.897,5.15375e-07,0.000999954
1.898,5.0959e-07,0.000999955
1.899,5.0387e-07,0.000999955
1.9,4.98214e-07,0.000999956
1.901,4.92622e-07,0.000999956
1.902,4.87092e-07,0.000999957
1.903,4.81625e-07,0.000999957
1.904,4.76219e-07,0.000999958
1.905,4.70873e-07,0.000999958
1.906,4.65588e-07,0.000999959
1.907,4.60362e-07,0.000999959
1.908,4.55194e-07,0.00099996
1.909,4.50085e-07,0.00099996
1.91,4.45033e-07,0.00099996
1.911,4.40038e-07,0.000999961
1.912,4.35098e-07,0.000999961
1.913,4.30214e-07,0.000999962
1.914,4.25385e-07,0.000999962
1.915,4.20611e-07,0.000999963
1.916,4.15889e-07,0.000999963
1.917,4.11221e-07,0.000999963
1.918,4.06605e-07,0.000999964
1.919,4.02041e-07,0.000999964
1.92,3.97528e-07,0.000999965
1.921,3.93066e-07,0.000999965
1.922,3.88654e-07,0.000999965
1.923,3.84292e-07,0.000999966
1.924,3.79978e-07,0.000999966
1.925,3.75713e-07,0.000999967
1.926,3.71496e-07,0.000999967
1.927,3.67326e-07,0.000999967
1.928,3.63203e-07,0.000999968
1.929,3.59126e-07,0.000999968
1.93,3.55095e-07,0.000999968
1.931,3.51109e-07,0.000999969
1.932,3.47168e-07,0.000999969
1.933,3.43271e-07,0.00099997
1.934,3.39418e-07,0.00099997
1.935,3.35608e-07,0.00099997
1.936,3.31841e-07,0.000999971
1.937,3.28116e-07,0.000999971
1.938,3.24433e-07,0.000999971
1.939,3.20791e-07,0.000999972
1.94,3.1719e-07,0.000999972
1.941,3.1363e-07,0.000999972
1.942,3.1011e-07,0.000999972
1.943,3.06629e-07,0.000999973
1.944,3.03187e-07,0.000999973
1.945,2.99784e-07,0.000999973
1.946,2.96419e-07,0.000999974
1.947,2.93091e-07,0.000999974
1.948,2.89802e-07,0.000999974
1.949,2.86549e-07,0.000999975
1.95,2.83332e-07,0.000999975
1.951,2.80152e-07,0.000999975
1.952,2.77007e-07,0.000999975
1.953,2.73898e-07,0.000999976
1.954,2.70823e-07,0.000999976
1.955,2.67784e-07,0.000999976
1.956,2.64778e-07,0.000999976
1.957,2.61806e-07,0.000999977
1.958,2.58867e-07,0.000999977
1.959,2.55961e-07,0.000999977
1.96,2.53088e-07,0.000999978
1.961,2.50247e-07,0.000999978
1.962,2.47438e-07,0.000999978
1.963,2.44661e-07,0.000999978
1.964,2.41915e-07,0.000999979
1.965,2.39199e-07,0.000999979
1.966,2.36514e-07,0.000999979
1.967,2.3386e-07,0.000999979
1.968,2.31234e-07,0.000999979
1.969,2.28639e-07,0.00099998
1.97,2.26073e-07,0.00099998
1.971,2.23535e-07,0.00099998
1.972,2.21026e-07,0.00099998
1.973,2.18545e-07,0.000999981
1.974,2.16092e-07,0.000999981
1.975,2.13666e-07,0.000999981
1.976,2.11268e-07,0.000999981
1.977,2.08896e-07,0.000999981
1.978,2.06552e-07,0.000999982
1.979,2.04233e-07,0.000999982
1.98,2.01941e-07,0.000999982
1.981,1.99674e-07,0.000999982
1.982,1.97433e-07,0.000999982
1.983,1.95217e-07,0.000999983
1.984,1.93025e-07,0.000999983
1.985,1.90859e-07,0.000999983
1.986,1.88716e-07,0.000999983
1.987,1.86598e-07,0.000999983
1.988,1.84503e-07,0.000999984
1.989,1.82432e-07,0.000999984
1.99,1.80385e-07,0.000999984
1.991,1.7836e-07,0.000999984
1.992,1.76358e-07,0.000999984
1.993,1.74378e-07,0.000999985
1.994,1.72421e-07,0.000999985
1.995,1.70486e-07,0.000999985
1.996,1.68572e-07,0.000999985
1.997,1.6668e-07,0.000999985
1.998,1.64809e-07,0.000999985
1.999,1.62959e-07,0.000999986
2,1.6113e-07,0.000999986
