time,Speed_Setpoint,DC_Motor,Control_Signal,Error
0,0,0,0,0
0.01,0,0,0,0
0.02,0,0,0,0
0.03,0,0,0,0
0.04,0,0,0,0
0.05,0,0,0,0
0.06,0,0,0,0
0.07,0,0,0,0
0.08,0,0,0,0
0.09,0,0,0,0
0.1,0,0,0,0
0.11,0,0,0,0
0.12,0,0,0,0
0.13,0,0,0,0
0.14,0,0,0,0
0.15,0,0,0,0
0.16,0,0,0,0
0.17,0,0,0,0
0.18,0,0,0,0
0.19,0,0,0,0
0.2,0,0,0,0
0.21,0,0,0,0
0.22,0,0,0,0
0.23,0,0,0,0
0.24,0,0,0,0
0.25,0,0,0,0
0.26,0,0,0,0
0.27,0,0,0,0
0.28,0,0,0,0
0.29,0,0,0,0
0.3,0,0,0,0
0.31,0,0,0,0
0.32,0,0,0,0
0.33,0,0,0,0
0.34,0,0,0,0
0.35,0,0,0,0
0.36,0,0,0,0
0.37,0,0,0,0
0.38,0,0,0,0
0.39,0,0,0,0
0.4,0,0,0,0
0.41,0,0,0,0
0.42,0,0,0,0
0.43,0,0,0,0
0.44,0,0,0,0
0.45,0,0,0,0
0.46,0,0,0,0
0.47,0,0,0,0
0.48,0,0,0,0
0.49,0,0,0,0
0.5,0,0,0,0
0.51,0,0,0,0
0.52,0,0,0,0
0.53,0,0,0,0
0.54,0,0,0,0
0.55,0,0,0,0
0.56,0,0,0,0
0.57,0,0,0,0
0.58,0,0,0,0
0.59,0,0,0,0
0.6,0,0,0,0
0.61,0,0,0,0
0.62,0,0,0,0
0.63,0,0,0,0
0.64,0,0,0,0
0.65,0,0,0,0
0.66,0,0,0,0
0.67,0,0,0,0
0.68,0,0,0,0
0.69,0,0,0,0
0.7,0,0,0,0
0.71,0,0,0,0
0.72,0,0,0,0
0.73,0,0,0,0
0.74,0,0,0,0
0.75,0,0,0,0
0.76,0,0,0,0
0.77,0,0,0,0
0.78,0,0,0,0
0.79,0,0,0,0
0.8,0,0,0,0
0.81,0,0,0,0
0.82,0,0,0,0
0.83,0,0,0,0
0.84,0,0,0,0
0.85,0,0,0,0
0.86,0,0,0,0
0.87,0,0,0,0
0.88,0,0,0,0
0.89,0,0,0,0
0.9,0,0,0,0
0.91,0,0,0,0
0.92,0,0,0,0
0.93,0,0,0,0
0.94,0,0,0,0
0.95,0,0,0,0
0.96,0,0,0,0
0.97,0,0,0,0
0.98,0,0,0,0
0.99,0,0,0,0
1,0,0,0,0
1.01,1,0,1,1
1.02,1,0.09901,1,0.9505
1.03,1,0.196056,1,0.852474
1.04,1,0.291181,1,0.756388
1.05,1,0.384557,0.815816,0.669002
1.06,1,0.433119,0.580198,0.602969
1.07,1,0.483886,0.643481,0.558064
1.08,1,0.534152,0.696378,0.504917
1.09,1,0.573935,0.593857,0.459391
1.1,1,0.614014,0.557089,0.422327
1.11,1,0.650287,0.568584,0.384853
1.12,1,0.68023,0.539594,0.352026
1.13,1,0.709142,0.517792,0.324045
1.14,1,0.735841,0.512341,0.297377
1.15,1,0.758845,0.499,0.273539
1.16,1,0.78014,0.48947,0.252769
1.17,1,0.799782,0.48613,0.233645
1.18,1,0.817263,0.481073,0.216458
1.19,1,0.83327,0.478399,0.201284
1.2,1,0.847978,0.479256,0.187556
1.21,1,0.86129,0.480582,0.175251
1.22,1,0.873495,0.483554,0.164345
1.23,1,0.884732,0.488824,0.154585
1.24,1,0.895025,0.495322,0.145892
1.25,1,0.90452,0.503319,0.138213
1.26,1,0.913322,0.513102,0.131417
1.27,1,0.921481,0.524329,0.125433
1.28,1,0.929087,0.537072,0.120208
1.29,1,0.936215,0.55146,0.115664
1.3,1,0.942917,0.567408,0.111748
1.31,1,0.949254,0.584956,0.108415
1.32,1,0.955283,0.60419,0.105619
1.33,1,0.961049,0.625122,0.10332
1.34,1,0.966597,0.647808,0.101487
1.35,1,0.971971,0.67233,0.100088
1.36,1,0.977208,0.698749,0.0990976
1.37,1,0.982346,0.727146,0.0984947
1.38,1,0.98742,0.757618,0.0982599
1.39,1,0.992461,0.790259,0.0983774
1.4,1,0.997501,0.825177,0.0988344
1.41,1,1.00257,0.862492,0.0996204
1.42,1,1.00769,0.902331,0.100728
1.43,1,1.01291,0.944829,0.102151
1.44,1,1.0159,0.990136,0.103886
1.45,1,1.01559,1,0.106692
1.46,1,1.01395,1,0.110301
1.47,1,1.01123,1,0.113182
1.48,1,1.00851,1,0.115671
1.49,1,1.00619,1,0.117585
1.5,1,1.00435,1,0.119114
1.51,1,1.00286,1,0.12037
1.52,1,1.00163,1,0.121446
1.53,1,1.00057,1,0.122381
1.54,1,0.99966,1,0.123192
1.55,1,0.99887,1,0.123886
1.56,1,0.998194,1,0.124473
1.57,1,0.997623,1,0.124962
1.58,1,0.997147,1,0.125364
1.59,1,0.996756,1,0.125687
1.6,1,0.996441,1,0.125942
1.61,1,0.996192,1,0.126137
1.62,1,0.996002,1,0.126277
1.63,1,0.995865,1,0.12637
1.64,1,0.995774,1,0.126421
1.65,1,0.995724,1,0.126434
1.66,1,0.99571,1,0.126414
1.67,1,0.995729,1,0.126365
1.68,1,0.995776,1,0.12629
1.69,1,0.995849,1,0.126191
1.7,1,0.995943,1,0.126073
1.71,1,0.996058,1,0.125937
1.72,1,0.99619,1,0.125785
1.73,1,0.996337,1,0.125619
1.74,1,0.996498,1,0.125441
1.75,1,0.99667,1,0.125252
1.76,1,0.996853,1,0.125054
1.77,1,0.997045,1,0.124848
1.78,1,0.997245,1,0.124634
1.79,1,0.997452,1,0.124414
1.8,1,0.997665,1,0.124189
1.81,1,0.997884,1,0.12396
1.82,1,0.998106,1,0.123726
1.83,1,0.998333,1,0.123489
1.84,1,0.998563,1,0.123249
1.85,1,0.998796,1,0.123006
1.86,1,0.999031,1,0.122762
1.87,1,0.999268,1,0.122516
1.88,1,0.999507,1,0.122268
1.89,1,0.999747,1,0.12202
1.9,1,0.999989,1,0.12177
1.91,1,1.00023,1,0.12152
1.92,1,1.00047,1,0.12127
1.93,1,1.00072,1,0.121019
1.94,1,1.00096,1,0.120769
1.95,1,1.0012,1,0.120518
1.96,1,1.00145,1,0.120268
1.97,1,1.00169,1,0.120018
1.98,1,1.00193,1,0.119768
1.99,1,1.00217,1,0.119519
2,1,1.00241,1,0.11927
2.01,1,1.00266,1,0.119022
2.02,1,1.0029,1,0.118775
2.03,1,1.00314,1,0.118529
2.04,1,1.00338,1,0.118283
2.05,1,1.00361,1,0.118038
2.06,1,1.00385,1,0.117794
2.07,1,1.00409,1,0.117551
2.08,1,1.00432,1,0.117309
2.09,1,1.00456,1,0.117067
2.1,1,1.00479,1,0.116827
2.11,1,1.00503,1,0.116588
2.12,1,1.00526,1,0.116349
2.13,1,1.00549,1,0.116112
2.14,1,1.00572,1,0.115876
2.15,1,1.00595,1,0.11564
2.16,1,1.00618,1,0.115406
2.17,1,1.00641,1,0.115173
2.18,1,1.00663,1,0.114941
2.19,1,1.00686,1,0.11471
2.2,1,1.00708,1,0.114479
2.21,1,1.00731,1,0.11425
2.22,1,1.00753,1,0.114022
2.23,1,1.00775,1,0.113795
2.24,1,1.00797,1,0.113569
2.25,1,1.00819,1,0.113344
2.26,1,1.00841,1,0.11312
2.27,1,1.00862,1,0.112898
2.28,1,1.00884,1,0.112676
2.29,1,1.00906,1,0.112455
2.3,1,1.00927,1,0.112235
2.31,1,1.00948,1,0.112017
2.32,1,1.00969,1,0.111799
2.33,1,1.00991,1,0.111582
2.34,1,1.01012,1,0.111367
2.35,1,1.01033,1,0.111152
2.36,1,1.01053,1,0.110939
2.37,1,1.01074,1,0.110726
2.38,1,1.01095,1,0.110514
2.39,1,1.01115,1,0.110304
2.4,1,1.01136,1,0.110094
2.41,1,1.01156,1,0.109886
2.42,1,1.01176,1,0.109678
2.43,1,1.01196,1,0.109472
2.44,1,1.01216,1,0.109266
2.45,1,1.01236,1,0.109061
2.46,1,1.01256,1,0.108858
2.47,1,1.01276,1,0.108655
2.48,1,1.01296,1,0.108453
2.49,1,1.01315,1,0.108253
2.5,1,1.01335,1,0.108053
2.51,1,1.01354,1,0.107854
2.52,1,1.01373,1,0.107656
2.53,1,1.01393,1,0.107459
2.54,1,1.01412,1,0.107263
2.55,1,1.01431,1,0.107068
2.56,1,1.0145,1,0.106874
2.57,1,1.01469,1,0.10668
2.58,1,1.01487,1,0.106488
2.59,1,1.01506,1,0.106297
2.6,1,1.01525,1,0.106106
2.61,1,1.01543,1,0.105917
2.62,1,1.01561,1,0.105728
2.63,1,1.0158,1,0.10554
2.64,1,1.01598,1,0.105353
2.65,1,1.01616,1,0.105167
2.66,1,1.01634,1,0.104982
2.67,1,1.01652,1,0.104798
2.68,1,1.0167,1,0.104615
2.69,1,1.01688,1,0.104432
2.7,1,1.01705,1,0.10425
2.71,1,1.01723,1,0.10407
2.72,1,1.01741,1,0.10389
2.73,1,1.01758,1,0.103711
2.74,1,1.01775,1,0.103533
2.75,1,1.01793,1,0.103355
2.76,1,1.0181,1,0.103179
2.77,1,1.01827,1,0.103003
2.78,1,1.01844,1,0.102828
2.79,1,1.01861,1,0.102654
2.8,1,1.01878,1,0.102481
2.81,1,1.01895,1,0.102309
2.82,1,1.01912,1,0.102138
2.83,1,1.01928,1,0.101967
2.84,1,1.01945,1,0.101797
2.85,1,1.01961,1,0.101628
2.86,1,1.01978,1,0.10146
2.87,1,1.01994,1,0.101292
2.88,1,1.0201,1,0.101126
2.89,1,1.02026,1,0.10096
2.9,1,1.02042,1,0.100795
2.91,1,1.02058,1,0.100631
2.92,1,1.02074,1,0.100467
2.93,1,1.0209,1,0.100304
2.94,1,1.02106,1,0.100142
2.95,1,1.02122,1,0.0999813
2.96,1,1.02137,1,0.0998209
2.97,1,1.02153,1,0.0996613
2.98,1,1.02168,1,0.0995024
2.99,1,1.02184,1,0.0993443
3,1,1.02199,1,0.099187
3.01,1,1.02214,1,0.0990304
3.02,1,1.0223,1,0.0988745
3.03,1,1.02245,1,0.0987194
3.04,1,1.0226,1,0.098565
3.05,1,1.02275,1,0.0984114
3.06,1,1.0229,1,0.0982585
3.07,1,1.02305,1,0.0981063
3.08,1,1.02319,1,0.0979549
3.09,1,1.02334,1,0.0978042
3.1,1,1.02349,1,0.0976542
3.11,1,1.02363,1,0.0975049
3.12,1,1.02378,1,0.0973563
3.13,1,1.02392,1,0.0972084
3.14,1,1.02406,1,0.0970613
3.15,1,1.02421,1,0.0969148
3.16,1,1.02435,1,0.0967691
3.17,1,1.02449,1,0.096624
3.18,1,1.02463,1,0.0964796
3.19,1,1.02477,1,0.0963359
3.2,1,1.02491,1,0.0961929
3.21,1,1.02505,1,0.0960506
3.22,1,1.02519,1,0.095909
3.23,1,1.02533,1,0.095768
3.24,1,1.02546,1,0.0956277
3.25,1,1.0256,1,0.0954881
3.26,1,1.02573,1,0.0953491
3.27,1,1.02587,1,0.0952108
3.28,1,1.026,1,0.0950732
3.29,1,1.02614,1,0.0949362
3.3,1,1.02627,1,0.0947999
3.31,1,1.0264,1,0.0946642
3.32,1,1.02653,1,0.0945292
3.33,1,1.02666,1,0.0943948
3.34,1,1.02679,1,0.094261
3.35,1,1.02692,1,0.0941279
3.36,1,1.02705,1,0.0939955
3.37,1,1.02718,1,0.0938636
3.38,1,1.02731,1,0.0937324
3.39,1,1.02744,1,0.0936018
3.4,1,1.02756,1,0.0934719
3.41,1,1.02769,1,0.0933425
3.42,1,1.02782,1,0.0932138
3.43,1,1.02794,1,0.0930857
3.44,1,1.02807,1,0.0929582
3.45,1,1.02819,1,0.0928313
3.46,1,1.02831,1,0.092705
3.47,1,1.02843,1,0.0925793
3.48,1,1.02856,1,0.0924542
3.49,1,1.02868,1,0.0923297
3.5,1,1.0288,1,0.0922058
3.51,1,1.02892,1,0.0920825
3.52,1,1.02904,1,0.0919598
3.53,1,1.02916,1,0.0918377
3.54,1,1.02928,1,0.0917161
3.55,1,1.02939,1,0.0915952
3.56,1,1.02951,1,0.0914748
3.57,1,1.02963,1,0.0913549
3.58,1,1.02974,1,0.0912357
3.59,1,1.02986,1,0.091117
3.6,1,1.02998,1,0.0909989
3.61,1,1.03009,1,0.0908813
3.62,1,1.0302,1,0.0907644
3.63,1,1.03032,1,0.0906479
3.64,1,1.03043,1,0.090532
3.65,1,1.03054,1,0.0904167
3.66,1,1.03066,1,0.0903019
3.67,1,1.03077,1,0.0901877
3.68,1,1.03088,1,0.090074
3.69,1,1.03099,1,0.0899609
3.7,1,1.0311,1,0.0898483
3.71,1,1.03121,1,0.0897362
3.72,1,1.03132,1,0.0896247
3.73,1,1.03142,1,0.0895137
3.74,1,1.03153,1,0.0894032
3.75,1,1.03164,1,0.0892933
3.76,1,1.03175,1,0.0891839
3.77,1,1.03185,1,0.089075
3.78,1,1.03196,1,0.0889666
3.79,1,1.03206,1,0.0888587
3.8,1,1.03217,1,0.0887514
3.81,1,1.03227,1,0.0886446
3.82,1,1.03237,1,0.0885382
3.83,1,1.03248,1,0.0884324
3.84,1,1.03258,1,0.0883271
3.85,1,1.03268,1,0.0882223
3.86,1,1.03278,1,0.088118
3.87,1,1.03289,1,0.0880142
3.88,1,1.03299,1,0.0879109
3.89,1,1.03309,1,0.087808
3.9,1,1.03319,1,0.0877057
3.91,1,1.03329,1,0.0876038
3.92,1,1.03338,1,0.0875025
3.93,1,1.03348,1,0.0874016
3.94,1,1.03358,1,0.0873012
3.95,1,1.03368,1,0.0872013
3.96,1,1.03378,1,0.0871019
3.97,1,1.03387,1,0.0870029
3.98,1,1.03397,1,0.0869044
3.99,1,1.03406,1,0.0868064
4,1,1.03416,1,0.0867088
4.01,1,1.03425,1,0.0866117
4.02,1,1.03435,1,0.0865151
4.03,1,1.03444,1,0.0864189
4.04,1,1.03453,1,0.0863232
4.05,1,1.03463,1,0.0862279
4.06,1,1.03472,1,0.0861331
4.07,1,1.03481,1,0.0860388
4.08,1,1.0349,1,0.0859449
4.09,1,1.03499,1,0.0858515
4.1,1,1.03509,1,0.0857584
4.11,1,1.03518,1,0.0856659
4.12,1,1.03527,1,0.0855738
4.13,1,1.03535,1,0.0854821
4.14,1,1.03544,1,0.0853908
4.15,1,1.03553,1,0.0853
4.16,1,1.03562,1,0.0852097
4.17,1,1.03571,1,0.0851197
4.18,1,1.0358,1,0.0850302
4.19,1,1.03588,1,0.0849411
4.2,1,1.03597,1,0.0848524
4.21,1,1.03605,1,0.0847642
4.22,1,1.03614,1,0.0846764
4.23,1,1.03623,1,0.084589
4.24,1,1.03631,1,0.084502
4.25,1,1.03639,1,0.0844154
4.26,1,1.03648,1,0.0843293
4.27,1,1.03656,1,0.0842435
4.28,1,1.03665,1,0.0841582
4.29,1,1.03673,1,0.0840733
4.3,1,1.03681,1,0.0839887
4.31,1,1.03689,1,0.0839046
4.32,1,1.03697,1,0.0838209
4.33,1,1.03706,1,0.0837376
4.34,1,1.03714,1,0.0836546
4.35,1,1.03722,1,0.0835721
4.36,1,1.0373,1,0.08349
4.37,1,1.03738,1,0.0834082
4.38,1,1.03746,1,0.0833269
4.39,1,1.03754,1,0.0832459
4.4,1,1.03761,1,0.0831653
4.41,1,1.03769,1,0.0830851
4.42,1,1.03777,1,0.0830053
4.43,1,1.03785,1,0.0829259
4.44,1,1.03792,1,0.0828468
4.45,1,1.038,1,0.0827682
4.46,1,1.03808,1,0.0826899
4.47,1,1.03815,1,0.0826119
4.48,1,1.03823,1,0.0825344
4.49,1,1.0383,1,0.0824572
4.5,1,1.03838,1,0.0823804
4.51,1,1.03845,1,0.0823039
4.52,1,1.03853,1,0.0822278
4.53,1,1.0386,1,0.0821521
4.54,1,1.03868,1,0.0820767
4.55,1,1.03875,1,0.0820017
4.56,1,1.03882,1,0.0819271
4.57,1,1.03889,1,0.0818528
4.58,1,1.03897,1,0.0817789
4.59,1,1.03904,1,0.0817053
4.6,1,1.03911,1,0.081632
4.61,1,1.03918,1,0.0815592
4.62,1,1.03925,1,0.0814866
4.63,1,1.03932,1,0.0814144
4.64,1,1.03939,1,0.0813426
4.65,1,1.03946,1,0.0812711
4.66,1,1.03953,1,0.0811999
4.67,1,1.0396,1,0.0811291
4.68,1,1.03967,1,0.0810586
4.69,1,1.03974,1,0.0809885
4.7,1,1.0398,1,0.0809186
4.71,1,1.03987,1,0.0808492
4.72,1,1.03994,1,0.08078
4.73,1,1.04001,1,0.0807112
4.74,1,1.04007,1,0.0806427
4.75,1,1.04014,1,0.0805745
4.76,1,1.04021,1,0.0805067
4.77,1,1.04027,1,0.0804392
4.78,1,1.04034,1,0.080372
4.79,1,1.0404,1,0.0803051
4.8,1,1.04047,1,0.0802385
4.81,1,1.04053,1,0.0801723
4.82,1,1.0406,1,0.0801064
4.83,1,1.04066,1,0.0800408
4.84,1,1.04072,1,0.0799755
4.85,1,1.04079,1,0.0799105
4.86,1,1.04085,1,0.0798458
4.87,1,1.04091,1,0.0797815
4.88,1,1.04098,1,0.0797174
4.89,1,1.04104,1,0.0796536
4.9,1,1.0411,1,0.0795902
4.91,1,1.04116,1,0.079527
4.92,1,1.04122,1,0.0794642
4.93,1,1.04128,1,0.0794017
4.94,1,1.04134,1,0.0793394
4.95,1,1.0414,1,0.0792775
4.96,1,1.04146,1,0.0792158
4.97,1,1.04152,1,0.0791544
4.98,1,1.04158,1,0.0790934
4.99,1,1.04164,1,0.0790326
5,1,1.0417,1,0.0789721
5.01,1,1.04176,1,0.0789119
5.02,1,1.04182,1,0.078852
5.03,1,1.04188,1,0.0787924
5.04,1,1.04194,1,0.078733
5.05,1,1.04199,1,0.078674
5.06,1,1.04205,1,0.0786152
5.07,1,1.04211,1,0.0785567
5.08,1,1.04216,1,0.0784985
5.09,1,1.04222,1,0.0784405
5.1,1,1.04228,1,0.0783829
5.11,1,1.04233,1,0.0783255
5.12,1,1.04239,1,0.0782684
5.13,1,1.04244,1,0.0782115
5.14,1,1.0425,1,0.0781549
5.15,1,1.04255,1,0.0780986
5.16,1,1.04261,1,0.0780426
5.17,1,1.04266,1,0.0779868
5.18,1,1.04272,1,0.0779313
5.19,1,1.04277,1,0.0778761
5.2,1,1.04282,1,0.0778211
5.21,1,1.04288,1,0.0777664
5.22,1,1.04293,1,0.077712
5.23,1,1.04298,1,0.0776578
5.24,1,1.04304,1,0.0776038
5.25,1,1.04309,1,0.0775502
5.26,1,1.04314,1,0.0774967
5.27,1,1.04319,1,0.0774436
5.28,1,1.04324,1,0.0773907
5.29,1,1.0433,1,0.077338
5.3,1,1.04335,1,0.0772856
5.31,1,1.0434,1,0.0772334
5.32,1,1.04345,1,0.0771815
5.33,1,1.0435,1,0.0771299
5.34,1,1.04355,1,0.0770785
5.35,1,1.0436,1,0.0770273
5.36,1,1.04365,1,0.0769764
5.37,1,1.0437,1,0.0769257
5.38,1,1.04375,1,0.0768752
5.39,1,1.0438,1,0.076825
5.4,1,1.04384,1,0.0767751
5.41,1,1.04389,1,0.0767254
5.42,1,1.04394,1,0.0766759
5.43,1,1.04399,1,0.0766266
5.44,1,1.04404,1,0.0765776
5.45,1,1.04408,1,0.0765288
5.46,1,1.04413,1,0.0764803
5.47,1,1.04418,1,0.076432
5.48,1,1.04423,1,0.0763839
5.49,1,1.04427,1,0.076336
5.5,1,1.04432,1,0.0762884
5.51,1,1.04437,1,0.076241
5.52,1,1.04441,1,0.0761938
5.53,1,1.04446,1,0.0761469
5.54,1,1.0445,1,0.0761001
5.55,1,1.04455,1,0.0760536
5.56,1,1.04459,1,0.0760073
5.57,1,1.04464,1,0.0759613
5.58,1,1.04468,1,0.0759154
5.59,1,1.04473,1,0.0758698
5.6,1,1.04477,1,0.0758244
5.61,1,1.04482,1,0.0757792
5.62,1,1.04486,1,0.0757342
5.63,1,1.0449,1,0.0756895
5.64,1,1.04495,1,0.0756449
5.65,1,1.04499,1,0.0756006
5.66,1,1.04503,1,0.0755565
5.67,1,1.04508,1,0.0755126
5.68,1,1.04512,1,0.0754689
5.69,1,1.04516,1,0.0754254
5.7,1,1.0452,1,0.0753821
5.71,1,1.04524,1,0.075339
5.72,1,1.04529,1,0.0752961
5.73,1,1.04533,1,0.0752535
5.74,1,1.04537,1,0.075211
5.75,1,1.04541,1,0.0751687
5.76,1,1.04545,1,0.0751267
5.77,1,1.04549,1,0.0750848
5.78,1,1.04553,1,0.0750431
5.79,1,1.04557,1,0.0750017
5.8,1,1.04561,1,0.0749604
5.81,1,1.04565,1,0.0749193
5.82,1,1.04569,1,0.0748785
5.83,1,1.04573,1,0.0748378
5.84,1,1.04577,1,0.0747973
5.85,1,1.04581,1,0.074757
5.86,1,1.04585,1,0.0747169
5.87,1,1.04589,1,0.074677
5.88,1,1.04593,1,0.0746373
5.89,1,1.04597,1,0.0745978
5.9,1,1.04601,1,0.0745584
5.91,1,1.04604,1,0.0745193
5.92,1,1.04608,1,0.0744803
5.93,1,1.04612,1,0.0744415
5.94,1,1.04616,1,0.0744029
5.95,1,1.04619,1,0.0743645
5.96,1,1.04623,1,0.0743263
5.97,1,1.04627,1,0.0742882
5.98,1,1.04631,1,0.0742504
5.99,1,1.04634,1,0.0742127
6,1,1.04638,1,0.0741752
6.01,1,1.04642,1,0.0741379
6.02,1,1.04645,1,0.0741007
6.03,1,1.04649,1,0.0740637
6.04,1,1.04652,1,0.074027
6.05,1,1.04656,1,0.0739903
6.06,1,1.0466,1,0.0739539
6.07,1,1.04663,1,0.0739176
6.08,1,1.04667,1,0.0738815
6.09,1,1.0467,1,0.0738456
6.1,1,1.04674,1,0.0738098
6.11,1,1.04677,1,0.0737743
6.12,1,1.0468,1,0.0737389
6.13,1,1.04684,1,0.0737036
6.14,1,1.04687,1,0.0736685
6.15,1,1.04691,1,0.0736336
6.16,1,1.04694,1,0.0735989
6.17,1,1.04697,1,0.0735643
6.18,1,1.04701,1,0.0735299
6.19,1,1.04704,1,0.0734956
6.2,1,1.04708,1,0.0734616
6.21,1,1.04711,1,0.0734276
6.22,1,1.04714,1,0.0733939
6.23,1,1.04717,1,0.0733603
6.24,1,1.04721,1,0.0733268
6.25,1,1.04724,1,0.0732936
6.26,1,1.04727,1,0.0732604
6.27,1,1.0473,1,0.0732275
6.28,1,1.04734,1,0.0731947
6.29,1,1.04737,1,0.073162
6.3,1,1.0474,1,0.0731295
6.31,1,1.04743,1,0.0730972
6.32,1,1.04746,1,0.073065
6.33,1,1.04749,1,0.073033
6.34,1,1.04752,1,0.0730011
6.35,1,1.04756,1,0.0729694
6.36,1,1.04759,1,0.0729378
6.37,1,1.04762,1,0.0729064
6.38,1,1.04765,1,0.0728751
6.39,1,1.04768,1,0.072844
6.4,1,1.04771,1,0.072813
6.41,1,1.04774,1,0.0727822
6.42,1,1.04777,1,0.0727515
6.43,1,1.0478,1,0.0727209
6.44,1,1.04783,1,0.0726906
6.45,1,1.04786,1,0.0726603
6.46,1,1.04789,1,0.0726302
6.47,1,1.04791,1,0.0726002
6.48,1,1.04794,1,0.0725704
6.49,1,1.04797,1,0.0725408
6.5,1,1.048,1,0.0725112
6.51,1,1.04803,1,0.0724818
6.52,1,1.04806,1,0.0724526
6.53,1,1.04809,1,0.0724235
6.54,1,1.04812,1,0.0723945
6.55,1,1.04814,1,0.0723657
6.56,1,1.04817,1,0.072337
6.57,1,1.0482,1,0.0723084
6.58,1,1.04823,1,0.07228
6.59,1,1.04825,1,0.0722517
6.6,1,1.04828,1,0.0722236
6.61,1,1.04831,1,0.0721955
6.62,1,1.04834,1,0.0721677
6.63,1,1.04836,1,0.0721399
6.64,1,1.04839,1,0.0721123
6.65,1,1.04842,1,0.0720848
6.66,1,1.04844,1,0.0720574
6.67,1,1.04847,1,0.0720302
6.68,1,1.0485,1,0.0720031
6.69,1,1.04852,1,0.0719761
6.7,1,1.04855,1,0.0719493
6.71,1,1.04858,1,0.0719226
6.72,1,1.0486,1,0.071896
6.73,1,1.04863,1,0.0718696
6.74,1,1.04865,1,0.0718432
6.75,1,1.04868,1,0.071817
6.76,1,1.0487,1,0.0717909
6.77,1,1.04873,1,0.071765
6.78,1,1.04875,1,0.0717392
6.79,1,1.04878,1,0.0717134
6.8,1,1.0488,1,0.0716879
6.81,1,1.04883,1,0.0716624
6.82,1,1.04885,1,0.0716371
6.83,1,1.04888,1,0.0716118
6.84,1,1.0489,1,0.0715867
6.85,1,1.04893,1,0.0715617
6.86,1,1.04895,1,0.0715369
6.87,1,1.04898,1,0.0715121
6.88,1,1.049,1,0.0714875
6.89,1,1.04902,1,0.071463
6.9,1,1.04905,1,0.0714386
6.91,1,1.04907,1,0.0714143
6.92,1,1.04909,1,0.0713902
6.93,1,1.04912,1,0.0713661
6.94,1,1.04914,1,0.0713422
6.95,1,1.04916,1,0.0713184
6.96,1,1.04919,1,0.0712947
6.97,1,1.04921,1,0.0712711
6.98,1,1.04923,1,0.0712476
6.99,1,1.04926,1,0.0712243
7,1,1.04928,1,0.071201
7.01,1,1.0493,1,0.0711779
7.02,1,1.04932,1,0.0711548
7.03,1,1.04935,1,0.0711319
7.04,1,1.04937,1,0.0711091
7.05,1,1.04939,1,0.0710864
7.06,1,1.04941,1,0.0710638
7.07,1,1.04943,1,0.0710413
7.08,1,1.04946,1,0.0710189
7.09,1,1.04948,1,0.0709967
7.1,1,1.0495,1,0.0709745
7.11,1,1.04952,1,0.0709524
7.12,1,1.04954,1,0.0709305
7.13,1,1.04956,1,0.0709086
7.14,1,1.04959,1,0.0708869
7.15,1,1.04961,1,0.0708652
7.16,1,1.04963,1,0.0708437
7.17,1,1.04965,1,0.0708222
7.18,1,1.04967,1,0.0708009
7.19,1,1.04969,1,0.0707797
7.2,1,1.04971,1,0.0707585
7.21,1,1.04973,1,0.0707375
7.22,1,1.04975,1,0.0707166
7.23,1,1.04977,1,0.0706957
7.24,1,1.04979,1,0.070675
7.25,1,1.04981,1,0.0706544
7.26,1,1.04983,1,0.0706338
7.27,1,1.04985,1,0.0706134
7.28,1,1.04987,1,0.0705931
7.29,1,1.04989,1,0.0705728
7.3,1,1.04991,1,0.0705527
7.31,1,1.04993,1,0.0705326
7.32,1,1.04995,1,0.0705127
7.33,1,1.04997,1,0.0704928
7.34,1,1.04999,1,0.070473
7.35,1,1.05001,1,0.0704534
7.36,1,1.05003,1,0.0704338
7.37,1,1.05005,1,0.0704143
7.38,1,1.05007,1,0.0703949
7.39,1,1.05008,1,0.0703756
7.4,1,1.0501,1,0.0703564
7.41,1,1.05012,1,0.0703373
7.42,1,1.05014,1,0.0703183
7.43,1,1.05016,1,0.0702993
7.44,1,1.05018,1,0.0702805
7.45,1,1.0502,1,0.0702617
7.46,1,1.05021,1,0.0702431
7.47,1,1.05023,1,0.0702245
7.48,1,1.05025,1,0.070206
7.49,1,1.05027,1,0.0701876
7.5,1,1.05029,1,0.0701693
7.51,1,1.0503,1,0.0701511
7.52,1,1.05032,1,0.070133
7.53,1,1.05034,1,0.0701149
7.54,1,1.05036,1,0.0700969
7.55,1,1.05037,1,0.0700791
7.56,1,1.05039,1,0.0700613
7.57,1,1.05041,1,0.0700436
7.58,1,1.05042,1,0.0700259
7.59,1,1.05044,1,0.0700084
7.6,1,1.05046,1,0.069991
7.61,1,1.05048,1,0.0699736
7.62,1,1.05049,1,0.0699563
7.63,1,1.05051,1,0.0699391
7.64,1,1.05053,1,0.069922
7.65,1,1.05054,1,0.0699049
7.66,1,1.05056,1,0.069888
7.67,1,1.05058,1,0.0698711
7.68,1,1.05059,1,0.0698543
7.69,1,1.05061,1,0.0698376
7.7,1,1.05062,1,0.0698209
7.71,1,1.05064,1,0.0698044
7.72,1,1.05066,1,0.0697879
7.73,1,1.05067,1,0.0697715
7.74,1,1.05069,1,0.0697551
7.75,1,1.0507,1,0.0697389
7.76,1,1.05072,1,0.0697227
7.77,1,1.05074,1,0.0697066
7.78,1,1.05075,1,0.0696906
7.79,1,1.05077,1,0.0696747
7.8,1,1.05078,1,0.0696588
7.81,1,1.0508,1,0.069643
7.82,1,1.05081,1,0.0696273
7.83,1,1.05083,1,0.0696117
7.84,1,1.05084,1,0.0695961
7.85,1,1.05086,1,0.0695806
7.86,1,1.05087,1,0.0695652
7.87,1,1.05089,1,0.0695499
7.88,1,1.0509,1,0.0695346
7.89,1,1.05092,1,0.0695194
7.9,1,1.05093,1,0.0695043
7.91,1,1.05095,1,0.0694892
7.92,1,1.05096,1,0.0694742
7.93,1,1.05098,1,0.0694593
7.94,1,1.05099,1,0.0694445
7.95,1,1.05101,1,0.0694297
7.96,1,1.05102,1,0.069415
7.97,1,1.05103,1,0.0694004
7.98,1,1.05105,1,0.0693859
7.99,1,1.05106,1,0.0693714
8,1,1.05108,1,0.069357
8.01,1,1.05109,1,0.0693426
8.02,1,1.05111,1,0.0693283
8.03,1,1.05112,1,0.0693141
8.04,1,1.05113,1,0.0693
8.05,1,1.05115,1,0.0692859
8.06,1,1.05116,1,0.0692719
8.07,1,1.05117,1,0.0692579
8.08,1,1.05119,1,0.0692441
8.09,1,1.0512,1,0.0692303
8.1,1,1.05121,1,0.0692165
8.11,1,1.05123,1,0.0692028
8.12,1,1.05124,1,0.0691892
8.13,1,1.05125,1,0.0691757
8.14,1,1.05127,1,0.0691622
8.15,1,1.05128,1,0.0691488
8.16,1,1.05129,1,0.0691354
8.17,1,1.05131,1,0.0691221
8.18,1,1.05132,1,0.0691089
8.19,1,1.05133,1,0.0690957
8.2,1,1.05134,1,0.0690826
8.21,1,1.05136,1,0.0690696
8.22,1,1.05137,1,0.0690566
8.23,1,1.05138,1,0.0690437
8.24,1,1.0514,1,0.0690308
8.25,1,1.05141,1,0.069018
8.26,1,1.05142,1,0.0690053
8.27,1,1.05143,1,0.0689926
8.28,1,1.05144,1,0.06898
8.29,1,1.05146,1,0.0689675
8.3,1,1.05147,1,0.068955
8.31,1,1.05148,1,0.0689425
8.32,1,1.05149,1,0.0689302
8.33,1,1.05151,1,0.0689179
8.34,1,1.05152,1,0.0689056
8.35,1,1.05153,1,0.0688934
8.36,1,1.05154,1,0.0688813
8.37,1,1.05155,1,0.0688692
8.38,1,1.05156,1,0.0688572
8.39,1,1.05158,1,0.0688452
8.4,1,1.05159,1,0.0688333
8.41,1,1.0516,1,0.0688214
8.42,1,1.05161,1,0.0688096
8.43,1,1.05162,1,0.0687979
8.44,1,1.05163,1,0.0687862
8.45,1,1.05165,1,0.0687746
8.46,1,1.05166,1,0.068763
8.47,1,1.05167,1,0.0687515
8.48,1,1.05168,1,0.06874
8.49,1,1.05169,1,0.0687286
8.5,1,1.0517,1,0.0687173
8.51,1,1.05171,1,0.068706
8.52,1,1.05172,1,0.0686947
8.53,1,1.05173,1,0.0686836
8.54,1,1.05174,1,0.0686724
8.55,1,1.05176,1,0.0686613
8.56,1,1.05177,1,0.0686503
8.57,1,1.05178,1,0.0686393
8.58,1,1.05179,1,0.0686284
8.59,1,1.0518,1,0.0686175
8.6,1,1.05181,1,0.0686067
8.61,1,1.05182,1,0.0685959
8.62,1,1.05183,1,0.0685852
8.63,1,1.05184,1,0.0685745
8.64,1,1.05185,1,0.0685639
8.65,1,1.05186,1,0.0685534
8.66,1,1.05187,1,0.0685428
8.67,1,1.05188,1,0.0685324
8.68,1,1.05189,1,0.068522
8.69,1,1.0519,1,0.0685116
8.7,1,1.05191,1,0.0685013
8.71,1,1.05192,1,0.068491
8.72,1,1.05193,1,0.0684808
8.73,1,1.05194,1,0.0684706
8.74,1,1.05195,1,0.0684605
8.75,1,1.05196,1,0.0684504
8.76,1,1.05197,1,0.0684404
8.77,1,1.05198,1,0.0684304
8.78,1,1.05199,1,0.0684205
8.79,1,1.052,1,0.0684106
8.8,1,1.05201,1,0.0684008
8.81,1,1.05202,1,0.068391
8.82,1,1.05203,1,0.0683812
8.83,1,1.05204,1,0.0683715
8.84,1,1.05205,1,0.0683619
8.85,1,1.05206,1,0.0683523
8.86,1,1.05207,1,0.0683427
8.87,1,1.05208,1,0.0683332
8.88,1,1.05208,1,0.0683237
8.89,1,1.05209,1,0.0683143
8.9,1,1.0521,1,0.0683049
8.91,1,1.05211,1,0.0682956
8.92,1,1.05212,1,0.0682863
8.93,1,1.05213,1,0.0682771
8.94,1,1.05214,1,0.0682679
8.95,1,1.05215,1,0.0682587
8.96,1,1.05216,1,0.0682496
8.97,1,1.05217,1,0.0682405
8.98,1,1.05217,1,0.0682315
8.99,1,1.05218,1,0.0682225
9,1,1.05219,1,0.0682136
9.01,1,1.0522,1,0.0682047
9.02,1,1.05221,1,0.0681959
9.03,1,1.05222,1,0.068187
9.04,1,1.05223,1,0.0681783
9.05,1,1.05224,1,0.0681695
9.06,1,1.05224,1,0.0681609
9.07,1,1.05225,1,0.0681522
9.08,1,1.05226,1,0.0681436
9.09,1,1.05227,1,0.068135
9.1,1,1.05228,1,0.0681265
9.11,1,1.05229,1,0.068118
9.12,1,1.05229,1,0.0681096
9.13,1,1.0523,1,0.0681012
9.14,1,1.05231,1,0.0680928
9.15,1,1.05232,1,0.0680845
9.16,1,1.05233,1,0.0680762
9.17,1,1.05233,1,0.068068
9.18,1,1.05234,1,0.0680598
9.19,1,1.05235,1,0.0680516
9.2,1,1.05236,1,0.0680435
9.21,1,1.05237,1,0.0680354
9.22,1,1.05237,1,0.0680274
9.23,1,1.05238,1,0.0680194
9.24,1,1.05239,1,0.0680114
9.25,1,1.0524,1,0.0680035
9.26,1,1.0524,1,0.0679956
9.27,1,1.05241,1,0.0679877
9.28,1,1.05242,1,0.0679799
9.29,1,1.05243,1,0.0679721
9.3,1,1.05244,1,0.0679644
9.31,1,1.05244,1,0.0679567
9.32,1,1.05245,1,0.067949
9.33,1,1.05246,1,0.0679414
9.34,1,1.05246,1,0.0679338
9.35,1,1.05247,1,0.0679262
9.36,1,1.05248,1,0.0679187
9.37,1,1.05249,1,0.0679112
9.38,1,1.05249,1,0.0679037
9.39,1,1.0525,1,0.0678963
9.4,1,1.05251,1,0.0678889
9.41,1,1.05252,1,0.0678816
9.42,1,1.05252,1,0.0678743
9.43,1,1.05253,1,0.067867
9.44,1,1.05254,1,0.0678597
9.45,1,1.05254,1,0.0678525
9.46,1,1.05255,1,0.0678454
9.47,1,1.05256,1,0.0678382
9.48,1,1.05257,1,0.0678311
9.49,1,1.05257,1,0.067824
9.5,1,1.05258,1,0.067817
9.51,1,1.05259,1,0.06781
9.52,1,1.05259,1,0.067803
9.53,1,1.0526,1,0.0677961
9.54,1,1.05261,1,0.0677892
9.55,1,1.05261,1,0.0677823
9.56,1,1.05262,1,0.0677755
9.57,1,1.05263,1,0.0677687
9.58,1,1.05263,1,0.0677619
9.59,1,1.05264,1,0.0677551
9.6,1,1.05265,1,0.0677484
9.61,1,1.05265,1,0.0677417
9.62,1,1.05266,1,0.0677351
9.63,1,1.05267,1,0.0677285
9.64,1,1.05267,1,0.0677219
9.65,1,1.05268,1,0.0677154
9.66,1,1.05268,1,0.0677088
9.67,1,1.05269,1,0.0677023
9.68,1,1.0527,1,0.0676959
9.69,1,1.0527,1,0.0676895
9.7,1,1.05271,1,0.0676831
9.71,1,1.05272,1,0.0676767
9.72,1,1.05272,1,0.0676704
9.73,1,1.05273,1,0.0676641
9.74,1,1.05273,1,0.0676578
9.75,1,1.05274,1,0.0676515
9.76,1,1.05275,1,0.0676453
9.77,1,1.05275,1,0.0676391
9.78,1,1.05276,1,0.067633
9.79,1,1.05276,1,0.0676268
9.8,1,1.05277,1,0.0676207
9.81,1,1.05278,1,0.0676147
9.82,1,1.05278,1,0.0676086
9.83,1,1.05279,1,0.0676026
9.84,1,1.05279,1,0.0675966
9.85,1,1.0528,1,0.0675907
9.86,1,1.05281,1,0.0675848
9.87,1,1.05281,1,0.0675789
9.88,1,1.05282,1,0.067573
9.89,1,1.05282,1,0.0675672
9.9,1,1.05283,1,0.0675613
9.91,1,1.05283,1,0.0675556
9.92,1,1.05284,1,0.0675498
9.93,1,1.05284,1,0.0675441
9.94,1,1.05285,1,0.0675384
9.95,1,1.05286,1,0.0675327
9.96,1,1.05286,1,0.067527
9.97,1,1.05287,1,0.0675214
9.98,1,1.05287,1,0.0675158
9.99,1,1.05288,1,0.0675102
10,1,1.05288,1,0.0675047
