time,Setpoint,Continuous_Plant,Control_Signal
0,0,0,0
0.005,0,0,0
0.01,0,0,0
0.015,0,0,0
0.02,0,0,0
0.025,0,0,0
0.03,0,0,0
0.035,0,0,0
0.04,0,0,0
0.045,0,0,0
0.05,0,0,0
0.055,0,0,0
0.06,0,0,0
0.065,0,0,0
0.07,0,0,0
0.075,0,0,0
0.08,0,0,0
0.085,0,0,0
0.09,0,0,0
0.095,0,0,0
0.1,0,0,0
0.105,0,0,0
0.11,0,0,0
0.115,0,0,0
0.12,0,0,0
0.125,0,0,0
0.13,0,0,0
0.135,0,0,0
0.14,0,0,0
0.145,0,0,0
0.15,0,0,0
0.155,0,0,0
0.16,0,0,0
0.165,0,0,0
0.17,0,0,0
0.175,0,0,0
0.18,0,0,0
0.185,0,0,0
0.19,0,0,0
0.195,0,0,0
0.2,0,0,0
0.205,0,0,0
0.21,0,0,0
0.215,0,0,0
0.22,0,0,0
0.225,0,0,0
0.23,0,0,0
0.235,0,0,0
0.24,0,0,0
0.245,0,0,0
0.25,0,0,0
0.255,0,0,0
0.26,0,0,0
0.265,0,0,0
0.27,0,0,0
0.275,0,0,0
0.28,0,0,0
0.285,0,0,0
0.29,0,0,0
0.295,0,0,0
0.3,0,0,0
0.305,0,0,0
0.31,0,0,0
0.315,0,0,0
0.32,0,0,0
0.325,0,0,0
0.33,0,0,0
0.335,0,0,0
0.34,0,0,0
0.345,0,0,0
0.35,0,0,0
0.355,0,0,0
0.36,0,0,0
0.365,0,0,0
0.37,0,0,0
0.375,0,0,0
0.38,0,0,0
0.385,0,0,0
0.39,0,0,0
0.395,0,0,0
0.4,0,0,0
0.405,0,0,0
0.41,0,0,0
0.415,0,0,0
0.42,0,0,0
0.425,0,0,0
0.43,0,0,0
0.435,0,0,0
0.44,0,0,0
0.445,0,0,0
0.45,0,0,0
0.455,0,0,0
0.46,0,0,0
0.465,0,0,0
0.47,0,0,0
0.475,0,0,0
0.48,0,0,0
0.485,0,0,0
0.49,0,0,0
0.495,0,0,0
0.5,0,0,0
0.505,0,0,0
0.51,0,0,0
0.515,0,0,0
0.52,0,0,0
0.525,0,0,0
0.53,0,0,0
0.535,0,0,0
0.54,0,0,0
0.545,0,0,0
0.55,0,0,0
0.555,0,0,0
0.56,0,0,0
0.565,0,0,0
0.57,0,0,0
0.575,0,0,0
0.58,0,0,0
0.585,0,0,0
0.59,0,0,0
0.595,0,0,0
0.6,0,0,0
0.605,0,0,0
0.61,0,0,0
0.615,0,0,0
0.62,0,0,0
0.625,0,0,0
0.63,0,0,0
0.635,0,0,0
0.64,0,0,0
0.645,0,0,0
0.65,0,0,0
0.655,0,0,0
0.66,0,0,0
0.665,0,0,0
0.67,0,0,0
0.675,0,0,0
0.68,0,0,0
0.685,0,0,0
0.69,0,0,0
0.695,0,0,0
0.7,0,0,0
0.705,0,0,0
0.71,0,0,0
0.715,0,0,0
0.72,0,0,0
0.725,0,0,0
0.73,0,0,0
0.735,0,0,0
0.74,0,0,0
0.745,0,0,0
0.75,0,0,0
0.755,0,0,0
0.76,0,0,0
0.765,0,0,0
0.77,0,0,0
0.775,0,0,0
0.78,0,0,0
0.785,0,0,0
0.79,0,0,0
0.795,0,0,0
0.8,0,0,0
0.805,0,0,0
0.81,0,0,0
0.815,0,0,0
0.82,0,0,0
0.825,0,0,0
0.83,0,0,0
0.835,0,0,0
0.84,0,0,0
0.845,0,0,0
0.85,0,0,0
0.855,0,0,0
0.86,0,0,0
0.865,0,0,0
0.87,0,0,0
0.875,0,0,0
0.88,0,0,0
0.885,0,0,0
0.89,0,0,0
0.895,0,0,0
0.9,0,0,0
0.905,0,0,0
0.91,0,0,0
0.915,0,0,0
0.92,0,0,0
0.925,0,0,0
0.93,0,0,0
0.935,0,0,0
0.94,0,0,0
0.945,0,0,0
0.95,0,0,0
0.955,0,0,0
0.96,0,0,0
0.965,0,0,0
0.97,0,0,0
0.975,0,0,0
0.98,0,0,0
0.985,0,0,0
0.99,0,0,0
0.995,0,0,0
1,0,0,0
1.005,1,0,0
1.01,1,0,0
1.015,1,0,0
1.02,1,0,0
1.025,1,0,0
1.03,1,0,0
1.035,1,0,0
1.04,1,0,0
1.045,1,0,0
1.05,1,0,0
1.055,1,0,0
1.06,1,0,0
1.065,1,0,0
1.07,1,0,0
1.075,1,0,0
1.08,1,0,0
1.085,1,0,0
1.09,1,0,0
1.095,1,0,0
1.1,1,0,0
1.105,1,0,1
1.11,1,0,1
1.115,1,0,1
1.12,1,0,1
1.125,1,0,1
1.13,1,0,1
1.135,1,0,1
1.14,1,0,1
1.145,1,0,1
1.15,1,0,1
1.155,1,0,1
1.16,1,0,1
1.165,1,0,1
1.17,1,0,1
1.175,1,0,1
1.18,1,0,1
1.185,1,0,1
1.19,1,0,1
1.195,1,0,1
1.2,1,0,1
1.205,1,1.25e-05,1
1.21,1,4.15313e-05,1
1.215,1,9.95208e-05,1
1.22,1,0.000182156,1
1.225,1,0.000289313,1
1.23,1,0.000420865,1
1.235,1,0.000576688,1
1.24,1,0.000756657,1
1.245,1,0.000960647,1
1.25,1,0.00118853,1
1.255,1,0.00144019,1
1.26,1,0.0017155,1
1.265,1,0.00201432,1
1.27,1,0.00233654,1
1.275,1,0.00268204,1
1.28,1,0.00305068,1
1.285,1,0.00344235,1
1.29,1,0.00385691,1
1.295,1,0.00429425,1
1.3,1,0.00475423,1
1.305,1,0.00523675,0.995246
1.31,1,0.00574166,0.995246
1.315,1,0.00626885,0.995246
1.32,1,0.00681819,0.995246
1.325,1,0.00738955,0.995246
1.33,1,0.00798282,0.995246
1.335,1,0.00859787,0.995246
1.34,1,0.00923458,0.995246
1.345,1,0.00989282,0.995246
1.35,1,0.0105725,0.995246
1.355,1,0.0112734,0.995246
1.36,1,0.0119955,0.995246
1.365,1,0.0127386,0.995246
1.37,1,0.0135027,0.995246
1.375,1,0.0142875,0.995246
1.38,1,0.015093,0.995246
1.385,1,0.015919,0.995246
1.39,1,0.0167655,0.995246
1.395,1,0.0176322,0.995246
1.4,1,0.0185192,0.995246
1.405,1,0.0194261,0.981481
1.41,1,0.0203529,0.981481
1.415,1,0.0212993,0.981481
1.42,1,0.0222654,0.981481
1.425,1,0.0232508,0.981481
1.43,1,0.0242556,0.981481
1.435,1,0.0252796,0.981481
1.44,1,0.0263227,0.981481
1.445,1,0.0273847,0.981481
1.45,1,0.0284656,0.981481
1.455,1,0.0295651,0.981481
1.46,1,0.0306833,0.981481
1.465,1,0.03182,0.981481
1.47,1,0.032975,0.981481
1.475,1,0.0341483,0.981481
1.48,1,0.0353396,0.981481
1.485,1,0.036549,0.981481
1.49,1,0.0377762,0.981481
1.495,1,0.0390212,0.981481
1.5,1,0.0402839,0.981481
1.505,1,0.0415638,0.959716
1.51,1,0.042861,0.959716
1.515,1,0.044175,0.959716
1.52,1,0.0455059,0.959716
1.525,1,0.0468534,0.959716
1.53,1,0.0482176,0.959716
1.535,1,0.0495982,0.959716
1.54,1,0.0509951,0.959716
1.545,1,0.0524083,0.959716
1.55,1,0.0538376,0.959716
1.555,1,0.055283,0.959716
1.56,1,0.0567442,0.959716
1.565,1,0.0582212,0.959716
1.57,1,0.0597138,0.959716
1.575,1,0.061222,0.959716
1.58,1,0.0627456,0.959716
1.585,1,0.0642845,0.959716
1.59,1,0.0658386,0.959716
1.595,1,0.0674078,0.959716
1.6,1,0.068992,0.959716
1.605,1,0.0705908,0.931008
1.61,1,0.0722039,0.931008
1.615,1,0.073831,0.931008
1.62,1,0.0754721,0.931008
1.625,1,0.0771271,0.931008
1.63,1,0.0787958,0.931008
1.635,1,0.0804782,0.931008
1.64,1,0.0821741,0.931008
1.645,1,0.0838834,0.931008
1.65,1,0.0856061,0.931008
1.655,1,0.0873419,0.931008
1.66,1,0.0890909,0.931008
1.665,1,0.0908528,0.931008
1.67,1,0.0926277,0.931008
1.675,1,0.0944153,0.931008
1.68,1,0.0962155,0.931008
1.685,1,0.0980283,0.931008
1.69,1,0.0998536,0.931008
1.695,1,0.101691,0.931008
1.7,1,0.103541,0.931008
1.705,1,0.105403,0.896459
1.71,1,0.107276,0.896459
1.715,1,0.10916,0.896459
1.72,1,0.111055,0.896459
1.725,1,0.112962,0.896459
1.73,1,0.114879,0.896459
1.735,1,0.116807,0.896459
1.74,1,0.118745,0.896459
1.745,1,0.120695,0.896459
1.75,1,0.122654,0.896459
1.755,1,0.124625,0.896459
1.76,1,0.126605,0.896459
1.765,1,0.128596,0.896459
1.77,1,0.130596,0.896459
1.775,1,0.132607,0.896459
1.78,1,0.134627,0.896459
1.785,1,0.136658,0.896459
1.79,1,0.138698,0.896459
1.795,1,0.140747,0.896459
1.8,1,0.142807,0.896459
1.805,1,0.144875,0.857193
1.81,1,0.146951,0.857193
1.815,1,0.149036,0.857193
1.82,1,0.151129,0.857193
1.825,1,0.153231,0.857193
1.83,1,0.15534,0.857193
1.835,1,0.157457,0.857193
1.84,1,0.159583,0.857193
1.845,1,0.161716,0.857193
1.85,1,0.163856,0.857193
1.855,1,0.166005,0.857193
1.86,1,0.16816,0.857193
1.865,1,0.170324,0.857193
1.87,1,0.172494,0.857193
1.875,1,0.174672,0.857193
1.88,1,0.176857,0.857193
1.885,1,0.179049,0.857193
1.89,1,0.181247,0.857193
1.895,1,0.183453,0.857193
1.9,1,0.185666,0.857193
1.905,1,0.187884,0.814334
1.91,1,0.190109,0.814334
1.915,1,0.192339,0.814334
1.92,1,0.194575,0.814334
1.925,1,0.196815,0.814334
1.93,1,0.199062,0.814334
1.935,1,0.201313,0.814334
1.94,1,0.20357,0.814334
1.945,1,0.205831,0.814334
1.95,1,0.208098,0.814334
1.955,1,0.210369,0.814334
1.96,1,0.212645,0.814334
1.965,1,0.214926,0.814334
1.97,1,0.217212,0.814334
1.975,1,0.219502,0.814334
1.98,1,0.221796,0.814334
1.985,1,0.224095,0.814334
1.99,1,0.226399,0.814334
1.995,1,0.228706,0.814334
2,1,0.231018,0.814334
2.005,1,0.233333,0.768982
2.01,1,0.235652,0.768982
2.015,1,0.237973,0.768982
2.02,1,0.240297,0.768982
2.025,1,0.242624,0.768982
2.03,1,0.244953,0.768982
2.035,1,0.247285,0.768982
2.04,1,0.24962,0.768982
2.045,1,0.251957,0.768982
2.05,1,0.254296,0.768982
2.055,1,0.256638,0.768982
2.06,1,0.258982,0.768982
2.065,1,0.261328,0.768982
2.07,1,0.263676,0.768982
2.075,1,0.266026,0.768982
2.08,1,0.268378,0.768982
2.085,1,0.270732,0.768982
2.09,1,0.273088,0.768982
2.095,1,0.275445,0.768982
2.1,1,0.277805,0.768982
2.105,1,0.280165,0.722195
2.11,1,0.282526,0.722195
2.115,1,0.284887,0.722195
2.12,1,0.287249,0.722195
2.125,1,0.28961,0.722195
2.13,1,0.291972,0.722195
2.135,1,0.294334,0.722195
2.14,1,0.296696,0.722195
2.145,1,0.299059,0.722195
2.15,1,0.301421,0.722195
2.155,1,0.303783,0.722195
2.16,1,0.306144,0.722195
2.165,1,0.308506,0.722195
2.17,1,0.310867,0.722195
2.175,1,0.313228,0.722195
2.18,1,0.315588,0.722195
2.185,1,0.317948,0.722195
2.19,1,0.320308,0.722195
2.195,1,0.322667,0.722195
2.2,1,0.325025,0.722195
2.205,1,0.327382,0.674975
2.21,1,0.329737,0.674975
2.215,1,0.33209,0.674975
2.22,1,0.334442,0.674975
2.225,1,0.336791,0.674975
2.23,1,0.339138,0.674975
2.235,1,0.341483,0.674975
2.24,1,0.343826,0.674975
2.245,1,0.346166,0.674975
2.25,1,0.348505,0.674975
2.255,1,0.35084,0.674975
2.26,1,0.353174,0.674975
2.265,1,0.355505,0.674975
2.27,1,0.357833,0.674975
2.275,1,0.36016,0.674975
2.28,1,0.362483,0.674975
2.285,1,0.364804,0.674975
2.29,1,0.367122,0.674975
2.295,1,0.369437,0.674975
2.3,1,0.37175,0.674975
2.305,1,0.37406,0.62825
2.31,1,0.376365,0.62825
2.315,1,0.378667,0.62825
2.32,1,0.380964,0.62825
2.325,1,0.383257,0.62825
2.33,1,0.385546,0.62825
2.335,1,0.387831,0.62825
2.34,1,0.390112,0.62825
2.345,1,0.392388,0.62825
2.35,1,0.39466,0.62825
2.355,1,0.396928,0.62825
2.36,1,0.399192,0.62825
2.365,1,0.40145,0.62825
2.37,1,0.403705,0.62825
2.375,1,0.405955,0.62825
2.38,1,0.408201,0.62825
2.385,1,0.410441,0.62825
2.39,1,0.412678,0.62825
2.395,1,0.41491,0.62825
2.4,1,0.417137,0.62825
2.405,1,0.419359,0.582863
2.41,1,0.421575,0.582863
2.415,1,0.423785,0.582863
2.42,1,0.42599,0.582863
2.425,1,0.428188,0.582863
2.43,1,0.43038,0.582863
2.435,1,0.432567,0.582863
2.44,1,0.434747,0.582863
2.445,1,0.436922,0.582863
2.45,1,0.43909,0.582863
2.455,1,0.441252,0.582863
2.46,1,0.443408,0.582863
2.465,1,0.445558,0.582863
2.47,1,0.447702,0.582863
2.475,1,0.449839,0.582863
2.48,1,0.451971,0.582863
2.485,1,0.454096,0.582863
2.49,1,0.456215,0.582863
2.495,1,0.458327,0.582863
2.5,1,0.460434,0.582863
2.505,1,0.462533,0.539566
2.51,1,0.464625,0.539566
2.515,1,0.46671,0.539566
2.52,1,0.468787,0.539566
2.525,1,0.470857,0.539566
2.53,1,0.472919,0.539566
2.535,1,0.474973,0.539566
2.54,1,0.47702,0.539566
2.545,1,0.47906,0.539566
2.55,1,0.481092,0.539566
2.555,1,0.483116,0.539566
2.56,1,0.485133,0.539566
2.565,1,0.487142,0.539566
2.57,1,0.489143,0.539566
2.575,1,0.491137,0.539566
2.58,1,0.493123,0.539566
2.585,1,0.495101,0.539566
2.59,1,0.497072,0.539566
2.595,1,0.499035,0.539566
2.6,1,0.50099,0.539566
2.605,1,0.502937,0.49901
2.61,1,0.504876,0.49901
2.615,1,0.506806,0.49901
2.62,1,0.508727,0.49901
2.625,1,0.510639,0.49901
2.63,1,0.512542,0.49901
2.635,1,0.514436,0.49901
2.64,1,0.516322,0.49901
2.645,1,0.518199,0.49901
2.65,1,0.520067,0.49901
2.655,1,0.521926,0.49901
2.66,1,0.523776,0.49901
2.665,1,0.525617,0.49901
2.67,1,0.52745,0.49901
2.675,1,0.529274,0.49901
2.68,1,0.531089,0.49901
2.685,1,0.532895,0.49901
2.69,1,0.534692,0.49901
2.695,1,0.53648,0.49901
2.7,1,0.53826,0.49901
2.705,1,0.54003,0.46174
2.71,1,0.541791,0.46174
2.715,1,0.543542,0.46174
2.72,1,0.545282,0.46174
2.725,1,0.547013,0.46174
2.73,1,0.548735,0.46174
2.735,1,0.550446,0.46174
2.74,1,0.552147,0.46174
2.745,1,0.553839,0.46174
2.75,1,0.555521,0.46174
2.755,1,0.557193,0.46174
2.76,1,0.558856,0.46174
2.765,1,0.560508,0.46174
2.77,1,0.562151,0.46174
2.775,1,0.563784,0.46174
2.78,1,0.565407,0.46174
2.785,1,0.567021,0.46174
2.79,1,0.568624,0.46174
2.795,1,0.570218,0.46174
2.8,1,0.571803,0.46174
2.805,1,0.573377,0.428197
2.81,1,0.574941,0.428197
2.815,1,0.576494,0.428197
2.82,1,0.578036,0.428197
2.825,1,0.579568,0.428197
2.83,1,0.581089,0.428197
2.835,1,0.5826,0.428197
2.84,1,0.5841,0.428197
2.845,1,0.585589,0.428197
2.85,1,0.587068,0.428197
2.855,1,0.588537,0.428197
2.86,1,0.589995,0.428197
2.865,1,0.591443,0.428197
2.87,1,0.59288,0.428197
2.875,1,0.594306,0.428197
2.88,1,0.595723,0.428197
2.885,1,0.597129,0.428197
2.89,1,0.598524,0.428197
2.895,1,0.599909,0.428197
2.9,1,0.601284,0.428197
2.905,1,0.602648,0.398716
2.91,1,0.604001,0.398716
2.915,1,0.605343,0.398716
2.92,1,0.606674,0.398716
2.925,1,0.607993,0.398716
2.93,1,0.609302,0.398716
2.935,1,0.6106,0.398716
2.94,1,0.611886,0.398716
2.945,1,0.613162,0.398716
2.95,1,0.614426,0.398716
2.955,1,0.61568,0.398716
2.96,1,0.616922,0.398716
2.965,1,0.618154,0.398716
2.97,1,0.619375,0.398716
2.975,1,0.620585,0.398716
2.98,1,0.621784,0.398716
2.985,1,0.622973,0.398716
2.99,1,0.62415,0.398716
2.995,1,0.625317,0.398716
3,1,0.626473,0.398716
3.005,1,0.627618,0.373527
3.01,1,0.628752,0.373527
3.015,1,0.629875,0.373527
3.02,1,0.630986,0.373527
3.025,1,0.632085,0.373527
3.03,1,0.633174,0.373527
3.035,1,0.634251,0.373527
3.04,1,0.635317,0.373527
3.045,1,0.636371,0.373527
3.05,1,0.637415,0.373527
3.055,1,0.638447,0.373527
3.06,1,0.639468,0.373527
3.065,1,0.640478,0.373527
3.07,1,0.641477,0.373527
3.075,1,0.642465,0.373527
3.08,1,0.643442,0.373527
3.085,1,0.644408,0.373527
3.09,1,0.645363,0.373527
3.095,1,0.646307,0.373527
3.1,1,0.64724,0.373527
3.105,1,0.648162,0.35276
3.11,1,0.649073,0.35276
3.115,1,0.649973,0.35276
3.12,1,0.650861,0.35276
3.125,1,0.651737,0.35276
3.13,1,0.652602,0.35276
3.135,1,0.653456,0.35276
3.14,1,0.654299,0.35276
3.145,1,0.655131,0.35276
3.15,1,0.655951,0.35276
3.155,1,0.65676,0.35276
3.16,1,0.657558,0.35276
3.165,1,0.658346,0.35276
3.17,1,0.659122,0.35276
3.175,1,0.659887,0.35276
3.18,1,0.660641,0.35276
3.185,1,0.661384,0.35276
3.19,1,0.662116,0.35276
3.195,1,0.662838,0.35276
3.2,1,0.663548,0.35276
3.205,1,0.664248,0.336452
3.21,1,0.664936,0.336452
3.215,1,0.665614,0.336452
3.22,1,0.66628,0.336452
3.225,1,0.666935,0.336452
3.23,1,0.667578,0.336452
3.235,1,0.668211,0.336452
3.24,1,0.668833,0.336452
3.245,1,0.669444,0.336452
3.25,1,0.670043,0.336452
3.255,1,0.670632,0.336452
3.26,1,0.67121,0.336452
3.265,1,0.671777,0.336452
3.27,1,0.672334,0.336452
3.275,1,0.672879,0.336452
3.28,1,0.673414,0.336452
3.285,1,0.673939,0.336452
3.29,1,0.674452,0.336452
3.295,1,0.674955,0.336452
3.3,1,0.675448,0.336452
3.305,1,0.67593,0.324552
3.31,1,0.676401,0.324552
3.315,1,0.676861,0.324552
3.32,1,0.677311,0.324552
3.325,1,0.677749,0.324552
3.33,1,0.678177,0.324552
3.335,1,0.678595,0.324552
3.34,1,0.679001,0.324552
3.345,1,0.679397,0.324552
3.35,1,0.679783,0.324552
3.355,1,0.680158,0.324552
3.36,1,0.680523,0.324552
3.365,1,0.680877,0.324552
3.37,1,0.681221,0.324552
3.375,1,0.681555,0.324552
3.38,1,0.681878,0.324552
3.385,1,0.682191,0.324552
3.39,1,0.682494,0.324552
3.395,1,0.682787,0.324552
3.4,1,0.683069,0.324552
3.405,1,0.683342,0.316931
3.41,1,0.683604,0.316931
3.415,1,0.683856,0.316931
3.42,1,0.684098,0.316931
3.425,1,0.68433,0.316931
3.43,1,0.684551,0.316931
3.435,1,0.684762,0.316931
3.44,1,0.684964,0.316931
3.445,1,0.685155,0.316931
3.45,1,0.685336,0.316931
3.455,1,0.685508,0.316931
3.46,1,0.68567,0.316931
3.465,1,0.685821,0.316931
3.47,1,0.685964,0.316931
3.475,1,0.686096,0.316931
3.48,1,0.686219,0.316931
3.485,1,0.686332,0.316931
3.49,1,0.686435,0.316931
3.495,1,0.686529,0.316931
3.5,1,0.686613,0.316931
3.505,1,0.686688,0.313387
3.51,1,0.686754,0.313387
3.515,1,0.686809,0.313387
3.52,1,0.686856,0.313387
3.525,1,0.686892,0.313387
3.53,1,0.68692,0.313387
3.535,1,0.686938,0.313387
3.54,1,0.686947,0.313387
3.545,1,0.686946,0.313387
3.55,1,0.686936,0.313387
3.555,1,0.686917,0.313387
3.56,1,0.686889,0.313387
3.565,1,0.686852,0.313387
3.57,1,0.686806,0.313387
3.575,1,0.686751,0.313387
3.58,1,0.686686,0.313387
3.585,1,0.686613,0.313387
3.59,1,0.686531,0.313387
3.595,1,0.686441,0.313387
3.6,1,0.686341,0.313387
3.605,1,0.686233,0.313659
3.61,1,0.686116,0.313659
3.615,1,0.68599,0.313659
3.62,1,0.685856,0.313659
3.625,1,0.685713,0.313659
3.63,1,0.685561,0.313659
3.635,1,0.685401,0.313659
3.64,1,0.685233,0.313659
3.645,1,0.685056,0.313659
3.65,1,0.68487,0.313659
3.655,1,0.684677,0.313659
3.66,1,0.684475,0.313659
3.665,1,0.684264,0.313659
3.67,1,0.684046,0.313659
3.675,1,0.683819,0.313659
3.68,1,0.683585,0.313659
3.685,1,0.683342,0.313659
3.69,1,0.683091,0.313659
3.695,1,0.682832,0.313659
3.7,1,0.682566,0.313659
3.705,1,0.682291,0.317434
3.71,1,0.682009,0.317434
3.715,1,0.681718,0.317434
3.72,1,0.681421,0.317434
3.725,1,0.681115,0.317434
3.73,1,0.680802,0.317434
3.735,1,0.680481,0.317434
3.74,1,0.680153,0.317434
3.745,1,0.679817,0.317434
3.75,1,0.679473,0.317434
3.755,1,0.679123,0.317434
3.76,1,0.678765,0.317434
3.765,1,0.678399,0.317434
3.77,1,0.678027,0.317434
3.775,1,0.677647,0.317434
3.78,1,0.67726,0.317434
3.785,1,0.676865,0.317434
3.79,1,0.676464,0.317434
3.795,1,0.676056,0.317434
3.8,1,0.67564,0.317434
3.805,1,0.675218,0.32436
3.81,1,0.674789,0.32436
3.815,1,0.674353,0.32436
3.82,1,0.67391,0.32436
3.825,1,0.673461,0.32436
3.83,1,0.673005,0.32436
3.835,1,0.672543,0.32436
3.84,1,0.672074,0.32436
3.845,1,0.671598,0.32436
3.85,1,0.671116,0.32436
3.855,1,0.670628,0.32436
3.86,1,0.670133,0.32436
3.865,1,0.669632,0.32436
3.87,1,0.669124,0.32436
3.875,1,0.66861,0.32436
3.88,1,0.668091,0.32436
3.885,1,0.667565,0.32436
3.89,1,0.667032,0.32436
3.895,1,0.666494,0.32436
3.9,1,0.66595,0.32436
3.905,1,0.6654,0.33405
3.91,1,0.664844,0.33405
3.915,1,0.664282,0.33405
3.92,1,0.663715,0.33405
3.925,1,0.663142,0.33405
3.93,1,0.662564,0.33405
3.935,1,0.66198,0.33405
3.94,1,0.66139,0.33405
3.945,1,0.660795,0.33405
3.95,1,0.660195,0.33405
3.955,1,0.659589,0.33405
3.96,1,0.658978,0.33405
3.965,1,0.658361,0.33405
3.97,1,0.657739,0.33405
3.975,1,0.657113,0.33405
3.98,1,0.65648,0.33405
3.985,1,0.655843,0.33405
3.99,1,0.655201,0.33405
3.995,1,0.654554,0.33405
4,1,0.653901,0.33405
4.005,1,0.653244,0.346099
4.01,1,0.652582,0.346099
4.015,1,0.651915,0.346099
4.02,1,0.651244,0.346099
4.025,1,0.650568,0.346099
4.03,1,0.649888,0.346099
4.035,1,0.649203,0.346099
4.04,1,0.648514,0.346099
4.045,1,0.647821,0.346099
4.05,1,0.647123,0.346099
4.055,1,0.64642,0.346099
4.06,1,0.645714,0.346099
4.065,1,0.645003,0.346099
4.07,1,0.644288,0.346099
4.075,1,0.643569,0.346099
4.08,1,0.642845,0.346099
4.085,1,0.642118,0.346099
4.09,1,0.641387,0.346099
4.095,1,0.640651,0.346099
4.1,1,0.639912,0.346099
4.105,1,0.639168,0.360088
4.11,1,0.638421,0.360088
4.115,1,0.637671,0.360088
4.12,1,0.636917,0.360088
4.125,1,0.636159,0.360088
4.13,1,0.635398,0.360088
4.135,1,0.634634,0.360088
4.14,1,0.633866,0.360088
4.145,1,0.633095,0.360088
4.15,1,0.632321,0.360088
4.155,1,0.631543,0.360088
4.16,1,0.630762,0.360088
4.165,1,0.629978,0.360088
4.17,1,0.629191,0.360088
4.175,1,0.6284,0.360088
4.18,1,0.627607,0.360088
4.185,1,0.62681,0.360088
4.19,1,0.62601,0.360088
4.195,1,0.625208,0.360088
4.2,1,0.624402,0.360088
4.205,1,0.623594,0.375598
4.21,1,0.622783,0.375598
4.215,1,0.62197,0.375598
4.22,1,0.621154,0.375598
4.225,1,0.620335,0.375598
4.23,1,0.619515,0.375598
4.235,1,0.618691,0.375598
4.24,1,0.617866,0.375598
4.245,1,0.617038,0.375598
4.25,1,0.616208,0.375598
4.255,1,0.615376,0.375598
4.26,1,0.614541,0.375598
4.265,1,0.613705,0.375598
4.27,1,0.612866,0.375598
4.275,1,0.612025,0.375598
4.28,1,0.611182,0.375598
4.285,1,0.610337,0.375598
4.29,1,0.609489,0.375598
4.295,1,0.60864,0.375598
4.3,1,0.607789,0.375598
4.305,1,0.606936,0.392211
4.31,1,0.606082,0.392211
4.315,1,0.605226,0.392211
4.32,1,0.604369,0.392211
4.325,1,0.60351,0.392211
4.33,1,0.60265,0.392211
4.335,1,0.601788,0.392211
4.34,1,0.600925,0.392211
4.345,1,0.600061,0.392211
4.35,1,0.599195,0.392211
4.355,1,0.598329,0.392211
4.36,1,0.597461,0.392211
4.365,1,0.596591,0.392211
4.37,1,0.595721,0.392211
4.375,1,0.59485,0.392211
4.38,1,0.593977,0.392211
4.385,1,0.593103,0.392211
4.39,1,0.592228,0.392211
4.395,1,0.591352,0.392211
4.4,1,0.590476,0.392211
4.405,1,0.589598,0.409524
4.41,1,0.58872,0.409524
4.415,1,0.587841,0.409524
4.42,1,0.586962,0.409524
4.425,1,0.586082,0.409524
4.43,1,0.585202,0.409524
4.435,1,0.584321,0.409524
4.44,1,0.58344,0.409524
4.445,1,0.582559,0.409524
4.45,1,0.581677,0.409524
4.455,1,0.580795,0.409524
4.46,1,0.579913,0.409524
4.465,1,0.57903,0.409524
4.47,1,0.578147,0.409524
4.475,1,0.577264,0.409524
4.48,1,0.57638,0.409524
4.485,1,0.575497,0.409524
4.49,1,0.574613,0.409524
4.495,1,0.573729,0.409524
4.5,1,0.572845,0.409524
4.505,1,0.571962,0.427155
4.51,1,0.571078,0.427155
4.515,1,0.570195,0.427155
4.52,1,0.569312,0.427155
4.525,1,0.56843,0.427155
4.53,1,0.567548,0.427155
4.535,1,0.566666,0.427155
4.54,1,0.565785,0.427155
4.545,1,0.564905,0.427155
4.55,1,0.564025,0.427155
4.555,1,0.563145,0.427155
4.56,1,0.562267,0.427155
4.565,1,0.561388,0.427155
4.57,1,0.560511,0.427155
4.575,1,0.559633,0.427155
4.58,1,0.558757,0.427155
4.585,1,0.557881,0.427155
4.59,1,0.557006,0.427155
4.595,1,0.556132,0.427155
4.6,1,0.555258,0.427155
4.605,1,0.554385,0.444742
4.61,1,0.553513,0.444742
4.615,1,0.552643,0.444742
4.62,1,0.551773,0.444742
4.625,1,0.550905,0.444742
4.63,1,0.550039,0.444742
4.635,1,0.549173,0.444742
4.64,1,0.548309,0.444742
4.645,1,0.547446,0.444742
4.65,1,0.546584,0.444742
4.655,1,0.545724,0.444742
4.66,1,0.544865,0.444742
4.665,1,0.544007,0.444742
4.67,1,0.543151,0.444742
4.675,1,0.542296,0.444742
4.68,1,0.541442,0.444742
4.685,1,0.54059,0.444742
4.69,1,0.539739,0.444742
4.695,1,0.53889,0.444742
4.7,1,0.538042,0.444742
4.705,1,0.537196,0.461958
4.71,1,0.536351,0.461958
4.715,1,0.535509,0.461958
4.72,1,0.534669,0.461958
4.725,1,0.53383,0.461958
4.73,1,0.532994,0.461958
4.735,1,0.532159,0.461958
4.74,1,0.531326,0.461958
4.745,1,0.530496,0.461958
4.75,1,0.529667,0.461958
4.755,1,0.528841,0.461958
4.76,1,0.528016,0.461958
4.765,1,0.527194,0.461958
4.77,1,0.526373,0.461958
4.775,1,0.525555,0.461958
4.78,1,0.524738,0.461958
4.785,1,0.523924,0.461958
4.79,1,0.523112,0.461958
4.795,1,0.522302,0.461958
4.8,1,0.521494,0.461958
4.805,1,0.520688,0.478506
4.81,1,0.519885,0.478506
4.815,1,0.519084,0.478506
4.82,1,0.518286,0.478506
4.825,1,0.517491,0.478506
4.83,1,0.516698,0.478506
4.835,1,0.515908,0.478506
4.84,1,0.51512,0.478506
4.845,1,0.514335,0.478506
4.85,1,0.513552,0.478506
4.855,1,0.512772,0.478506
4.86,1,0.511995,0.478506
4.865,1,0.511221,0.478506
4.87,1,0.510449,0.478506
4.875,1,0.509679,0.478506
4.88,1,0.508913,0.478506
4.885,1,0.508148,0.478506
4.89,1,0.507387,0.478506
4.895,1,0.506628,0.478506
4.9,1,0.505872,0.478506
4.905,1,0.505119,0.494128
4.91,1,0.504369,0.494128
4.915,1,0.503622,0.494128
4.92,1,0.502878,0.494128
4.925,1,0.502137,0.494128
4.93,1,0.501399,0.494128
4.935,1,0.500665,0.494128
4.94,1,0.499933,0.494128
4.945,1,0.499205,0.494128
4.95,1,0.49848,0.494128
4.955,1,0.497757,0.494128
4.96,1,0.497038,0.494128
4.965,1,0.496322,0.494128
4.97,1,0.49561,0.494128
4.975,1,0.4949,0.494128
4.98,1,0.494193,0.494128
4.985,1,0.49349,0.494128
4.99,1,0.49279,0.494128
4.995,1,0.492093,0.494128
5,1,0.491399,0.494128
5.005,1,0.490708,0.508601
5.01,1,0.490021,0.508601
5.015,1,0.489337,0.508601
5.02,1,0.488657,0.508601
5.025,1,0.48798,0.508601
5.03,1,0.487307,0.508601
5.035,1,0.486638,0.508601
5.04,1,0.485972,0.508601
5.045,1,0.485309,0.508601
5.05,1,0.48465,0.508601
5.055,1,0.483995,0.508601
5.06,1,0.483343,0.508601
5.065,1,0.482694,0.508601
5.07,1,0.482049,0.508601
5.075,1,0.481408,0.508601
5.08,1,0.48077,0.508601
5.085,1,0.480136,0.508601
5.09,1,0.479505,0.508601
5.095,1,0.478878,0.508601
5.1,1,0.478254,0.508601
5.105,1,0.477634,0.521746
5.11,1,0.477017,0.521746
5.115,1,0.476405,0.521746
5.12,1,0.475796,0.521746
5.125,1,0.475192,0.521746
5.13,1,0.474591,0.521746
5.135,1,0.473994,0.521746
5.14,1,0.4734,0.521746
5.145,1,0.472811,0.521746
5.15,1,0.472226,0.521746
5.155,1,0.471644,0.521746
5.16,1,0.471066,0.521746
5.165,1,0.470492,0.521746
5.17,1,0.469922,0.521746
5.175,1,0.469355,0.521746
5.18,1,0.468793,0.521746
5.185,1,0.468234,0.521746
5.19,1,0.467679,0.521746
5.195,1,0.467127,0.521746
5.2,1,0.46658,0.521746
5.205,1,0.466036,0.53342
5.21,1,0.465497,0.53342
5.215,1,0.464961,0.53342
5.22,1,0.46443,0.53342
5.225,1,0.463903,0.53342
5.23,1,0.46338,0.53342
5.235,1,0.462861,0.53342
5.24,1,0.462346,0.53342
5.245,1,0.461835,0.53342
5.25,1,0.461328,0.53342
5.255,1,0.460825,0.53342
5.26,1,0.460326,0.53342
5.265,1,0.459831,0.53342
5.27,1,0.45934,0.53342
5.275,1,0.458853,0.53342
5.28,1,0.45837,0.53342
5.285,1,0.457892,0.53342
5.29,1,0.457417,0.53342
5.295,1,0.456946,0.53342
5.3,1,0.456479,0.53342
5.305,1,0.456016,0.543521
5.31,1,0.455557,0.543521
5.315,1,0.455103,0.543521
5.32,1,0.454653,0.543521
5.325,1,0.454207,0.543521
5.33,1,0.453765,0.543521
5.335,1,0.453327,0.543521
5.34,1,0.452894,0.543521
5.345,1,0.452465,0.543521
5.35,1,0.452039,0.543521
5.355,1,0.451619,0.543521
5.36,1,0.451202,0.543521
5.365,1,0.450789,0.543521
5.37,1,0.45038,0.543521
5.375,1,0.449976,0.543521
5.38,1,0.449576,0.543521
5.385,1,0.449179,0.543521
5.39,1,0.448787,0.543521
5.395,1,0.448399,0.543521
5.4,1,0.448015,0.543521
5.405,1,0.447635,0.551985
5.41,1,0.447259,0.551985
5.415,1,0.446888,0.551985
5.42,1,0.446521,0.551985
5.425,1,0.446158,0.551985
5.43,1,0.4458,0.551985
5.435,1,0.445445,0.551985
5.44,1,0.445095,0.551985
5.445,1,0.444749,0.551985
5.45,1,0.444407,0.551985
5.455,1,0.44407,0.551985
5.46,1,0.443736,0.551985
5.465,1,0.443407,0.551985
5.47,1,0.443082,0.551985
5.475,1,0.442761,0.551985
5.48,1,0.442444,0.551985
5.485,1,0.442131,0.551985
5.49,1,0.441822,0.551985
5.495,1,0.441517,0.551985
5.5,1,0.441217,0.551985
5.505,1,0.44092,0.558783
5.51,1,0.440628,0.558783
5.515,1,0.44034,0.558783
5.52,1,0.440056,0.558783
5.525,1,0.439777,0.558783
5.53,1,0.439501,0.558783
5.535,1,0.43923,0.558783
5.54,1,0.438963,0.558783
5.545,1,0.4387,0.558783
5.55,1,0.438442,0.558783
5.555,1,0.438187,0.558783
5.56,1,0.437936,0.558783
5.565,1,0.43769,0.558783
5.57,1,0.437448,0.558783
5.575,1,0.437209,0.558783
5.58,1,0.436975,0.558783
5.585,1,0.436745,0.558783
5.59,1,0.436519,0.558783
5.595,1,0.436297,0.558783
5.6,1,0.436079,0.558783
5.605,1,0.435864,0.563921
5.61,1,0.435654,0.563921
5.615,1,0.435449,0.563921
5.62,1,0.435247,0.563921
5.625,1,0.435049,0.563921
5.63,1,0.434855,0.563921
5.635,1,0.434666,0.563921
5.64,1,0.43448,0.563921
5.645,1,0.434299,0.563921
5.65,1,0.434121,0.563921
5.655,1,0.433948,0.563921
5.66,1,0.433778,0.563921
5.665,1,0.433613,0.563921
5.67,1,0.433451,0.563921
5.675,1,0.433294,0.563921
5.68,1,0.43314,0.563921
5.685,1,0.43299,0.563921
5.69,1,0.432844,0.563921
5.695,1,0.432702,0.563921
5.7,1,0.432564,0.563921
5.705,1,0.432429,0.567436
5.71,1,0.432299,0.567436
5.715,1,0.432172,0.567436
5.72,1,0.43205,0.567436
5.725,1,0.431931,0.567436
5.73,1,0.431816,0.567436
5.735,1,0.431705,0.567436
5.74,1,0.431598,0.567436
5.745,1,0.431495,0.567436
5.75,1,0.431396,0.567436
5.755,1,0.4313,0.567436
5.76,1,0.431208,0.567436
5.765,1,0.43112,0.567436
5.77,1,0.431036,0.567436
5.775,1,0.430955,0.567436
5.78,1,0.430878,0.567436
5.785,1,0.430805,0.567436
5.79,1,0.430736,0.567436
5.795,1,0.43067,0.567436
5.8,1,0.430608,0.567436
5.805,1,0.430549,0.569392
5.81,1,0.430494,0.569392
5.815,1,0.430443,0.569392
5.82,1,0.430396,0.569392
5.825,1,0.430352,0.569392
5.83,1,0.430312,0.569392
5.835,1,0.430275,0.569392
5.84,1,0.430243,0.569392
5.845,1,0.430213,0.569392
5.85,1,0.430187,0.569392
5.855,1,0.430165,0.569392
5.86,1,0.430147,0.569392
5.865,1,0.430131,0.569392
5.87,1,0.43012,0.569392
5.875,1,0.430112,0.569392
5.88,1,0.430107,0.569392
5.885,1,0.430106,0.569392
5.89,1,0.430108,0.569392
5.895,1,0.430113,0.569392
5.9,1,0.430122,0.569392
5.905,1,0.430135,0.569878
5.91,1,0.43015,0.569878
5.915,1,0.43017,0.569878
5.92,1,0.430192,0.569878
5.925,1,0.430218,0.569878
5.93,1,0.430247,0.569878
5.935,1,0.43028,0.569878
5.94,1,0.430316,0.569878
5.945,1,0.430355,0.569878
5.95,1,0.430397,0.569878
5.955,1,0.430443,0.569878
5.96,1,0.430492,0.569878
5.965,1,0.430544,0.569878
5.97,1,0.4306,0.569878
5.975,1,0.430658,0.569878
5.98,1,0.43072,0.569878
5.985,1,0.430785,0.569878
5.99,1,0.430853,0.569878
5.995,1,0.430924,0.569878
6,1,0.430998,0.569878
6.005,1,0.431075,0.569002
6.01,1,0.431156,0.569002
6.015,1,0.431239,0.569002
6.02,1,0.431325,0.569002
6.025,1,0.431415,0.569002
6.03,1,0.431507,0.569002
6.035,1,0.431603,0.569002
6.04,1,0.431701,0.569002
6.045,1,0.431803,0.569002
6.05,1,0.431907,0.569002
6.055,1,0.432014,0.569002
6.06,1,0.432125,0.569002
6.065,1,0.432238,0.569002
6.07,1,0.432354,0.569002
6.075,1,0.432472,0.569002
6.08,1,0.432594,0.569002
6.085,1,0.432718,0.569002
6.09,1,0.432846,0.569002
6.095,1,0.432976,0.569002
6.1,1,0.433108,0.569002
6.105,1,0.433244,0.566892
6.11,1,0.433382,0.566892
6.115,1,0.433523,0.566892
6.12,1,0.433667,0.566892
6.125,1,0.433813,0.566892
6.13,1,0.433962,0.566892
6.135,1,0.434113,0.566892
6.14,1,0.434268,0.566892
6.145,1,0.434424,0.566892
6.15,1,0.434584,0.566892
6.155,1,0.434745,0.566892
6.16,1,0.43491,0.566892
6.165,1,0.435077,0.566892
6.17,1,0.435246,0.566892
6.175,1,0.435418,0.566892
6.18,1,0.435593,0.566892
6.185,1,0.435769,0.566892
6.19,1,0.435949,0.566892
6.195,1,0.43613,0.566892
6.2,1,0.436314,0.566892
6.205,1,0.436501,0.563686
6.21,1,0.43669,0.563686
6.215,1,0.436881,0.563686
6.22,1,0.437074,0.563686
6.225,1,0.43727,0.563686
6.23,1,0.437468,0.563686
6.235,1,0.437668,0.563686
6.24,1,0.437871,0.563686
6.245,1,0.438075,0.563686
6.25,1,0.438282,0.563686
6.255,1,0.438491,0.563686
6.26,1,0.438702,0.563686
6.265,1,0.438915,0.563686
6.27,1,0.439131,0.563686
6.275,1,0.439348,0.563686
6.28,1,0.439568,0.563686
6.285,1,0.43979,0.563686
6.29,1,0.440013,0.563686
6.295,1,0.440239,0.563686
6.3,1,0.440467,0.563686
6.305,1,0.440697,0.559533
6.31,1,0.440929,0.559533
6.315,1,0.441162,0.559533
6.32,1,0.441398,0.559533
6.325,1,0.441635,0.559533
6.33,1,0.441874,0.559533
6.335,1,0.442116,0.559533
6.34,1,0.442359,0.559533
6.345,1,0.442603,0.559533
6.35,1,0.44285,0.559533
6.355,1,0.443098,0.559533
6.36,1,0.443348,0.559533
6.365,1,0.4436,0.559533
6.37,1,0.443854,0.559533
6.375,1,0.444109,0.559533
6.38,1,0.444366,0.559533
6.385,1,0.444625,0.559533
6.39,1,0.444885,0.559533
6.395,1,0.445147,0.559533
6.4,1,0.445411,0.559533
6.405,1,0.445676,0.554589
6.41,1,0.445943,0.554589
6.415,1,0.446212,0.554589
6.42,1,0.446482,0.554589
6.425,1,0.446753,0.554589
6.43,1,0.447026,0.554589
6.435,1,0.4473,0.554589
6.44,1,0.447575,0.554589
6.445,1,0.447852,0.554589
6.45,1,0.448131,0.554589
6.455,1,0.448411,0.554589
6.46,1,0.448692,0.554589
6.465,1,0.448975,0.554589
6.47,1,0.449259,0.554589
6.475,1,0.449544,0.554589
6.48,1,0.44983,0.554589
6.485,1,0.450118,0.554589
6.49,1,0.450407,0.554589
6.495,1,0.450698,0.554589
6.5,1,0.45099,0.554589
6.505,1,0.451283,0.54901
6.51,1,0.451577,0.54901
6.515,1,0.451872,0.54901
6.52,1,0.452168,0.54901
6.525,1,0.452465,0.54901
6.53,1,0.452764,0.54901
6.535,1,0.453063,0.54901
6.54,1,0.453364,0.54901
6.545,1,0.453665,0.54901
6.55,1,0.453968,0.54901
6.555,1,0.454271,0.54901
6.56,1,0.454576,0.54901
6.565,1,0.454881,0.54901
6.57,1,0.455188,0.54901
6.575,1,0.455495,0.54901
6.58,1,0.455803,0.54901
6.585,1,0.456113,0.54901
6.59,1,0.456423,0.54901
6.595,1,0.456734,0.54901
6.6,1,0.457046,0.54901
6.605,1,0.457359,0.542954
6.61,1,0.457672,0.542954
6.615,1,0.457986,0.542954
6.62,1,0.458301,0.542954
6.625,1,0.458617,0.542954
6.63,1,0.458933,0.542954
6.635,1,0.45925,0.542954
6.64,1,0.459568,0.542954
6.645,1,0.459886,0.542954
6.65,1,0.460205,0.542954
6.655,1,0.460525,0.542954
6.66,1,0.460845,0.542954
6.665,1,0.461166,0.542954
6.67,1,0.461487,0.542954
6.675,1,0.461809,0.542954
6.68,1,0.462131,0.542954
6.685,1,0.462454,0.542954
6.69,1,0.462778,0.542954
6.695,1,0.463102,0.542954
6.7,1,0.463427,0.542954
6.705,1,0.463752,0.536573
6.71,1,0.464077,0.536573
6.715,1,0.464403,0.536573
6.72,1,0.464729,0.536573
6.725,1,0.465056,0.536573
6.73,1,0.465383,0.536573
6.735,1,0.46571,0.536573
6.74,1,0.466037,0.536573
6.745,1,0.466365,0.536573
6.75,1,0.466693,0.536573
6.755,1,0.467021,0.536573
6.76,1,0.467349,0.536573
6.765,1,0.467678,0.536573
6.77,1,0.468007,0.536573
6.775,1,0.468336,0.536573
6.78,1,0.468666,0.536573
6.785,1,0.468995,0.536573
6.79,1,0.469325,0.536573
6.795,1,0.469655,0.536573
6.8,1,0.469985,0.536573
6.805,1,0.470316,0.530015
6.81,1,0.470646,0.530015
6.815,1,0.470976,0.530015
6.82,1,0.471307,0.530015
6.825,1,0.471637,0.530015
6.83,1,0.471967,0.530015
6.835,1,0.472297,0.530015
6.84,1,0.472628,0.530015
6.845,1,0.472958,0.530015
6.85,1,0.473288,0.530015
6.855,1,0.473618,0.530015
6.86,1,0.473948,0.530015
6.865,1,0.474277,0.530015
6.87,1,0.474607,0.530015
6.875,1,0.474937,0.530015
6.88,1,0.475266,0.530015
6.885,1,0.475596,0.530015
6.89,1,0.475925,0.530015
6.895,1,0.476254,0.530015
6.9,1,0.476583,0.530015
6.905,1,0.476912,0.523417
6.91,1,0.477241,0.523417
6.915,1,0.477569,0.523417
6.92,1,0.477897,0.523417
6.925,1,0.478224,0.523417
6.93,1,0.478551,0.523417
6.935,1,0.478878,0.523417
6.94,1,0.479205,0.523417
6.945,1,0.479531,0.523417
6.95,1,0.479857,0.523417
6.955,1,0.480182,0.523417
6.96,1,0.480507,0.523417
6.965,1,0.480832,0.523417
6.97,1,0.481156,0.523417
6.975,1,0.48148,0.523417
6.98,1,0.481803,0.523417
6.985,1,0.482126,0.523417
6.99,1,0.482449,0.523417
6.995,1,0.482771,0.523417
7,1,0.483093,0.523417
7.005,1,0.483414,0.516907
7.01,1,0.483734,0.516907
7.015,1,0.484055,0.516907
7.02,1,0.484374,0.516907
7.025,1,0.484693,0.516907
7.03,1,0.485011,0.516907
7.035,1,0.485328,0.516907
7.04,1,0.485645,0.516907
7.045,1,0.485962,0.516907
7.05,1,0.486277,0.516907
7.055,1,0.486592,0.516907
7.06,1,0.486907,0.516907
7.065,1,0.48722,0.516907
7.07,1,0.487533,0.516907
7.075,1,0.487846,0.516907
7.08,1,0.488157,0.516907
7.085,1,0.488468,0.516907
7.09,1,0.488779,0.516907
7.095,1,0.489088,0.516907
7.1,1,0.489397,0.516907
7.105,1,0.489705,0.510603
7.11,1,0.490013,0.510603
7.115,1,0.490319,0.510603
7.12,1,0.490625,0.510603
7.125,1,0.49093,0.510603
7.13,1,0.491233,0.510603
7.135,1,0.491536,0.510603
7.14,1,0.491839,0.510603
7.145,1,0.49214,0.510603
7.15,1,0.49244,0.510603
7.155,1,0.49274,0.510603
7.16,1,0.493038,0.510603
7.165,1,0.493336,0.510603
7.17,1,0.493633,0.510603
7.175,1,0.493929,0.510603
7.18,1,0.494224,0.510603
7.185,1,0.494518,0.510603
7.19,1,0.494811,0.510603
7.195,1,0.495103,0.510603
7.2,1,0.495394,0.510603
7.205,1,0.495685,0.504606
7.21,1,0.495974,0.504606
7.215,1,0.496262,0.504606
7.22,1,0.496549,0.504606
7.225,1,0.496835,0.504606
7.23,1,0.49712,0.504606
7.235,1,0.497404,0.504606
7.24,1,0.497687,0.504606
7.245,1,0.497969,0.504606
7.25,1,0.498249,0.504606
7.255,1,0.498529,0.504606
7.26,1,0.498807,0.504606
7.265,1,0.499085,0.504606
7.27,1,0.499361,0.504606
7.275,1,0.499636,0.504606
7.28,1,0.49991,0.504606
7.285,1,0.500183,0.504606
7.29,1,0.500455,0.504606
7.295,1,0.500726,0.504606
7.3,1,0.500995,0.504606
7.305,1,0.501264,0.499005
7.31,1,0.501531,0.499005
7.315,1,0.501797,0.499005
7.32,1,0.502062,0.499005
7.325,1,0.502325,0.499005
7.33,1,0.502588,0.499005
7.335,1,0.502848,0.499005
7.34,1,0.503108,0.499005
7.345,1,0.503367,0.499005
7.35,1,0.503624,0.499005
7.355,1,0.50388,0.499005
7.36,1,0.504134,0.499005
7.365,1,0.504388,0.499005
7.37,1,0.50464,0.499005
7.375,1,0.504891,0.499005
7.38,1,0.50514,0.499005
7.385,1,0.505389,0.499005
7.39,1,0.505636,0.499005
7.395,1,0.505882,0.499005
7.4,1,0.506126,0.499005
7.405,1,0.50637,0.493874
7.41,1,0.506611,0.493874
7.415,1,0.506852,0.493874
7.42,1,0.507091,0.493874
7.425,1,0.507329,0.493874
7.43,1,0.507565,0.493874
7.435,1,0.5078,0.493874
7.44,1,0.508034,0.493874
7.445,1,0.508266,0.493874
7.45,1,0.508496,0.493874
7.455,1,0.508726,0.493874
7.46,1,0.508954,0.493874
7.465,1,0.50918,0.493874
7.47,1,0.509406,0.493874
7.475,1,0.509629,0.493874
7.48,1,0.509852,0.493874
7.485,1,0.510073,0.493874
7.49,1,0.510293,0.493874
7.495,1,0.510511,0.493874
7.5,1,0.510728,0.493874
7.505,1,0.510943,0.489272
7.51,1,0.511157,0.489272
7.515,1,0.51137,0.489272
7.52,1,0.511581,0.489272
7.525,1,0.51179,0.489272
7.53,1,0.511998,0.489272
7.535,1,0.512205,0.489272
7.54,1,0.51241,0.489272
7.545,1,0.512614,0.489272
7.55,1,0.512816,0.489272
7.555,1,0.513016,0.489272
7.56,1,0.513215,0.489272
7.565,1,0.513413,0.489272
7.57,1,0.513609,0.489272
7.575,1,0.513804,0.489272
7.58,1,0.513997,0.489272
7.585,1,0.514189,0.489272
7.59,1,0.514379,0.489272
7.595,1,0.514568,0.489272
7.6,1,0.514756,0.489272
7.605,1,0.514941,0.485244
7.61,1,0.515126,0.485244
7.615,1,0.515309,0.485244
7.62,1,0.51549,0.485244
7.625,1,0.515669,0.485244
7.63,1,0.515848,0.485244
7.635,1,0.516024,0.485244
7.64,1,0.516199,0.485244
7.645,1,0.516373,0.485244
7.65,1,0.516545,0.485244
7.655,1,0.516715,0.485244
7.66,1,0.516884,0.485244
7.665,1,0.517051,0.485244
7.67,1,0.517217,0.485244
7.675,1,0.517381,0.485244
7.68,1,0.517544,0.485244
7.685,1,0.517705,0.485244
7.69,1,0.517865,0.485244
7.695,1,0.518023,0.485244
7.7,1,0.51818,0.485244
7.705,1,0.518335,0.48182
7.71,1,0.518488,0.48182
7.715,1,0.51864,0.48182
7.72,1,0.518791,0.48182
7.725,1,0.51894,0.48182
7.73,1,0.519087,0.48182
7.735,1,0.519232,0.48182
7.74,1,0.519376,0.48182
7.745,1,0.519519,0.48182
7.75,1,0.51966,0.48182
7.755,1,0.519799,0.48182
7.76,1,0.519937,0.48182
7.765,1,0.520073,0.48182
7.77,1,0.520208,0.48182
7.775,1,0.520341,0.48182
7.78,1,0.520473,0.48182
7.785,1,0.520603,0.48182
7.79,1,0.520731,0.48182
7.795,1,0.520858,0.48182
7.8,1,0.520984,0.48182
7.805,1,0.521108,0.479016
7.81,1,0.52123,0.479016
7.815,1,0.521351,0.479016
7.82,1,0.52147,0.479016
7.825,1,0.521588,0.479016
7.83,1,0.521704,0.479016
7.835,1,0.521818,0.479016
7.84,1,0.521931,0.479016
7.845,1,0.522042,0.479016
7.85,1,0.522152,0.479016
7.855,1,0.52226,0.479016
7.86,1,0.522367,0.479016
7.865,1,0.522472,0.479016
7.87,1,0.522576,0.479016
7.875,1,0.522678,0.479016
7.88,1,0.522778,0.479016
7.885,1,0.522877,0.479016
7.89,1,0.522975,0.479016
7.895,1,0.523071,0.479016
7.9,1,0.523165,0.479016
7.905,1,0.523258,0.476835
7.91,1,0.523349,0.476835
7.915,1,0.523439,0.476835
7.92,1,0.523527,0.476835
7.925,1,0.523614,0.476835
7.93,1,0.523699,0.476835
7.935,1,0.523783,0.476835
7.94,1,0.523865,0.476835
7.945,1,0.523946,0.476835
7.95,1,0.524025,0.476835
7.955,1,0.524102,0.476835
7.96,1,0.524178,0.476835
7.965,1,0.524253,0.476835
7.97,1,0.524326,0.476835
7.975,1,0.524397,0.476835
7.98,1,0.524467,0.476835
7.985,1,0.524536,0.476835
7.99,1,0.524603,0.476835
7.995,1,0.524668,0.476835
8,1,0.524732,0.476835
8.005,1,0.524795,0.475268
8.01,1,0.524856,0.475268
8.015,1,0.524916,0.475268
8.02,1,0.524974,0.475268
8.025,1,0.52503,0.475268
8.03,1,0.525086,0.475268
8.035,1,0.525139,0.475268
8.04,1,0.525192,0.475268
8.045,1,0.525242,0.475268
8.05,1,0.525292,0.475268
8.055,1,0.525339,0.475268
8.06,1,0.525386,0.475268
8.065,1,0.525431,0.475268
8.07,1,0.525474,0.475268
8.075,1,0.525516,0.475268
8.08,1,0.525557,0.475268
8.085,1,0.525596,0.475268
8.09,1,0.525634,0.475268
8.095,1,0.52567,0.475268
8.1,1,0.525705,0.475268
8.105,1,0.525739,0.474295
8.11,1,0.525771,0.474295
8.115,1,0.525802,0.474295
8.12,1,0.525831,0.474295
8.125,1,0.525859,0.474295
8.13,1,0.525886,0.474295
8.135,1,0.525911,0.474295
8.14,1,0.525935,0.474295
8.145,1,0.525957,0.474295
8.15,1,0.525978,0.474295
8.155,1,0.525998,0.474295
8.16,1,0.526016,0.474295
8.165,1,0.526033,0.474295
8.17,1,0.526048,0.474295
8.175,1,0.526063,0.474295
8.18,1,0.526075,0.474295
8.185,1,0.526087,0.474295
8.19,1,0.526097,0.474295
8.195,1,0.526106,0.474295
8.2,1,0.526114,0.474295
8.205,1,0.52612,0.473886
8.21,1,0.526125,0.473886
8.215,1,0.526128,0.473886
8.22,1,0.526131,0.473886
8.225,1,0.526132,0.473886
8.23,1,0.526132,0.473886
8.235,1,0.52613,0.473886
8.24,1,0.526127,0.473886
8.245,1,0.526123,0.473886
8.25,1,0.526118,0.473886
8.255,1,0.526111,0.473886
8.26,1,0.526103,0.473886
8.265,1,0.526094,0.473886
8.27,1,0.526083,0.473886
8.275,1,0.526072,0.473886
8.28,1,0.526059,0.473886
8.285,1,0.526045,0.473886
8.29,1,0.526029,0.473886
8.295,1,0.526013,0.473886
8.3,1,0.525995,0.473886
8.305,1,0.525976,0.474005
8.31,1,0.525956,0.474005
8.315,1,0.525934,0.474005
8.32,1,0.525912,0.474005
8.325,1,0.525888,0.474005
8.33,1,0.525863,0.474005
8.335,1,0.525837,0.474005
8.34,1,0.52581,0.474005
8.345,1,0.525781,0.474005
8.35,1,0.525752,0.474005
8.355,1,0.525721,0.474005
8.36,1,0.525689,0.474005
8.365,1,0.525656,0.474005
8.37,1,0.525622,0.474005
8.375,1,0.525587,0.474005
8.38,1,0.525551,0.474005
8.385,1,0.525513,0.474005
8.39,1,0.525475,0.474005
8.395,1,0.525435,0.474005
8.4,1,0.525394,0.474005
8.405,1,0.525352,0.474606
8.41,1,0.525309,0.474606
8.415,1,0.525265,0.474606
8.42,1,0.52522,0.474606
8.425,1,0.525174,0.474606
8.43,1,0.525127,0.474606
8.435,1,0.525079,0.474606
8.44,1,0.52503,0.474606
8.445,1,0.52498,0.474606
8.45,1,0.524928,0.474606
8.455,1,0.524876,0.474606
8.46,1,0.524823,0.474606
8.465,1,0.524769,0.474606
8.47,1,0.524713,0.474606
8.475,1,0.524657,0.474606
8.48,1,0.5246,0.474606
8.485,1,0.524542,0.474606
8.49,1,0.524482,0.474606
8.495,1,0.524422,0.474606
8.5,1,0.524361,0.474606
8.505,1,0.524299,0.475639
8.51,1,0.524236,0.475639
8.515,1,0.524172,0.475639
8.52,1,0.524107,0.475639
8.525,1,0.524042,0.475639
8.53,1,0.523975,0.475639
8.535,1,0.523908,0.475639
8.54,1,0.523839,0.475639
8.545,1,0.52377,0.475639
8.55,1,0.5237,0.475639
8.555,1,0.523629,0.475639
8.56,1,0.523557,0.475639
8.565,1,0.523484,0.475639
8.57,1,0.52341,0.475639
8.575,1,0.523336,0.475639
8.58,1,0.52326,0.475639
8.585,1,0.523184,0.475639
8.59,1,0.523107,0.475639
8.595,1,0.523029,0.475639
8.6,1,0.522951,0.475639
8.605,1,0.522871,0.477049
8.61,1,0.522791,0.477049
8.615,1,0.52271,0.477049
8.62,1,0.522628,0.477049
8.625,1,0.522546,0.477049
8.63,1,0.522462,0.477049
8.635,1,0.522378,0.477049
8.64,1,0.522293,0.477049
8.645,1,0.522208,0.477049
8.65,1,0.522122,0.477049
8.655,1,0.522035,0.477049
8.66,1,0.521947,0.477049
8.665,1,0.521858,0.477049
8.67,1,0.521769,0.477049
8.675,1,0.521679,0.477049
8.68,1,0.521589,0.477049
8.685,1,0.521498,0.477049
8.69,1,0.521406,0.477049
8.695,1,0.521313,0.477049
8.7,1,0.52122,0.477049
8.705,1,0.521126,0.47878
8.71,1,0.521031,0.47878
8.715,1,0.520936,0.47878
8.72,1,0.52084,0.47878
8.725,1,0.520743,0.47878
8.73,1,0.520646,0.47878
8.735,1,0.520549,0.47878
8.74,1,0.52045,0.47878
8.745,1,0.520352,0.47878
8.75,1,0.520252,0.47878
8.755,1,0.520152,0.47878
8.76,1,0.520052,0.47878
8.765,1,0.51995,0.47878
8.77,1,0.519849,0.47878
8.775,1,0.519746,0.47878
8.78,1,0.519643,0.47878
8.785,1,0.51954,0.47878
8.79,1,0.519436,0.47878
8.795,1,0.519332,0.47878
8.8,1,0.519227,0.47878
8.805,1,0.519121,0.480773
8.81,1,0.519015,0.480773
8.815,1,0.518909,0.480773
8.82,1,0.518802,0.480773
8.825,1,0.518694,0.480773
8.83,1,0.518586,0.480773
8.835,1,0.518478,0.480773
8.84,1,0.518369,0.480773
8.845,1,0.51826,0.480773
8.85,1,0.51815,0.480773
8.855,1,0.51804,0.480773
8.86,1,0.51793,0.480773
8.865,1,0.517819,0.480773
8.87,1,0.517707,0.480773
8.875,1,0.517595,0.480773
8.88,1,0.517483,0.480773
8.885,1,0.517371,0.480773
8.89,1,0.517258,0.480773
8.895,1,0.517144,0.480773
8.9,1,0.51703,0.480773
8.905,1,0.516916,0.48297
8.91,1,0.516802,0.48297
8.915,1,0.516687,0.48297
8.92,1,0.516572,0.48297
8.925,1,0.516456,0.48297
8.93,1,0.51634,0.48297
8.935,1,0.516224,0.48297
8.94,1,0.516108,0.48297
8.945,1,0.515991,0.48297
8.95,1,0.515874,0.48297
8.955,1,0.515757,0.48297
8.96,1,0.515639,0.48297
8.965,1,0.515522,0.48297
8.97,1,0.515403,0.48297
8.975,1,0.515285,0.48297
8.98,1,0.515166,0.48297
8.985,1,0.515047,0.48297
8.99,1,0.514928,0.48297
8.995,1,0.514809,0.48297
9,1,0.514689,0.48297
9.005,1,0.514569,0.485311
9.01,1,0.514449,0.485311
9.015,1,0.514329,0.485311
9.02,1,0.514208,0.485311
9.025,1,0.514087,0.485311
9.03,1,0.513967,0.485311
9.035,1,0.513846,0.485311
9.04,1,0.513724,0.485311
9.045,1,0.513603,0.485311
9.05,1,0.513481,0.485311
9.055,1,0.51336,0.485311
9.06,1,0.513238,0.485311
9.065,1,0.513116,0.485311
9.07,1,0.512994,0.485311
9.075,1,0.512872,0.485311
9.08,1,0.512749,0.485311
9.085,1,0.512627,0.485311
9.09,1,0.512504,0.485311
9.095,1,0.512381,0.485311
9.1,1,0.512258,0.485311
9.105,1,0.512135,0.487742
9.11,1,0.512012,0.487742
9.115,1,0.511889,0.487742
9.12,1,0.511766,0.487742
9.125,1,0.511643,0.487742
9.13,1,0.51152,0.487742
9.135,1,0.511396,0.487742
9.14,1,0.511273,0.487742
9.145,1,0.51115,0.487742
9.15,1,0.511026,0.487742
9.155,1,0.510903,0.487742
9.16,1,0.51078,0.487742
9.165,1,0.510656,0.487742
9.17,1,0.510533,0.487742
9.175,1,0.510409,0.487742
9.18,1,0.510286,0.487742
9.185,1,0.510162,0.487742
9.19,1,0.510039,0.487742
9.195,1,0.509915,0.487742
9.2,1,0.509792,0.487742
9.205,1,0.509668,0.490208
9.21,1,0.509545,0.490208
9.215,1,0.509422,0.490208
9.22,1,0.509298,0.490208
9.225,1,0.509175,0.490208
9.23,1,0.509052,0.490208
9.235,1,0.508929,0.490208
9.24,1,0.508806,0.490208
9.245,1,0.508683,0.490208
9.25,1,0.50856,0.490208
9.255,1,0.508438,0.490208
9.26,1,0.508315,0.490208
9.265,1,0.508193,0.490208
9.27,1,0.50807,0.490208
9.275,1,0.507948,0.490208
9.28,1,0.507826,0.490208
9.285,1,0.507704,0.490208
9.29,1,0.507582,0.490208
9.295,1,0.50746,0.490208
9.3,1,0.507339,0.490208
9.305,1,0.507217,0.492661
9.31,1,0.507096,0.492661
9.315,1,0.506974,0.492661
9.32,1,0.506853,0.492661
9.325,1,0.506733,0.492661
9.33,1,0.506612,0.492661
9.335,1,0.506491,0.492661
9.34,1,0.506371,0.492661
9.345,1,0.506251,0.492661
9.35,1,0.506131,0.492661
9.355,1,0.506012,0.492661
9.36,1,0.505892,0.492661
9.365,1,0.505773,0.492661
9.37,1,0.505654,0.492661
9.375,1,0.505535,0.492661
9.38,1,0.505417,0.492661
9.385,1,0.505298,0.492661
9.39,1,0.50518,0.492661
9.395,1,0.505062,0.492661
9.4,1,0.504944,0.492661
9.405,1,0.504827,0.495056
9.41,1,0.504709,0.495056
9.415,1,0.504593,0.495056
9.42,1,0.504476,0.495056
9.425,1,0.504359,0.495056
9.43,1,0.504243,0.495056
9.435,1,0.504128,0.495056
9.44,1,0.504012,0.495056
9.445,1,0.503897,0.495056
9.45,1,0.503782,0.495056
9.455,1,0.503667,0.495056
9.46,1,0.503553,0.495056
9.465,1,0.503439,0.495056
9.47,1,0.503325,0.495056
9.475,1,0.503212,0.495056
9.48,1,0.503099,0.495056
9.485,1,0.502986,0.495056
9.49,1,0.502873,0.495056
9.495,1,0.502761,0.495056
9.5,1,0.502649,0.495056
9.505,1,0.502538,0.497351
9.51,1,0.502427,0.497351
9.515,1,0.502316,0.497351
9.52,1,0.502205,0.497351
9.525,1,0.502095,0.497351
9.53,1,0.501985,0.497351
9.535,1,0.501876,0.497351
9.54,1,0.501767,0.497351
9.545,1,0.501659,0.497351
9.55,1,0.50155,0.497351
9.555,1,0.501443,0.497351
9.56,1,0.501335,0.497351
9.565,1,0.501228,0.497351
9.57,1,0.501121,0.497351
9.575,1,0.501015,0.497351
9.58,1,0.500909,0.497351
9.585,1,0.500804,0.497351
9.59,1,0.500698,0.497351
9.595,1,0.500594,0.497351
9.6,1,0.500489,0.497351
9.605,1,0.500385,0.499511
9.61,1,0.500282,0.499511
9.615,1,0.500179,0.499511
9.62,1,0.500076,0.499511
9.625,1,0.499974,0.499511
9.63,1,0.499872,0.499511
9.635,1,0.499771,0.499511
9.64,1,0.49967,0.499511
9.645,1,0.499569,0.499511
9.65,1,0.499469,0.499511
9.655,1,0.49937,0.499511
9.66,1,0.499271,0.499511
9.665,1,0.499172,0.499511
9.67,1,0.499074,0.499511
9.675,1,0.498976,0.499511
9.68,1,0.498879,0.499511
9.685,1,0.498782,0.499511
9.69,1,0.498685,0.499511
9.695,1,0.498589,0.499511
9.7,1,0.498494,0.499511
9.705,1,0.498399,0.501506
9.71,1,0.498304,0.501506
9.715,1,0.49821,0.501506
9.72,1,0.498117,0.501506
9.725,1,0.498024,0.501506
9.73,1,0.497931,0.501506
9.735,1,0.497839,0.501506
9.74,1,0.497747,0.501506
9.745,1,0.497656,0.501506
9.75,1,0.497566,0.501506
9.755,1,0.497476,0.501506
9.76,1,0.497386,0.501506
9.765,1,0.497297,0.501506
9.77,1,0.497209,0.501506
9.775,1,0.497121,0.501506
9.78,1,0.497033,0.501506
9.785,1,0.496946,0.501506
9.79,1,0.496859,0.501506
9.795,1,0.496773,0.501506
9.8,1,0.496688,0.501506
9.805,1,0.496603,0.503312
9.81,1,0.496518,0.503312
9.815,1,0.496434,0.503312
9.82,1,0.496351,0.503312
9.825,1,0.496268,0.503312
9.83,1,0.496186,0.503312
9.835,1,0.496104,0.503312
9.84,1,0.496023,0.503312
9.845,1,0.495942,0.503312
9.85,1,0.495862,0.503312
9.855,1,0.495782,0.503312
9.86,1,0.495703,0.503312
9.865,1,0.495625,0.503312
9.87,1,0.495547,0.503312
9.875,1,0.495469,0.503312
9.88,1,0.495392,0.503312
9.885,1,0.495316,0.503312
9.89,1,0.49524,0.503312
9.895,1,0.495165,0.503312
9.9,1,0.49509,0.503312
9.905,1,0.495016,0.50491
9.91,1,0.494942,0.50491
9.915,1,0.494869,0.50491
9.92,1,0.494797,0.50491
9.925,1,0.494725,0.50491
9.93,1,0.494653,0.50491
9.935,1,0.494583,0.50491
9.94,1,0.494512,0.50491
9.945,1,0.494443,0.50491
9.95,1,0.494374,0.50491
9.955,1,0.494305,0.50491
9.96,1,0.494237,0.50491
9.965,1,0.49417,0.50491
9.97,1,0.494103,0.50491
9.975,1,0.494037,0.50491
9.98,1,0.493971,0.50491
9.985,1,0.493906,0.50491
9.99,1,0.493841,0.50491
9.995,1,0.493777,0.50491
